Included_ID,Record_ID,Title,Year,Venue,DOI,Source_DB,Evidence_Basis,Study_Type,Domain_U,Domain_T,Domain_I,Domain_O,Domains_Count,Domains_List,Primary_Determinants,Key_Finding,U_Examples,T_Examples,I_Examples,O_Examples
I001,R0647,Testing health information technology tools to facilitate health insurance support: a protocol for an effectiveness-implementation hybrid randomized trial.,2015,Implementation science : IS,10.1186/s13012-015-0311-4,PubMed,fulltext,Mixed-methods,Y,Y,Y,Y,4,"U, T, I, O",Training and facilitation support; workflow integration; staff acceptance and usability; organizational readiness; EHR infrastructure and interoperability,A hybrid effectiveness-implementation trial comparing basic versus enhanced training and facilitation strategies for deploying health insurance support HIT tools in community health centers to improve insurance coverage continuity and cancer screening rates.,Staff acceptance and use; clinic workflow fit; training materials and interactive training; usability assessment via user-centered design,EHR-based panel management system; data aggregator to identify eligible patients; integrated pop-up alerts and registry systems; Epic© infrastructure across OCHIN network,"Medicaid expansion policy context; state-level variation (Oregon, California, Ohio); regulatory approval via IRB; alignment with Meaningful Use and quality reporting standards (NQF, HEDIS®, MACS)",Practice facilitation; interactive training vs. self-directed training; leadership engagement; clinic workflow redesign; implementation support strategies comparing two arms
I002,R0153,Towards lifetime electronic health record implementation.,2015,Studies in health technology and informatics,,PubMed,abstract,Literature review,Y,Y,Y,Y,4,"U, T, I, O",Culture; Regulation; Informational self-determination; ICT infrastructure; Standards; Incentives; Compliance,"Culture, regulation, informational self-determination, incentives, compliance, ICT infrastructure, and standards are critical preconditions for successful lifetime EHR implementation across organizational and system levels.",Culture; informational self-determination,ICT infrastructure; standards,Regulation; incentives; compliance; informational self-determination,Implementation factors for integrated care delivery
I003,R0287,Cultural Influence on Adoption and Use of e-Health: Evidence in Bangladesh.,2015,Telemedicine journal and e-health : the official journal of the American Telemedicine Association,10.1089/tmj.2014.0128,PubMed,abstract,Survey/cross-sectional,Y,,Y,Y,3,"U, I, O","Cultural dimensions (Power Distance, Masculinity, Restraint); Perceived Usefulness; Perceived Ease of Use; Intention to Use","Cultural dimensions—particularly Power Distance, Masculinity, and Restraint—significantly influence e-health adoption intention in Bangladesh hospitals, whereas Perceived Usefulness is a stronger predictor than Perceived Ease of Use.","Power Distance, Masculinity, Restraint, Perceived Usefulness, Perceived Ease of Use, Intention to Use",,"Policy development, government and organizational strategy for e-health services","Hospital adoption decisions, organizational e-health implementation"
I004,R1490,Implementation of a cloud-based electronic medical record for maternal and child health in rural Kenya.,2015,International journal of medical informatics,10.1016/j.ijmedinf.2015.01.005,PubMed,abstract,Case study,,Y,,Y,2,"T, O",Cloud-based infrastructure; EMR-based data verification mechanism; Data management protocols; Patient confidentiality safeguards,Cloud-based EMR implementation with automated data verification improved antenatal record completeness by 42.9% but revealed low overall screening rates in the maternal health setting.,,Cloud-based system; EMR-based data verification; Data completeness mechanisms; Health information sharing between outpatient and hospital,,Implementation in maternal and child health outpatient setting; Data management and patient confidentiality considerations; Project execution (April–June 2013)
I005,R1488,Modeling antecedents of electronic medical record system implementation success in low-resource setting hospitals.,2015,BMC medical informatics and decision making,10.1186/s12911-015-0192-0,PubMed,fulltext,Survey/cross-sectional,Y,Y,,Y,3,"U, T, O",System quality; Information quality; Service quality; Computer literacy; User satisfaction,"System, information, and service quality significantly influence EMR use and user satisfaction in low-resource settings, with computer literacy mediating the relationship between service quality and both EMR use and user satisfaction.",Computer literacy; user-friendliness; ease of use; user satisfaction; digital skills training,System quality; information quality; system reliability; response time; data accuracy; report format,,Service quality support; technical support infrastructure; computer training provision; system implementation strategy
I006,R0368,EHR System MojTermin: Implementation and Initial Data Analysis.,2015,Studies in health technology and informatics,,PubMed,abstract,Case study,,Y,Y,Y,3,"T, I, O",Socio-cultural phenomena; governance structures; national-level policy optimization; system evolution from appointment engine to full e-health platform,MojTermin's national implementation revealed socio-cultural factors that prompted governance changes to optimize resource allocation and healthcare quality.,,System architecture evolution; national e-health platform integration,Governance changes; healthcare policy improvement; national-level regulatory adaptation,Implementation strategy; resource optimization; quality improvement initiatives
I007,R0291,EHR adoption among ambulatory care teams.,2015,The American journal of managed care,,PubMed,abstract,Survey/cross-sectional,Y,Y,,Y,3,"U, T, O",Workforce composition (APP employment); practice size; care setting; practice specialty; ownership structure,Practices employing nurse practitioners or physician assistants were 9–12% more likely to adopt EHRs with advanced functionalities compared to practices without APP staff.,Workforce readiness through APP employment; team-based care capacity,EHR adoption rates; advanced EHR functionalities implementation,,Practice size; ownership type; geographic region; practice specialty; organizational structure
I008,R0353,The journey through grief: insights from a qualitative study of electronic health record implementation.,2015,Health services research,10.1111/1475-6773.12227,PubMed,abstract,Qualitative study,Y,,,Y,2,"U, O",Physician acceptance and change readiness; Loss and grief response to EHR adoption; Change management framework alignment; Organizational leadership approach to transition,"Conceptualizing EHR adoption through the lens of grief and loss, combined with structured change management, can facilitate physician acceptance and effective implementation.",Physician adoption barriers; change readiness; emotional resistance to new technology,,,Change management strategy; organizational orientation to implementation; deployment strategies; leadership approach to supporting physician transition
I009,R0107,Challenges and Hurdles of eHealth Implementation in Developing Countries.,2015,Studies in health technology and informatics,,PubMed,abstract,Survey/cross-sectional,Y,Y,Y,,3,"U, T, I",Cultural and educational barriers; Economic support and funding; Government training policies; Messaging and terminology standards; Long-term policy commitment,"Cultural and educational challenges (95%) are the primary barrier to eHealth implementation in developing countries, followed by economic resources and sustained policy commitment.",Cultural and educational problems; training policies; digital literacy barriers,Terminology standards; messaging standards (HL7/similar); technical infrastructure,Government economic support policies; long-term eHealth policies; regulatory frameworks,
I010,R1441,"Implementation of electronic medical records requires more than new software: Lessons on integrating and managing health technologies from Mbarara, Uganda.",2015,"Healthcare (Amsterdam, Netherlands)",10.1016/j.hjdsi.2015.08.006,PubMed,abstract,Case study,Y,Y,Y,Y,4,"U, T, I, O",Change management; stakeholder engagement; resource allocation; data quality; workflow integration,"EMR implementation success depends on organizational readiness, change management, and stakeholder engagement beyond technical infrastructure alone.",Staff acceptance; workflow fit; continuous stakeholder engagement,Software; hardware; system updates; data quality,Planning; governance; balancing research and service delivery needs,Change management; project planning; adaptability; leadership engagement; resource investment
I011,R1500,Top 10 Lessons Learned from Electronic Medical Record Implementation in a Large Academic Medical Center.,2015,Perspectives in health information management,,PubMed,abstract,Case study,Y,Y,,Y,3,"U, T, O",Leadership commitment; Training and support; Workflow adaptability; System flexibility; Change management,"Successful EMR implementation in large academic settings requires leadership flexibility, comprehensive training, ongoing support, and system adaptability to overcome organizational and individual barriers.",Training; support; workflow fit; staff acceptance,System flexibility; EMR configuration; technical elements,,Leadership; change management; initial approach; optimization; project execution
I012,R0310,Accelerated Adoption of Advanced Health Information Technology in Beacon Community Health Centers.,2015,Journal of the American Board of Family Medicine : JABFM,10.3122/jabfm.2015.05.150034,PubMed,abstract,Survey/cross-sectional,,Y,Y,Y,3,"T, I, O",Financial incentives; Technical assistance; Community-wide health information exchange activation; Organizational funding and resources,"Beacon communities with supplemental funding, technical assistance, and community-wide HIE activation achieved 1.7 times higher odds of adopting EHR safety and quality functionalities, though adoption of patient engagement and care coordination features lagged across all settings.",,Structured data capture; Order and results management; Clinical decision support; Health information exchange interoperability,HITECH Act mandate; Financial incentives layering; State and national programs; Community-wide policy activation,Supplemental funding allocation; Technical assistance provision; Community-wide coordination; Implementation strategy layering
I013,R1272,The effects of organizational contextual factors on physicians' attitude toward adoption of Electronic Medical Records.,2015,Journal of biomedical informatics,10.1016/j.jbi.2014.10.008,PubMed,abstract,Survey/cross-sectional,Y,,Y,Y,3,"U, I, O",Perceived usefulness; Perceived ease of use; Management support; Physician involvement; Physician autonomy; Doctor-patient relationship,"Organizational contextual factors including management support, physician involvement and autonomy, and doctor-patient relationship significantly influence physicians' attitudes toward EMR adoption, explaining 56% of adoption variance.",Perceived ease of use; Perceived usefulness; physician attitudes,,Doctor-patient relationship; health policy considerations,Management support; physician involvement; physician autonomy; organizational contextual factors
I014,R0342,A Framework of 'p'-Benefits in Health Information Technology Implementation.,2015,Studies in health technology and informatics,,PubMed,abstract,Framework/policy analysis,Y,,,Y,2,"U, O",User-technology fit; transition from paper to electronic systems; usability; workflow alignment,A framework of 'p'-benefits addresses the gap between users and technology during the transition from paper to electronic health systems.,User acceptance; usability evaluation; workflow fit; digital transition support,,,HIT design and evaluation; implementation strategy; change management for p-to-e transition
I015,R0631,Impact of the meaningful use incentive program on electronic health record adoption by US children's hospitals.,2015,Journal of the American Medical Informatics Association : JAMIA,10.1093/jamia/ocu045,PubMed,abstract,Survey/cross-sectional,,Y,Y,Y,3,"T, I, O",Meaningful use incentive program alignment with pediatric needs; commercial EHR capability gaps for pediatrics; hospital type and implementation priorities; regulatory/policy incentives misalignment with specialty requirements,"Pediatric EHR adoption is suboptimal due to meaningful use program incentives that do not address pediatric-specific features, causing some hospitals to delay or forgo pediatric-focused implementation.",,Pediatric-oriented feature adoption rates (37–87%); commercial EHR capability gaps for pediatric care,Meaningful use incentive program influence; regulatory program misalignment with pediatric priorities,Hospital type variation in implementation; implementation prioritization influenced by program requirements rather than clinical need
I016,R0163,Fear of e-Health records implementation?,2015,The Medico-legal journal,10.1177/0025817214540396,PubMed,abstract,Framework/policy analysis,Y,Y,Y,,3,"U, T, I",Technical barriers; Financial constraints; Social acceptance concerns; Data transfer interoperability; Clinical workflow integration,"EHR implementation presents multifaceted technical, financial, and social challenges that governments must address to realize potential benefits for health system coordination and information sharing.",Health provider and patient relationship concerns; Social acceptance barriers,Data transferability; Technical interoperability; System reliability,Government policy decisions; Health system regulation; Financial sustainability,
I017,R0315,A user needs assessment to inform health information exchange design and implementation.,2015,BMC medical informatics and decision making,10.1186/s12911-015-0207-x,PubMed,fulltext,Mixed-methods,Y,Y,Y,Y,4,"U, T, I, O","Physician workflow integration and time constraints; Technical barriers (accessibility, information visualization); Process complexity (13 steps, 6 decision points); Alerts and notifications design; Specificity of information requests","Pre-HIE needs assessment of hospitalists revealed that HIE adoption success depends on delivering right information at right time to right users, with designs addressing workflow integration, technical accessibility, and process simplification.",Physician time constraints barrier to use; Provider preference for alerts on information arrival; Satisfaction higher with follow-up phone calls; Digital literacy in specifying data needs,Poor accessibility and ineffective information visualization; Fax-based paper process; Need for scanning and EMR integration; System reliability for timely delivery,Federal incentives for HIE adoption since 2009; Policy context for care coordination; Teaching hospital setting with governance structure,Leadership buy-in (85% physicians believe HIE beneficial); Project management of request process; Change management from paper to electronic workflow; Resource allocation for medical records department
I018,R1319,Electronic medical record adoption in Oklahoma practices: rural-urban differences and the role of broadband availability.,2015,The Journal of rural health : official journal of the American Rural Health Association and the National Rural Health Care Association,10.1111/jrh.12086,PubMed,abstract,Survey/cross-sectional,Y,Y,Y,Y,4,"U, T, I, O",Practice location (rural vs urban); practice size/type (solo vs group); physician specialty; broadband availability; practice characteristics,"EMR adoption rates vary significantly between rural and urban practices by specialty and practice size, but broadband availability was not a significant determinant of adoption in Oklahoma.",Physician acceptance patterns by specialty and practice setting,Broadband availability and interoperability requirements,Policy implications for targeted adoption strategies by region and practice type,Practice size and organizational structure; solo vs group practice configurations
I019,R0157,Health information technology adoption in California community health centers.,2015,The American journal of managed care,,PubMed,fulltext,Survey/cross-sectional,Y,Y,Y,Y,4,"U, T, I, O","Multi-site organization status; Rural vs. urban location; Practice size (FTE); PCMH recognition; Federal/state funding and policy initiatives (HITECH, MU incentives)","EHR adoption is very high (80.3%) and nearly all use MU-certified systems in California CHCs, while HIE adoption is substantial (48.7%) but interoperability remains limited, with multi-site and rural CHCs showing significantly higher adoption rates.","Digital literacy and workflow integration implied in patient engagement capacity (21.6% PHR, 55.2% electronic visit summaries); staff and IT resource constraints noted from prior literature","Interoperability levels (54.7% receive data into EHR vs. view-only); data exchange partners (labs, pharmacies, hospitals); types of data exchanged (lab results, discharge summaries, radiology orders)","HITECH Act funding; Meaningful Use incentives; state programs (Tides Foundation, California Telehealth Network, Blue Shield Foundation, UnitedHealthcare grants); state-designated HIE with regional quality improvement support","Multi-site organization structure increases adoption odds (3× for EHR, 2.45× for electronic visit summaries); leadership/management capacity; federal and state investment in technology infrastructure for safety net"
I020,R1326,A Pharmacy Blueprint for Electronic Medical Record Implementation Success.,2015,Hospital pharmacy,10.1310/hpj5006-484,PubMed,abstract,Case study,Y,Y,,Y,3,"U, T, O",Workflow analysis; Clinical order set design; Bar-code scanning integration; Pharmacy staffing and training; Change management principles,"Systematic pharmacy-led planning, workflow redesign, and adherence to guiding principles for medication-related EMR implementation across multiple hospitals ensure successful adoption.",Pharmacy staff training; Workflow fit for medication processes; Pharmacy clinician acceptance,CPOE; eMAR; Bar-code scanning; Clinical decision support; Drug database configuration,,Leadership and guiding principles; Change management; Project management across 8 hospitals; Staffing strategy; Maintenance processes; Practice model impact
I021,R1388,Understanding key factors affecting electronic medical record implementation: a sociotechnical approach.,2015,BMC health services research,10.1186/s12913-015-0928-7,PubMed,fulltext,Case study,Y,Y,Y,Y,4,"U, T, I, O",User involvement and participation; organizational change management; stakeholder engagement; technical interoperability; leadership commitment,"Successful EMR implementation requires integrated attention to social and technical factors through Actor Network Theory lens, with critical importance of stakeholder involvement from initial phases, committed leadership, defined change roles, and assessment of system impacts to mobilize organizational consensus.","Clinician and staff acceptance; user participation in design; workflow fit; involvement of diverse roles (clinicians, nurses, managers)",System reliability; integration with existing hospital information systems; technical infrastructure; vendor system capabilities,Organizational policy; governance structures; strategic alignment with hospital objectives; Scottish Government submission requirements,"Change management approach; project objectives and resourcing; new role definition; leadership engagement (Medical Director, CIO, General Director); implementation strategy"
I022,R0348,Health information technology implementation - impacts and policy considerations: a comparison between Israel and Portugal.,2015,Israel journal of health policy research,10.1186/s13584-015-0040-9,PubMed,fulltext,Qualitative study,Y,Y,Y,Y,4,"U, T, I, O",Government role and timing of intervention; physician resistance to change; patient empowerment and access to health information; system interoperability standards; organizational leadership and change management,"Government involvement in earlier stages of ICT implementation can improve interoperability but may slow innovation due to bureaucracy, whereas private-sector-led adoption (Israel) enables faster innovation but risks fragmentation, while state-led approaches (Portugal) provide centralized control at the cost of delayed deployment.",Physician uptake barriers (resistance to change); patient empowerment through web-based medical information access; physician-patient relationship shifts; digital literacy needs,EMR implementation (100% Israeli physicians vs 93% Portuguese hospitals); Health Information Exchange (HIE) projects; interoperability between healthcare organizations; system integration challenges; private institutions isolated information-wise,National Health Insurance Law (Israel); tax-funded NHS (Portugal); government regulatory role; national eHealth policy development; government as main developer vs facilitator; decentralization vs centralized control tensions,Health plans as implementation drivers (Israel); Ministry of Health as main developer (Portugal); leadership importance for physician acceptance; organizational implementation process; national project governance
I023,R1164,Barriers to using eHealth data for clinical performance feedback in Malawi: A case study.,2015,International journal of medical informatics,10.1016/j.ijmedinf.2015.07.003,PubMed,fulltext,Qualitative study,Y,Y,Y,Y,4,"U, T, I, O",Provider rotations; Disruptions to care processes; User acceptance of eHealth; Performance indicator lifespan; Data quality challenges,"Four key barriers—provider rotations, care process disruptions, user acceptance, and performance indicator lifespan—limit the use of EMR data for individualized performance feedback in Malawi's ART clinics, requiring technology design to accommodate complex adaptive system dynamics.",User acceptance of eHealth; Healthcare provider behavior change; Feedback perception and acceptance,"EMR data quality; Data accuracy, timeliness, and completeness; Electronic medical record system functionality",National ART program governance; Ministry of Health supervision framework; Policy-supported clinical guideline implementation,Provider staffing and rotations; Clinic-level operational processes; Change management in complex adaptive systems
I024,R1349,Physicians' acceptance of electronic medical records exchange: an extension of the decomposed TPB model with institutional trust and perceived risk.,2015,International journal of medical informatics,10.1016/j.ijmedinf.2014.08.008,PubMed,abstract,Survey/cross-sectional,Y,,Y,,2,"U, I",Perceived usefulness; Perceived ease of use; Compatibility; Institutional trust; Perceived risk,"Institutional trust and perceived risk, integrated with decomposed TPB constructs (attitude, subjective norm, perceived behavioral control), significantly predict physicians' intentions to adopt EMR exchange systems.","Perceived usefulness, perceived ease of use, attitude, self-efficacy",,"Institutional trust, structural assurance, situational normality, governmental influence",
I025,R1589,Barriers and Facilitators of Health Information Exchange (HIE) Adoption in the United States,2015,2015 48th Hawaii International Conference on System Sciences,10.1109/HICSS.2015.356,IEEE,abstract,Systematic review,Y,Y,Y,Y,4,"U, T, I, O",Organizational barriers; End-user acceptance barriers; Policy/regulatory drivers (Meaningful Use); State-level variation; Data security/breach concerns,"HIE adoption in the US is driven by regulatory mandates but constrained by organizational, technical, and end-user barriers that vary significantly across states.",End-user adoption barriers and facilitators,Data exchange interoperability; system reliability,Meaningful Use stage II policy requirements; state-level variation,"Organizational barriers; coordination between healthcare organizations, vendors, and clinic staff"
I026,R1608,Digital imaging & electronic health record systems: Implementation and regulatory challenges faced by healthcare providers,2015,"2015 Long Island Systems, Applications and Technology",10.1109/LISAT.2015.7160179,IEEE,abstract,Case study,Y,Y,Y,Y,4,"U, T, I, O","Meaningful Use regulatory requirements; EHR-PACS-RIS interoperability; clinical workflow integration; standards maturity (DICOM, HL7, IHE); vendor product capabilities","Poor EHR integration with imaging systems complicates clinician workflows and reduces diagnostic value, requiring improved interoperability standards and vendor product design to meet Meaningful Use compliance.",Clinician workflow burden; diagnostic value reduction,"DICOM, HL7, IHE standards; PACS-RIS-EHR integration; image sharing capabilities; system interoperability",Meaningful Use requirements; Medicare/Medicaid EHR Incentive Programs; HIPAA compliance; government reporting mandates,EHR vendor and hospital implementation strategy; imaging center workflow redesign; IT staff infrastructure management
I027,R0401,National Health Models and the Adoption of E-Health and E-Prescribing in Primary Care - New Evidence from Europe.,2015,Journal of innovation in health informatics,10.14236/jhi.v22i4.97,PubMed,abstract,Scoping review,,Y,Y,,2,"T, I",National health model type (NHS vs SIS vs TC); health system governance structure; national policy framework for ePrescribing,"High ePrescribing adoption rates correlate strongly with NHS-model countries, particularly Nordic nations, while social insurance and transition-country models show lower adoption and technical implementation challenges.",,Electronic transmission of prescriptions; interoperability challenges in SIS countries and transition countries,"National health model (NHS, SIS, TC); government policy and national ePrescribing services; regulatory frameworks by country",
I028,R0793,End-user expectations during an electronic health record implementation: a case study in two academic hospitals.,2015,Studies in health technology and informatics,,PubMed,abstract,Mixed-methods,Y,Y,Y,Y,4,"U, T, I, O",Usability of EHR; alignment with work processes; training on new EHR; support during and after implementation; internal communication,"End-users identified 12 critical determinants for successful EHR implementation spanning usability, technical readiness, organizational support, and change management, with significant variation between legacy-system and paper-based sites regarding workflow knowledge and patient involvement.",Usability of EHR; training on new EHR; general IT skills; practice with new EHR,Availability of facilities; reuse of patient data,Patient involvement in decision making; learning from other centres,Alignment with work processes; support during implementation; support after implementation; internal communication
I029,R1545,"The implementation of clinician designed, human-centered electronic medical record viewer in the intensive care unit: a pilot step-wedge cluster randomized trial.",2015,International journal of medical informatics,10.1016/j.ijmedinf.2015.01.017,PubMed,abstract,Case study,Y,Y,,Y,3,"U, T, O",Clinician-centered design; user interface usability; workflow integration; acceptance and adoption,A clinician-designed EMR dashboard improved data gathering efficiency and reduced cognitive load during ICU clinical rounds.,Clinician acceptance; improved usability; reduced mental demand; better data presentation format,EMR interface design; data access efficiency; integration with existing EMR systems,,Pilot implementation approach; direct observation and survey measurement; step-wedge cluster design
I030,R0398,"Progress with electronic health record adoption among emergency and outpatient departments: United States, 2006-2011.",2015,NCHS data brief,,PubMed,abstract,Survey/cross-sectional,,,Y,,1,I,HITECH Act incentive payments; meaningful use certification requirements,HITECH Act incentives drove EHR adoption in US hospital emergency and outpatient departments between 2006–2011.,,,HITECH Act 2009; meaningful use incentives; federal policy mandate,
I031,R1596,A Cross-Country Comparison of Success Factor Priorities for Health Information Technology Managers: Evidence of Convergence in the Nordic Countries,2015,2015 48th Hawaii International Conference on System Sciences,10.1109/HICSS.2015.342,IEEE,abstract,Survey/cross-sectional,Y,Y,Y,Y,4,"U, T, I, O",IT manager priorities; implementation success factors; organizational readiness; technical and institutional alignment; cultural similarity,"IT managers across Nordic countries show high convergence in prioritizing HIT implementation success factors, suggesting internationally applicable recommendations are feasible.",Manager judgment on implementation factors; organizational readiness,Technical implementation success factors,Healthcare system policy; cultural context across countries,IT manager perspectives; implementation strategy priorities; organizational execution factors
I032,R0425,eHealth in Wound Care: from conception to implementation.,2015,Journal of wound care,10.12968/jowc.2015.24.Sup5.S1,PubMed,abstract,Framework/policy analysis,Y,Y,Y,Y,4,"U, T, I, O",Clinician job satisfaction; patient satisfaction; access to health services; implementation barriers and facilitators; organizational consultation and evaluation processes,"eHealth in wound care demonstrates patient satisfaction and improved access, but implementation requires clinician involvement, wide consultation, and regular outcome evaluation within a structured organizational framework.",Clinician job satisfaction; clinician involvement in solution design; patient satisfaction,eHealth application evaluation; telemedicine and telehealth technologies,Implementation barriers and facilitators; organizational policy for eHealth integration,Organizational consultation processes; implementation guidance; three-circle model for good implementation; change management within organization
I033,R1074,LEGAL AND ORGANIZATIONAL BARRIERS TO THE DEVELOPMENT OF eHEALTH IN FRANCE.,2015,Medicine and law,,PubMed,abstract,Framework/policy analysis,,,Y,Y,2,"I, O",Legal status of telemedicine; National legislation harmonization; Regulatory framework; State involvement; Financial incentives,"eHealth adoption in France is hindered by fragmented national legislation and rigid regulations, requiring European harmonization and policy reform to enable non-hospital-dependent projects.",,,Legal status of telemedicine; National legislation harmonization; European directives; Regulatory burden; Financial incentives shifting from cure to care,Cooperation protocols; Patient role recognition; Therapeutic education frameworks
I034,R0471,The Challenge of EHR Acceptance by Physicians.,2015,The Journal of medical practice management : MPM,,PubMed,abstract,Other,Y,,,Y,2,"U, O",Physician workflow disruption; Change management; Expectation setting; Process adaptation,Successful EHR adoption requires strong change management to address workflow disruption and set realistic expectations.,Physician acceptance; workflow fit; disruption impact,,,Change management; leadership strategy; implementation foundation
I035,R0252,"Electronic Health Record Adoption In US Hospitals: Progress Continues, But Challenges Persist.",2015,Health affairs (Project Hope),10.1377/hlthaff.2015.0992,PubMed,abstract,Survey/cross-sectional,Y,Y,Y,Y,4,"U, T, I, O",Financial costs; Physician cooperation; Meaningful-use complexity; Hospital size/rural status; Federal incentives/penalties,"US hospital EHR adoption reached 75% by 2014, but small and rural hospitals lag, with costs, physician resistance, and regulatory complexity as primary barriers.",Physician cooperation; workflow challenges,Health information exchange capability; core stage 2 meaningful-use criteria,Federal incentives converted to penalties; meaningful-use regulation,Up-front and ongoing costs; implementation complexity
I036,R0061,Adoption factors associated with electronic health record among long-term care facilities: a systematic review.,2015,BMJ open,10.1136/bmjopen-2014-006615,PubMed,fulltext,Systematic review,Y,Y,Y,Y,4,"U, T, I, O",Cost and financial resources; User perceptions and acceptance; Training and education programmes; Organizational leadership and change management; Technical interoperability and standards,"EHR adoption in long-term care facilities is facilitated by error reduction, quality improvements, and management support, but significantly hindered by implementation costs, user resistance, lack of technical infrastructure, and absence of industry standards.",User perceptions and understanding of EHR benefits; Training and learning programmes; Staff resistance to change; Staff age and digital literacy; User involvement in design and implementation,Lack of technical infrastructure; No industry standards; Lack of interoperability between systems; Technology and maintenance problems; System complexity; Integration with existing systems,HITECH Act incentives excluded LTC facilities; Federal and state policy initiatives; Anticipated regulations and competition pressures; Legal and regulatory barriers; Government financial incentives,Comprehensive implementation planning aligned with strategic plans; Management and staff support; Leadership presence and change agents; Cost and capital resources availability; Organizational size and structure (nonprofit vs for-profit)
I037,R1137,Health care provider perceptions of a query-based health information exchange: barriers and benefits.,2015,Journal of innovation in health informatics,10.14236/jhi.v22i2.135,PubMed,abstract,Survey/cross-sectional,Y,Y,Y,Y,4,"U, T, I, O",Cost of HIE access; Workflow integration and productivity loss; Clinical information availability (medication lists); Provider satisfaction with system functionality; Referral network communication benefits,"Cost and workflow disruption are major barriers to HIE adoption, while clinical information completeness and care improvement are key drivers of continued utilization.",Provider satisfaction (63%); workflow integration concerns; loss of productivity (36% barrier); digital literacy implications for adoption,Query-based HIE functionality; medication list access (69% priority); laboratory results availability; data completeness and system reliability,"State-wide HIE policy framework (Nebraska Health Information Initiative); incentives for adoption (improved patient care, referral network communication)",Implementation strategy for workflow integration; resource allocation for practice-level planning; change management for sustained utilization
I038,R1142,Progress in electronic medical record adoption in Canada.,2015,Canadian family physician Medecin de famille canadien,,PubMed,abstract,Scoping review,Y,Y,Y,Y,4,"U, T, I, O",Provincial incentives; User acceptance and perceived benefits; Technical interoperability; Financial and time constraints; Technical support availability,"Canadian EMR adoption increased from 20% to 62% between 2006–2013, but is limited by weak incentive effects, lack of interoperability across systems, and insufficient technical support.",Time savings; improved record keeping; patient safety; confidence in data; user training and support needs,Lack of interoperability with hospital and pharmacy systems; system reliability; incomplete software function use,Provincial incentives; varying regional policies; government and health authority support structures,Technical support personnel availability; implementation resources; transcription of paper records; project execution
I039,R1158,Investment subsidies and the adoption of electronic medical records in hospitals.,2015,Journal of health economics,10.1016/j.jhealeco.2015.10.001,PubMed,abstract,Cohort/observational,,,Y,Y,2,"I, O",Financial incentives (HITECH subsidies); Policy mandates; Adoption timing acceleration,"HITECH investment subsidies accelerated EMR adoption in independent hospitals by approximately 2 years, increasing the 2011 adoption rate by 10 percentage points (67% to 77%) at a marginal cost of $48 million per additional adopter.",,,Government financial incentives ($27 billion); Policy mandate (HITECH Act),Adoption rate trajectory; Hospital-level implementation timing
I040,R0395,A Model of Tradeoffs for Understanding Health Information Technology Implementation.,2015,Studies in health technology and informatics,,PubMed,abstract,Case study,Y,Y,,Y,3,"U, T, O",Workflow fit; work practice changes; unintended consequences; socio-technical tradeoffs; system design implications,Seven trade-off patterns between work practices and HIT implementation can proactively identify and manage unintended consequences.,Work practice adaptation; workflow disruption; usability fit,System design; perioperative information system integration,,Change management; implementation strategy; proactive consequence management
I041,R1298,Ranking the Meso Level Critical Factors of Electronic Medical Records Adoption Using Fuzzy Topsis Method.,2016,Current health sciences journal,10.12865/CHSJ.42.01.12,PubMed,fulltext,Survey/cross-sectional,Y,,,Y,2,"U, O",Personal characteristics and computer experience; Role/responsibility and task shift; Organizational culture and structure; Implementation project management and resource allocation; System-practice fit,Fuzzy TOPSIS ranking of meso-level factors reveals that implementation resources/training and organizational structure-processes are among the most critical determinants of EMR adoption in primary care physician practices.,Computer experience; personal time investment; champions and staff participation; role ambiguity and conflict,,,Organizational culture; structure and processes; project prioritization and devoted resources; service support during implementation; workflow design and HIS-practice fit
I042,R0254,Variation In Rural Health Information Technology Adoption And Use.,2016,Health affairs (Project Hope),10.1377/hlthaff.2015.0861,PubMed,abstract,Other,,,Y,Y,2,"I, O",Rural vs. urban provider context; meaningful-use attestation compliance; financial incentive structures,"Rural hospitals and physicians adopt HIT at similar rates to urban counterparts but show variable meaningful-use attestation and higher rates of skipping compliance years, creating financial disadvantage.",,,Meaningful-use requirements; financial incentive programs,Rural provider compliance patterns; attestation variability
I043,R0834,Teamwork and Electronic Health Record Implementation: A Case Study of Preserving Effective Communication and Mutual Trust in a Changing Environment.,2016,Journal of oncology practice,10.1200/JOP.2016.013649,PubMed,abstract,Case study,Y,Y,,Y,3,"U, T, O",Team communication and trust; EHR functionality gaps; training adequacy; pace of change; vendor-user collaboration,"EHR implementation eroded team trust and patient safety due to miscommunication caused by inaccurate assumptions about system functionality, despite prior organizational readiness.",Staff and clinician training; understanding of communication tool functionality; pace of change management,EHR communication tool functionality gaps; system reliability in care coordination,,Team-based culture; preparation and planning; vendor-user collaboration models; change management
I044,R0209,Disparities in Primary Care EHR Adoption Rates.,2016,Journal of health care for the poor and underserved,10.1353/hpu.2016.0016,PubMed,fulltext,Survey/cross-sectional,Y,,Y,Y,3,"U, I, O",Practice size; Practice type (CHCs vs RHCs); Payer mix (Medicaid vs private insurance); Federal funding/support structures; Workflow complexity,"EHR adoption disparities exist by practice type and payer mix, with rural health clinics and Medicaid-predominant practices having significantly lower adoption rates than large group practices and community health centers, despite both serving underserved populations.",Complex workflows in primary care; Limited technical assistance in smaller practices,,Federal grant funding for CHCs; Medicare reimbursement incentives; HITECH Act meaningful use criteria; REC program support,Practice size barriers; Financial constraints in small practices; Differential access to technical support and funding
I045,R1234,Barriers and facilitators to health information exchange in low- and middle-income country settings: a systematic review.,2016,Health policy and planning,10.1093/heapol/czw056,PubMed,abstract,Systematic review,Y,Y,Y,Y,4,"U, T, I, O",Leadership and policy direction; Financial support and infrastructure; Training and staff capacity; Data importance in decision-making culture; Local needs alignment,"Strong leadership, clear policy, financial support, staff training, and alignment with local needs are critical facilitators for HIE adoption in LMICs, while lack of data prioritization, corruption, insecurity, and poor infrastructure are major barriers.",Lack of training; staff capacity; stakeholder perception of relevance and advantage,"Poor infrastructure; communication network improvement; leapfrog technologies (telehealth, mHealth)",Clear policy direction; national priorities alignment; financial support mandates,Strong leadership; implementation strategy accounting for local needs; project management aligned with local context
I046,R0749,Mind the Gap. A systematic review to identify usability and safety challenges and practices during electronic health record implementation.,2016,Applied clinical informatics,10.4338/ACI-2016-06-R-0105,PubMed,abstract,Systematic review,Y,,Y,Y,3,"U, I, O",Clinical workflow and usability testing; Training; Governance and consensus building; Customization; Cost and resources; Risk assessment,"Six critical themes (workflow, training, governance, customization, cost, risk assessment) emerged as determinants of EHR implementation success, with significant gaps between literature evidence and stakeholder practices.",Usability testing; Clinical workflow integration; Training approaches; Staff acceptance practices,,Governance structures; Consensus building; Risk assessment frameworks; Regulatory/organizational policies,Cost and resource allocation; Customization strategies; Change management; Implementation practices and dissemination
I047,R1263,Overcoming barriers to implementing patient-reported outcomes in an electronic health record: a case report.,2016,Journal of the American Medical Informatics Association : JAMIA,10.1093/jamia/ocv085,PubMed,abstract,Case study,Y,Y,,Y,3,"U, T, O",Uncertain clinical benefit; Time and workflow constraints; Process automation; Usable system interfaces; Relevance and timing of data collection,"EHR-integrated patient-reported outcomes succeed when system designers ensure clinical relevance while minimizing provider, staff, and patient burden through automation and usable interfaces.",Provider and staff workflow fit; Patient burden and usability; Clinical acceptance and perceived utility,System integration with EHR; Process automation; Usable system interfaces,,System design decisions; Implementation strategy for data collection timing; Change management with clinical staff
I048,R0227,European Interoperability Assets Register and Quality Framework Implementation.,2016,Studies in health technology and informatics,,PubMed,abstract,Framework/policy analysis,Y,Y,Y,Y,4,"U, T, I, O",Quality framework for interoperability assets; Development process maturity; Trustworthiness; Support & skills; Sustainability; Semantic interoperability; Cost & effort of adoption; Maintenance,"A quality-in-use framework for eHealth interoperability assets covering development, maturity, trustworthiness, support, sustainability, semantic interoperability, cost, and maintenance was validated with end users, with 70% recommending the register and 50% reporting it would support adoption decisions.",Support & skills; Educational resources; End-user feedback on usability,Semantic interoperability; Standards; Specifications; Clinical models; Data exchange capabilities,Trustworthiness; Governance through European Institute for Innovation through Health Data; Sustainability framework,Development process; Maturity level assessment; Cost & effort of adoption; Maintenance; Implementation guides; Project management of asset register
I049,R1200,Key success factors behind electronic medical record adoption in Thailand.,2016,Journal of health organization and management,10.1108/JHOM-10-2014-0180,PubMed,abstract,Survey/cross-sectional,Y,Y,Y,Y,4,"U, T, I, O",Managerial expertise; Clear project goals and scope; Adequate budget allocation; Clinical staff involvement; IT expertise and communication capability,"Managerial factors are more critical than technical factors for successful EMR adoption, with clear goals, adequate budgeting, clinical engagement, and IT support as key organizational determinants.",Clinical staff involvement in implementation; clinical staff acceptance,IT expertise; IT facilitate electronic communication; technical support,National policies; Ministry of Public Health support; regulatory framework,Managerial expertise; clear project goals and scope; adequate budget allocation; implementation management; organizational leadership
I050,R1192,Analysis of the factors influencing healthcare professionals' adoption of mobile electronic medical record (EMR) using the unified theory of acceptance and use of technology (UTAUT) in a tertiary hospital.,2016,BMC medical informatics and decision making,10.1186/s12911-016-0249-8,PubMed,fulltext,Survey/cross-sectional,Y,Y,,Y,3,"U, T, O",Performance Expectancy; Effort Expectancy; Social Influence; Facilitating Conditions; Attitude,"Healthcare professionals' intention to use mobile EMR systems is primarily driven by performance expectancy and attitude, with actual usage logs confirming high-frequency use of functions that improve care continuity and work efficiency.",Performance expectancy; effort expectancy; attitude; social influence; user acceptance,Mobile EMR system functionality; security considerations; device compatibility (iOS/Android),,System implementation at tertiary hospital; workflow integration; function selection based on performance improvements
I051,R0220,Recommendations for health information technology implementation in rural hospitals.,2016,International journal of health care quality assurance,10.1108/IJHCQA-09-2015-0115,PubMed,abstract,Case study,Y,Y,,Y,3,"U, T, O",Workflow fit and usability; System design and controls; Work procedures and standardization; Environmental interruptions; Organizational change management,"HIT implementation in rural hospitals requires attention to user-centered system design, clear work procedures, and organizational environment optimization to prevent medication errors and achieve meaningful use.",Nurses' expectations for system controls and displays; user acceptance of barcode scanning limitations; training and work procedure clarity,Barcode scanning system functionality; computer system controls and display design; system reliability for medication administration,,"Work procedure standardization; organizational environment design; project recommendations across people, tasks, tools, environment, and organization domains"
I052,R0267,Enabling Quality: Electronic Health Record Adoption and Meaningful Use Readiness in Federally Funded Health Centers.,2016,Journal for healthcare quality : official publication of the National Association for Healthcare Quality,10.1111/jhq.12067,PubMed,abstract,Survey/cross-sectional,,Y,Y,Y,3,"T, I, O",Funding source; total patient cost; revenue from grants; organizational capacity,"80% of federally funded health centers adopted EHRs by 2011 with no digital divide across geographic, demographic, or staffing characteristics.",,Advanced EHR functionalities; system implementation,Federal funding support (HRSA); Meaningful Use mandate,Variations by total patient cost; grant revenue proportion; health center mission alignment
I053,R0199,Measuring interoperable EHR adoption and maturity: a Canadian example.,2016,BMC medical informatics and decision making,10.1186/s12911-016-0247-x,PubMed,fulltext,Survey/cross-sectional,Y,Y,Y,Y,4,"U, T, I, O",Integration into point-of-care systems; Data availability across clinical domains; Provincial/territorial implementation strategies; User access mechanisms (standalone viewers vs. integrated systems); Clinician adoption rates by profession,"About 250,000 Canadian health professionals (half the potential user base) actively use interoperable EHRs, with adoption accelerating when systems are integrated into existing workflows rather than standalone.","Clinician survey data on access to provincial/territorial patient information systems; 58% of physicians, 53% of nurses, 53% of pharmacists report electronic access; user types and frequency metrics","Integration into point-of-care systems (CIS, EMR); web-enabled viewers; six core iEHR domains (Client Registry, Provider Registry, DI, Lab, Drugs, Clinical Reports); data standardization across jurisdictions",Provincial/territorial implementation strategies and priorities; governance by Canada Health Infoway; varying go-live dates and deployment stages across jurisdictions; policy variation in user definitions and data collection,Change from standalone to integrated access models; regional vs. provincial/territorial system coordination; quality assurance and data harmonization processes; administrative and clinical staff involvement; benchmarking and reporting infrastructure
I054,R0930,Eliciting end-user expectations to guide the implementation process of a new electronic health record: A case study using concept mapping.,2016,International journal of medical informatics,10.1016/j.ijmedinf.2015.12.014,PubMed,abstract,Case study,Y,,,Y,2,"U, O",Usability; Training; Internal communication; Support; Data registration,"Concept mapping successfully identified nine clusters of healthcare professional expectations critical for EHR implementation success, with usability, training, support, and organizational communication as primary determinants.",Usability; Training; Support for end-users,,,Internal communication; Change management through stakeholder engagement; Implementation planning with multidisciplinary input
I055,R0019,Barriers to Electronic Health Record Adoption: a Systematic Literature Review.,2016,Journal of medical systems,10.1007/s10916-016-0628-9,PubMed,fulltext,Systematic review,Y,Y,Y,Y,4,"U, T, I, O",Initial cost; Technical support; Resistance to changing work habits; Training; Workflow challenges,"Initial cost, technical support, technical concerns, and resistance to change are the most frequently cited barriers to EHR adoption in US healthcare organizations, appearing in 14.4%, 8.0%, 7.2%, and 6.4% of barrier occurrences respectively.",Resistance to changing work habits; Physician attitude; Perceived usefulness; User acceptance; Training; Computer literacy,Technical support; Technical concerns; Technical infrastructure; Interoperability; System reliability; Integration challenges,Clarity of federal and state policies; Eligibility criteria for meaningful use; Financial incentives; Penalties; Regulatory compliance,Initial cost; Maintenance/ongoing costs; Workflow challenges; Insufficient time; Effort to select system; Productivity loss; Leadership/consensus within practice
I056,R0476,The EHR evolution: new priorities and implementation challenges.,2016,Healthcare financial management : journal of the Healthcare Financial Management Association,,PubMed,abstract,Framework/policy analysis,Y,,Y,Y,3,"U, I, O",Leadership decision-making; physician acceptance and workflow integration; implementation strategy (phased vs. all-at-once); cost management; population health alignment,"Five key leadership decisions regarding EHR selection and implementation strategy—balancing priorities, cost reduction, physician onboarding, and launch approach—can facilitate smoother adoption.",Physician acceptance; workflow ease; first-six-months support,,Population health priorities; cost considerations,Leadership decisions; implementation strategy; phased vs. all-at-once launch; change management approach
I057,R1591,Implementation of a city-wide Health Information Exchange solution in the largest metropolitan region in China,2016,2016 IEEE International Conference on Bioinformatics and Biomedicine (BIBM),10.1109/BIBM.2016.7822626,IEEE,abstract,Case study,,Y,Y,Y,3,"T, I, O",Service-oriented Architecture standards compliance; multi-level organizational integration; government healthcare reform policy; institutional collaboration framework,City-wide HIE implementation across 84 healthcare organizations serving 39 million patients achieved significant cost savings (48 million RMB annually) and improved clinical outcomes through standardized technical architecture and coordinated institutional deployment.,,Service-oriented Architecture; industry standards compliance; interoperability across multiple hospital levels and community health centers,Healthcare reform policy mandate; government hospital development center collaboration; multi-organizational governance structure,"Multi-level implementation strategy; integration across tertiary, district, and community hospitals; phased deployment (2006–2010)"
I058,R0503,The Impacts of Electronic Health Record Implementation on the Health Care Workforce.,2016,North Carolina medical journal,10.18043/ncm.77.2.112,PubMed,abstract,Other,Y,,,Y,2,"U, O",Workforce readiness; Training and skill development; Job role transformation; Health IT competency; Personnel transitions,"EHR implementation necessitates new job roles and workforce upskilling, requiring organizations to equip current staff with health informatics knowledge to support adoption and care quality.",Training personnel; Health IT knowledge and skills; Workforce readiness; Digital competency,,,Job role redesign; Personnel transitions; Change management; Workforce planning
I059,R0081,Factors that influence the implementation of e-health: a systematic review of systematic reviews (an update).,2016,Implementation science : IS,10.1186/s13012-016-0510-7,PubMed,fulltext,Systematic review,Y,Y,Y,Y,4,"U, T, I, O",Knowledge and beliefs about intervention; Leadership engagement; Compatibility with workflow; Available resources; Cost,"Multi-level factors across innovation characteristics, outer setting, inner setting, individual characteristics, and implementation process influence e-health system adoption across diverse healthcare settings.",Knowledge and beliefs about intervention; Self-efficacy; Individual stage of change; Digital literacy,Adaptability; Design quality and packaging; Evidence strength and quality; Complexity,External policy and incentives; Organisational incentives and rewards; Regulatory frameworks,Leadership engagement; Planning; Champions; Implementation leaders; Reflecting and evaluating; Available resources
I060,R1605,A framework of e-health systems adoption and telemedicine readiness in developing countries,2016,2016 International Conference on Information Society (i-Society),10.1109/i-Society.2016.7854188,IEEE,abstract,Survey/cross-sectional,Y,Y,Y,Y,4,"U, T, I, O",User acceptance; IT infrastructure; HR capability; Organizational readiness; Telemedicine adoption expectations,"User acceptance, IT infrastructure, and HR capability are significant predictors of telemedicine readiness at organizational level in developing-country healthcare settings (r² = 0.472).",User acceptance; clinician and healthcare staff readiness,IT infrastructure; technical systems capability,Organizational telemedicine readiness assessment; policy framework for adoption,HR capability; organizational-level implementation model; resource allocation for technology adoption
I061,R0029,National eHealth Implementation: Country Experience.,2016,Studies in health technology and informatics,,PubMed,abstract,Case study,Y,Y,Y,Y,4,"U, T, I, O",National eHealth infrastructure; interconnected EHR systems; secure HealthNet; e-prescriptions and medication database; patient portal access,"Iceland's national eHealth system integrating EHRs, e-prescriptions, and patient portals across interconnected infrastructure aims to improve care continuity, reduce duplication, and enhance efficiency through unified health professional access.",health professional access; patient portal; patient safety; care quality,secure HealthNet; interconnected EHR; e-prescriptions; national medication database; single portal integration,national eHealth strategy; policy framework; infrastructure mandates,national implementation; system integration; infrastructure deployment
I062,R0399,Cost Effective Staffing for an EHR Implementation.,2016,Nursing economic$,,PubMed,abstract,Case study,Y,,,Y,2,"U, O",Super-user staffing model; workforce training strategy; cost reduction; staff retention; clinical disruption minimization,Deploying newly graduated nurses as super-users reduced EHR implementation costs and clinical disruption while building sustainable expert user capacity.,Novice RNs as trainers; technology skills of newly graduated nurses; training experienced nurses,,,Innovative staffing model; workforce migration across sites; contract labor reduction; change management through minimal core staff disruption; resourcing strategy
I063,R0477,"Impact of the HITECH financial incentives on EHR adoption in small, physician-owned practices.",2016,International journal of medical informatics,10.1016/j.ijmedinf.2016.06.017,PubMed,abstract,Survey/cross-sectional,Y,Y,Y,,3,"U, T, I",HITECH financial incentives; physician perception of incentive influence; EHR vendor selection challenges; practice size; network effects and interoperability,"HITECH financial incentives were strongly associated with EHR adoption decisions in small physician-owned practices, with a four-fold increase in adoption likelihood per unit increase in perceived incentive importance.",Physician views on incentive importance; decision-making factors on adoption,EHR vendor selection challenges; interoperability barriers; lack of dominant design convergence,HITECH Act financial incentives program; policy-level expenditures ($13 billion); regulatory/incentive framework,
I064,R0114,Adoption Factors of the Electronic Health Record: A Systematic Review.,2016,JMIR medical informatics,10.2196/medinform.5525,PubMed,fulltext,Systematic review,Y,Y,Y,Y,4,"U, T, I, O",Efficiency; Organization/hospital size; Cost; User perception/perceived usefulness; Interoperability standards,"A systematic review of 31 articles identified 25 facilitators (efficiency, size, quality, data access, perceived value, information transfer) and 23 barriers (cost, time burden, perceived uselessness, data transition, location, implementation issues) to EHR adoption in US healthcare.",User perception/perceived usefulness; user attitude toward information; training; computer anxiety; workflow impact; staff retention,Interoperability; lack of standard protocols for data exchange; system integration; infrastructure; data migration; technical assistance,Incentives (HITECH Act/Meaningful Use); policy support; regulatory mandates; financial backing; facility location (rural vs urban); organizational strategy alignment,Hospital/organization size; management support; implementation issues; change management; leadership commitment; project planning; resourcing
I065,R1561,Barriers and facilitators to Electronic Medical Record (EMR) use in an urban slum.,2016,International journal of medical informatics,10.1016/j.ijmedinf.2016.07.015,PubMed,abstract,Qualitative study,Y,Y,,Y,3,"U, T, O","Training and use incentives; Power, network, and infrastructure; Data integrity and confidentiality; Identity management; Staff acceptance and compliance","Social factors including training, incentives, and identity management emerged as the most critical barriers to sustainable EMR use in resource-constrained urban slum settings, alongside technical infrastructure and software challenges.",Training; use incentives; staff compliance; identity management,Power supply; network connectivity; Internet access; hardware; interoperability; data integrity; confidentiality,,EMR deployment strategy; sustainability planning; stakeholder engagement in resource-constrained settings
I066,R0132,Hospital Adoption of Health Information Technology to Support Public Health Infrastructure.,2016,Journal of public health management and practice : JPHMP,10.1097/PHH.0000000000000198,PubMed,abstract,Survey/cross-sectional,,Y,Y,Y,3,"T, I, O",Hospital size; Rural vs. urban location; Electronic health record system presence; Hospital characteristics,"62.7% of U.S. hospitals can electronically report to immunization registries, but small rural hospitals and those without EHR systems significantly lag in public health IT adoption.",,Electronic health record systems; Electronic reporting capability; Data exchange infrastructure,Meaningful use incentives; Public health reporting requirements; Regulatory mandates,Hospital size; Rural location; Organizational IT infrastructure readiness
I067,R0245,Exploring Health Information Exchange Implementation Using Qualitative Assessments of Nursing Home Leaders.,2016,Perspectives in health information management,,PubMed,abstract,Qualitative study,Y,Y,Y,Y,4,"U, T, I, O",Technology readiness; availability of technology resources; workflow integration; training and retraining; organizational policies for technology; staff adoption and engagement,"Successful HIE implementation in nursing homes requires attention to organizational readiness, resource availability, workflow alignment, comprehensive training, and formal technology policies.",Staff training and retraining; getting others to use HIE; readiness to adopt technology,Getting HIE operational; Direct HIE services; availability of technology resources,Putting policies for technology into place,Incorporating HIE into existing work processes; participation inside and outside facility; change management
I068,R1414,Electronic Medical Record in Pediatric Intensive Care: Implementation Process Assessment.,2016,Journal of pediatric intensive care,10.1055/s-0035-1569059,PubMed,abstract,Case study,Y,Y,Y,Y,4,"U, T, I, O",Change management approach; preparation period and planning; staff comfort and usability; organizational readiness (EMRAM stage); continuous monitoring post-implementation,"A stage 7 EMR implementation in a pediatric ICU with 20-month preparation and living lab change management achieved staff comfort but limited satisfaction in the first 6 months, with no significant safety improvement yet demonstrated.",Staff comfort with EMR; staff satisfaction; everyday and occasional user perspectives,EMRAM stage progression; paperless system implementation; EMR customization,EMRAM adoption model; healthcare organization standards; regulatory/national EMR adoption priorities,Change management (living lab approach); 20-month preparation period; continuous monitoring; implementation strategy; leadership oversight of pilot project
I069,R1404,How organizational escalation prevention potential affects success of implementation of innovations: electronic medical records in hospitals.,2016,Implementation science : IS,10.1186/s13012-016-0435-1,PubMed,fulltext,Survey/cross-sectional,Y,,,Y,2,"U, O",Escalation prevention potential; Formal governance; Leadership style; Staff support quality; Organizational culture,"Hospitals with higher escalation prevention potential report greater perceived added value of EMR implementation, mediated through formal governance structures.",User acceptance; perceived added value; individual work performance,,,"Formal governance; leadership reflexivity; employee voice; project management; support staff performance; organizational culture (innovativeness, openness to change)"
I070,R1658,A Model for Measuring Well-Being of Medical Practitioners in EHR Implementation,2016,2016 6th International Conference on Information and Communication Technology for The Muslim World (ICT4M),10.1109/ICT4M.2016.040,IEEE,abstract,Case study,Y,,,Y,2,"U, O",Practitioner resistance; workflow disruption; usability barriers (data entry inconvenience); system service quality; practitioner well-being and satisfaction,"EHR implementation in Malaysian healthcare institutions creates workflow challenges and practitioner resistance that impact well-being, despite promised benefits.",Resistance to system; workflow fit issues; inconvenience of data entry during consultation; practitioner satisfaction with system,,,Implementation process; implementation models; change management (practitioner reception of system as hindrance)
I071,R0333,Using multi-stakeholder alliances to accelerate the adoption of health information technology by physician practices.,2016,"Healthcare (Amsterdam, Netherlands)",10.1016/j.hjdsi.2016.01.004,PubMed,abstract,Cohort/observational,,Y,Y,Y,3,"T, I, O",Multi-stakeholder alliance structure; linkage to quality improvement goals; funding and technical assistance; organizational size (small-medium practices),"Multi-stakeholder alliances providing funding and technical assistance increased EHR adoption by 7.6–23.9 percentage points in small and medium-sized practices, but did not significantly improve interoperability or patient portal access.",,EHR adoption; electronic information exchange from hospitals; patient online access to records,Multi-stakeholder alliance governance; quality improvement linkage; policy/funding mechanisms,Technical assistance provision; alliance coordination; implementation strategy linking HIT to quality improvement
I072,R0115,Assessing electronic health record implementation challenges using item response theory.,2016,The American journal of managed care,,PubMed,abstract,Survey/cross-sectional,Y,,Y,Y,3,"U, I, O",Physician cooperation; Ongoing maintenance and upgrade costs; Upfront capital costs; Meaningful Use compliance complexity; Implementation timeline constraints,"Item response theory analysis revealed physician cooperation and system maintenance costs as the most challenging EHR implementation barriers, differing from frequency-based assessments that prioritized capital costs and regulatory compliance timelines.",Obtaining physician cooperation,,Complexity of meeting Meaningful Use criteria; Meaningful Use compliance requirements,Ongoing costs of maintaining and upgrading systems; Upfront capital costs; Implementation timeline management
I073,R0431,"An Approach for Enhancing Adoption, Use and Utility of Shared Digital Health Records in Rural Australian Communities.",2017,Studies in health technology and informatics,,PubMed,abstract,Mixed-methods,Y,Y,Y,Y,4,"U, T, I, O",Rural/remote access barriers; community engagement; equitable health care provision; adoption challenges; practical implementation,"Rural and remote communities with complex chronic conditions face additional barriers to adopting shared digital health records, requiring holistic community-centered approaches and multi-level evaluation.",Adoption challenges in rural populations; community engagement strategies; equitable access considerations,Digital health record system (MyHR) implementation; eHealth service adoption,National rollout policy; health care provision equity; regulatory/system-level assessment,Project implementation in rural settings; community-centered delivery approach; multi-level impact evaluation
I074,R0266,Developing Electronic Health Record (EHR) Strategies Related to Health Center Patients' Social Determinants of Health.,2017,Journal of the American Board of Family Medicine : JABFM,10.3122/jabfm.2017.04.170046,PubMed,fulltext,Case study,Y,Y,Y,Y,4,"U, T, I, O",End-user workflow integration; Staff accessibility and role diversity; EHR usability and ease of use; Stakeholder engagement in tool design; Organizational readiness for SDH data standardization,Systematic stakeholder engagement and iterative prototyping with diverse CHC staff resulted in EHR-based SDH tools that balanced regulatory requirements with practical workflow constraints and varied organizational capacity.,"Clinician preferences for delegating SDH collection to other staff; end-user perception of tool usability; staff training needs; workflow fit across diverse roles (front desk, MAs, CHWs)","EHR security permissions limiting staff access; integration with existing Epic functionalities; technical feasibility of portal questionnaires; data entry options (flowsheets, paper, patient portal)",IOM-recommended SDH domains; CMS Meaningful Use incentive programs; Medicare Access & CHIP Reauthorization Act of 2015; Federally Qualified Health Center reporting requirements; EHR certification standards for SDH data,Stakeholder consensus-building through CORC meetings; pilot site testing and feedback; multi-step iterative refinement; project leadership across CHC network; ten-month development timeline; staff structure accommodation
I075,R0412,Implementation of eMental Health care: viewpoints from key informants from organizations and agencies with eHealth mandates.,2017,BMC medical informatics and decision making,10.1186/s12911-017-0474-9,PubMed,fulltext,Qualitative study,Y,Y,Y,Y,4,"U, T, I, O",Credibility and knowledge; Workflow integration; Patient empowerment; EMR integration; Sustained funding; Intersectoral networks,"Key informants identified funding, credibility, knowledge gaps, patient empowerment, and intersectoral collaboration as critical determinants of eMental Health implementation, with strong frequency and intensity associations between implementation success and these factors.",Patient empowerment; Clinician knowledge gaps; Workflow fit; Provider acceptance; Digital literacy expectations,EMR integration; Electronic medical record interoperability; System reliability; Technology credibility,Sustained funding; Policy frameworks; Intersectoral networks; Government involvement; Regulatory structures,Organizational readiness; Leadership commitment; Change management; Implementation strategies; Multi-level integration; Project governance
I076,R0279,Electronic Health Record Adoption among Obstetrician/Gynecologists in the United States: Physician Practices and Satisfaction.,2017,Journal for healthcare quality : official publication of the National Association for Healthcare Quality,10.1111/jhq.12072,PubMed,abstract,Survey/cross-sectional,Y,,,Y,2,"U, O",Physician age; practice structure (solo vs. group); physician sex; ethnicity; satisfaction with system features,"EHR adoption among ob-gyns has increased with overall high satisfaction, but older physicians and those in solo practices remain less likely to adopt.",Physician age (older = lower adoption); satisfaction with system; perceived helpfulness of features,,,Solo practice structure; practice type; implementation barriers
I077,R0695,Increased Health Information Technology Adoption and Use Among Small Primary Care Physician Practices Over Time: A National Cohort Study.,2017,Annals of family medicine,10.1370/afm.1992,PubMed,abstract,Cohort/observational,,Y,Y,Y,3,"T, I, O",Hospital ownership vs physician ownership; practice size (3–8 physicians); pay-for-performance participation; public quality reporting; Medicare revenue proportion,"Small primary care practices increased HIT adoption over time, with hospital-owned and larger practices adopting more functionalities, and external incentives (pay-for-performance, quality reporting, Medicare revenue) positively associated with greater use.",,"HIT functionalities: record keeping, clinical decision support, patient communication, health information exchange with hospitals and pharmacies",Pay-for-performance programs; public reporting of clinical quality data; Medicare payment incentives; MACRA,Hospital ownership; practice size; physician ownership; organizational structure
I078,R1663,Organizational Dynamics of Sustainable eHealth Implementation: A Case Study of eHMIS,2017,2017 Portland International Conference on Management of Engineering and Technology (PICMET),10.23919/PICMET.2017.8125472,IEEE,abstract,Case study,Y,Y,Y,Y,4,"U, T, I, O",Organizational culture; Leadership and management support; Organizational resources; Work process flow; Organizational structure,"Organizational factors including culture, structure, resources, leadership support, and work processes are key determinants of eHealth system sustainability and acceptance, with nonlinear dynamic interactions over time.",Acceptance of eHealth technology; organizational culture influence on adoption,Technological dimensions; system reliability and integration,Organizational policy and governance; regulatory context in Ethiopia,Leadership and management support; organizational structure; change management; project implementation strategy; resource allocation
I079,R0479,Managing User Needs During the EHR Implementation in Buenos Aires City: The HelpDesk Role.,2017,Studies in health technology and informatics,,PubMed,abstract,Case study,Y,,,Y,2,"U, O",Change management; User support and helpdesk services; Training and enablement; User guidance and preparation,"Proactive HelpDesk support and change management activities are critical to user adoption during city-scaled EHR implementation by building trust, reducing resistance, and improving project success.",User enablement; guidance; proactive preparation; user adoption; change management; end-user relationships,,,HelpDesk implementation; change management strategy; communication channels; risk management; continuous improvement; project support structure
I080,R0379,Technology and Policy Challenges in the Adoption and Operation of Health Information Exchange Systems.,2017,Healthcare informatics research,10.4258/hir.2017.23.4.314,PubMed,fulltext,Case study,Y,Y,Y,Y,4,"U, T, I, O","Usability and user experience; Technical standards and interoperability (HL7 C-CDA, IHE XDS); Consent policy and legal frameworks; System architecture and data definitions; Organizational change management and task force coordination","Implementation and operation of a standards-based HIE system identified 22 issues across usability, documents/data, architecture/standards, and consent domains, requiring integrated technical, policy, and organizational solutions.","Real-time error responses, image file exchange convenience, slow system speeds, batch update functions, UI/UX improvements for creation and inquiry screens","HL7 Consolidated CDA adoption, standard code mapping, OID definition for participating institutions, Korean EDI code standardization, LOINC and SNOMED terminology standards","Consent policy modification (individual to comprehensive consent), legal basis for health information sharing (Medical Act Article 21), policy consensus among stakeholders, government policy support needed","HIE task force team governance (11 medical staff, 3 researchers, 3 IT experts), real-time issue resolution procedures, document creation process definition, consent history management implementation"
I081,R0696,Overcoming Barriers to Experience Benefits: A Qualitative Analysis of Electronic Health Records and Health Information Exchange Implementation in Local Health Departments.,2017,"EGEMS (Washington, DC)",10.5334/egems.216,PubMed,fulltext,Mixed-methods,Y,Y,Y,Y,4,"U, T, I, O",Resistance to change; Financial resources and costs; IT infrastructure and interoperability; Leadership and organizational readiness; Staff training and skilled workforce,"Despite financial, technical, and operational constraints, local health departments implementing EHRs and HIEs face significant barriers including resistance to change and lack of IT capacity, but leaders remain optimistic about overcoming challenges through policy support and accreditation.",Staff resistance to change; Lack of training and readiness; Digital literacy; Workflow disruption concerns,Lack of interoperability; System reliability issues; Data exchange standards (HL7/FHIR); IT infrastructure gaps; Meaningful Use compliance readiness,HITECH Act and Meaningful Use incentive program; State versus local governance decisions; Policy changes; Accreditation implications; Regulatory requirements,Leadership adequately addressing resistance; Project management capacity; Staffing resources; Change management strategies; Information specialist availability on staff
I082,R0540,Adoption of Electronic Health Record System in Community-Based Physiotherapy Clinics: A Pilot Case Study.,2017,Studies in health technology and informatics,,PubMed,abstract,Case study,Y,Y,Y,Y,4,"U, T, I, O",Stakeholder readiness for change; collaborative implementation approach; system usability and documentation capacity; resistance to eReferral/billing functions; change management and stakeholder engagement,"Successful EHR system deployment in community physiotherapy clinics was enabled by collaborative system development and stakeholder engagement, but implementation barriers included negative attitudes toward change and resistance to specific system functions.",Physiotherapist satisfaction with documentation; stakeholder attitudes and readiness for change; resistance to eReferral and billing functions,System deployment and integration; migration of local databases to integrated EHR; system reliability over one-year trial,Nationally integrated EHR system; eReferral and billing functions (regulatory/operational features),Collaborative implementation model; physiotherapist-engineer partnership; change management; stakeholder engagement during development and testing
I083,R0709,Leveraging Electronic Health Record Implementation to Facilitate Clinical and Operational Quality Improvement in an Ambulatory Surgical Clinic.,2017,The Journal of ambulatory care management,10.1097/JAC.0000000000000170,PubMed,abstract,Case study,Y,Y,,Y,3,"U, T, O",Workflow redesign; User familiarity and resistance to change; System implementation strategy; Organizational readiness and resource allocation,"EHR implementation success in an ambulatory surgical clinic required comprehensive organizational and workflow redesign beyond simple paper-to-digital conversion, integrated across clinic design, scheduling, staffing, and clinical/operational processes over 3 years.",User acceptance; workflow fit; resistance to familiar versus optimized processes,Enterprise-wide EHR system; system integration across multispecialty clinic,,Change management; clinic redesign; staffing reconfiguration; process improvement project governance; 3-year implementation timeline
I084,R0563,Differences in Sociocognitive Beliefs between Involved and Noninvolved Employees during the Implementation of an Electronic Health Record System.,2017,Perspectives in health information management,,PubMed,abstract,Survey/cross-sectional,Y,,,Y,2,"U, O",Employee involvement in implementation; attitude toward EHR; self-efficacy; social support; intention to use,"Employee involvement in EHR implementation significantly enhances sociocognitive beliefs (attitude, self-efficacy, social support) and increases intention to work with the new system.",attitude toward EHR; self-efficacy; social support; intention to use; acceptance,,,employee involvement in implementation process; change management strategy
I085,R0586,"Tracking the Implementation of Electronic Medical Records in Dubai, United Arab Emirates, Using an Adoption Benchmarking Tool.",2017,Studies in health technology and informatics,,PubMed,abstract,Case study,,Y,Y,Y,3,"T, I, O",IT infrastructure investment; staged EMR adoption progression; healthcare facility maturity benchmarking,"Dubai hospitals demonstrated variable EMR adoption progress (2011–2016) tracked via EMRAM stages, with median maturity (2.5) exceeding several comparable regions, reflecting infrastructure and organizational readiness differences.",,electronic patient record infrastructure; information technology infrastructure upgrade; system interoperability stages,e-Health infrastructure policy; national innovation and change mandates,hospital participation in adoption tracking; staged implementation progression across 33 facilities
I086,R0351,Guidance Through Use: Value as a Pathfinder in e-Health Services Implementation.,2017,Studies in health technology and informatics,,PubMed,abstract,Case study,Y,Y,Y,Y,4,"U, T, I, O",Stakeholder awareness and confidence; active participation; technical support infrastructure; trust in eHealth services; mobility demands,"Value-in-use perception among elderly users and organizational stakeholders is critical for eHealth service implementation, requiring active participation, robust technical support, and extended trust frameworks.",Awareness and confidence barriers; active participation needs; trust in services,Technical support infrastructure; mobility demands,Policy considerations for decision makers and public organization strategists,Implementation considerations for organizations; change management implications
I087,R0617,Barriers to Pediatric Health Information Exchange.,2017,Pediatrics,10.1542/peds.2016-2653,PubMed,abstract,,,,,,0,,,PARSE_FAIL,,,,
I088,R0312,Are We There Yet? Human Factors Knowledge and Health Information Technology - the Challenges of Implementation and Impact.,2017,Yearbook of medical informatics,10.15265/IY-2017-014,PubMed,abstract,Selective review,Y,,Y,Y,3,"U, I, O",Human factors and usability in design; Implementation approaches; Governance and enforcement of HF best practices; Knowledge translation; Technology-induced errors and unintended consequences,"Human factors and usability approaches remain poorly integrated into HIT development and implementation, resulting in continued design failures, usability problems, and unintended consequences despite growing evidence of their importance.",Usability challenges; poor design; technology-induced errors; end-user acceptance,,Governance; enforcement of HF best practices; transparency; system development lifecycle oversight,Implementation of HF approaches; knowledge translation; change management in design and evaluation phases
I089,R0685,Communication Patterns in the Perioperative Environment During Epic Electronic Health Record System Implementation.,2017,Journal of medical systems,10.1007/s10916-016-0674-3,PubMed,abstract,Case study,Y,Y,,Y,3,"U, T, O",Communication infrastructure support; EHR system reliability and downtime management; Workflow disruption during go-live; Leadership planning for implementation contingencies,"Perioperative communication volume significantly increased during Epic EHR go-live and system downtime periods, demonstrating the need for leadership planning and infrastructure support during implementation transitions.",Clinician communication patterns; workflow adaptation during system transition,EHR system reliability; unplanned downtime impact; system integration with communication devices,,Leadership planning; implementation support; change management during go-live; resource allocation for communication infrastructure
I090,R0387,Development of a tripolar model of technology acceptance: Hospital-based physicians' perspective on EHR.,2017,International journal of medical informatics,10.1016/j.ijmedinf.2017.02.013,PubMed,abstract,Survey/cross-sectional,Y,,Y,Y,3,"U, I, O",Perceived usefulness; Perceived ease of use; Personal innovativeness; Resistance to change; Organizational support,"A Tripolar Model of Technology Acceptance integrating patient, practitioner, and organizational factors explains 85% of variance in physicians' behavioral intention to use EHR technology.",Computer anxiety; Personal innovativeness; Resistance to change; Patient influence,,Organizational change; Administrative monitoring; Professional relationships,Organizational support; Organizational change; Leadership/management structures
I091,R0003,HITECH Act Drove Large Gains In Hospital Electronic Health Record Adoption.,2017,Health affairs (Project Hope),10.1377/hlthaff.2016.1651,PubMed,abstract,Cohort/observational,,,Y,Y,2,"I, O",HITECH Act incentive program; meaningful-use requirements; financial incentives; policy mandates,HITECH Act incentives drove a 7.9 percentage point differential increase in EHR adoption rates among eligible hospitals compared to ineligible hospitals.,,,HITECH Act meaningful-use incentive program; federal policy mandate; eligibility criteria for short-term acute care hospitals,Differential adoption response to incentive structure; hospital-level implementation decision-making
I092,R0417,Cultural Problems Associated with the Implementation of eHealth.,2017,Studies in health technology and informatics,,PubMed,abstract,Survey/cross-sectional,Y,,,Y,2,"U, O",Paper-based culture; clinician resistance to change; organizational paradigm shift,Cultural factors and ingrained paper-based practices are the primary barriers to eHealth implementation among medical professionals.,Clinician preference for paper records; resistance to digital workflow change,,,Organizational culture; change management challenges
I093,R0247,Why sub-Saharan Africa lags in electronic health record adoption and possible strategies to increase its adoption in this region.,2017,International journal of health sciences,,PubMed,fulltext,Scoping review,Y,Y,Y,Y,4,"U, T, I, O",High implementation and maintenance costs; Limited computer skills and digital literacy; Poor electricity supply and lack of internet connectivity; Lack of policy prioritization and financial incentives; Implementation planning and change management,"EHR adoption in sub-Saharan Africa is constrained by high costs, poor infrastructure, low digital literacy, and lack of policy support, but can be facilitated through comprehensive planning, user training, financial support, and appropriate low-cost system selection.",Low computer literacy; lack of typing proficiency; physician reluctance; need for training and local champions,Poor electricity supply; lack of constant internet connectivity; low broadband speeds; infrastructure gaps; system reliability issues,Lack of specific EHR adoption policy; no financial incentives; low prioritization relative to disease epidemics; reliance on foreign funding; absence of government reimbursement schemes,Implementation planning; workflow redesign; phased/staged implementation; training programs; incorporation of health informatics in curricula; involvement of end-users early in planning
I094,R1402,[The Efficiency of Implementation of Detailed Diary of Examination in Electronic Medical Record in Municipal Polyclinic].,2017,"Problemy sotsial'noi gigieny, zdravookhraneniia i istorii meditsiny",10.1016/0869-866X-2017-25-5-298-302,PubMed,abstract,Case study,,Y,,Y,2,"T, O",Formalization of examination records; detailed diary structure; electronic record standardization,"Implementation of formalized, detailed examination diary in EMR at municipal polyclinic improved record quality and clinical outcomes.",,EMR structure optimization; standardized examination form design; data formalization,,Implementation strategy; modernization of medical record; quality improvement monitoring
I095,R1430,Barriers to electronic medical record implementation: a comparison between ophthalmology and other surgical specialties in Canada.,2017,Canadian journal of ophthalmology. Journal canadien d'ophtalmologie,10.1016/j.jcjo.2017.02.018,PubMed,abstract,Survey/cross-sectional,Y,Y,,Y,3,"U, T, O",Lack of suitable product for specialty; cost; time burden; retirement planning; training barriers,"Ophthalmologists face distinct EMR adoption barriers (product fit, cost, time, retirement plans) compared to other surgeons, partly due to practice-specific features like hand-drawn documentation and high patient volumes.",Lack of training; time-consuming workflows,No suitable product for ophthalmic practice; reliability concerns,,Cost barriers; planning to retire soon; organizational workflow constraints
I096,R0934,Perceived critical success factors of electronic health record system implementation in a dental clinic context: An organisational management perspective.,2017,International journal of medical informatics,10.1016/j.ijmedinf.2017.08.007,PubMed,abstract,Qualitative study,Y,Y,Y,Y,4,"U, T, I, O",Usability of system; Training; Change management; Project organisation; Requirements analysis; Emergent behaviours,"Six critical success factors emerged for EHR implementation in dental clinics, with significant workflow challenges and mismatches between end-user and vendor perspectives requiring participatory change management.",Usability of system; Training; Workflow changes; Clinician confident use; End-user perspectives,System modularity; System configurability; Healthcare Information and Management System (Bru-HIMS),National EHR context; System goals and functionalities; Consensual debate,Change management; Project organisation; Requirements analysis; Participatory supporting strategies; Leadership commitment
I097,R1223,"Integrating the Electronic Health Record into Behavioral Health Encounters: Strategies, Barriers, and Implications for Practice.",2017,Administration and policy in mental health,10.1007/s10488-015-0676-3,PubMed,abstract,Qualitative study,Y,Y,Y,Y,4,"U, T, I, O",Provider acceptance and workflow integration; EHR usability in clinical encounters; Organizational strategies for patient-centered deployment; Environmental and relational barriers to meaningful use,"Behavioral health providers employ environmental, relational, and system-level strategies to integrate EHRs into face-to-face treatment while maintaining patient-centeredness, though significant barriers to implementation exist.",Provider experiences with EHR use; workflow fit in behavioral health; patient-centeredness perception,System reliability; integration into clinical encounters,Organizational context for EHR deployment; policy implications for behavioral health,Environmental strategies; relational strategies; system-level optimization techniques; change management in behavioral health
I098,R0195,"Electronic health record adoption in US hospitals: the emergence of a digital ""advanced use"" divide.",2017,Journal of the American Medical Informatics Association : JAMIA,10.1093/jamia/ocx080,PubMed,abstract,Survey/cross-sectional,,Y,Y,Y,3,"T, I, O",Hospital size/type (critical access vs. other); resource availability; institutional capacity for advanced EHR functions,"While 80.5% of US hospitals adopted basic EHR systems, only 37.5–41.7% adopted advanced EHR functions for performance measurement and patient engagement, with critical-access hospitals significantly lagging.",,EHR data for performance measurement; patient engagement functions; advanced EHR capabilities,HITECH Act incentives for widespread adoption; policy-driven basic adoption,"Hospital characteristics (size, type, critical access status); institutional capacity and resources to implement advanced functions; organizational differences in adoption across hospital categories"
I099,R1487,The Value of Electronic Medical Record Implementation in Mental Health Care: A Case Study.,2017,JMIR medical informatics,10.2196/medinform.6512,PubMed,fulltext,Case study,Y,Y,Y,Y,4,"U, T, I, O",Clinical staff engagement and change management; Governance and clinical leadership alignment; Customization to recovery-oriented mental health practices; Business intelligence and data analytics capability; Workflow redesign with paper-based transition,"EMR implementation at a mental health facility achieved HIMSS Stage 7 through early clinical engagement, recovery-oriented customization, and data-driven quality improvement, resulting in measurable clinical and organizational outcomes including 19.7% reduction in restraint incidents and >Can$1.4M cost savings.",Early clinical staff engagement in vendor selection; intensive EMR-specific training with 'day in life' concept; super users for on-unit support; paper-based workflow transition prior to EMR launch,Integration of Resident Assessment Instrument—Mental Health; closed-loop medication administration with 95% adherence requirement; business intelligence and data analytics tools; decision support embedded in clinical workflows,Alignment of clinical informatics under professional practice umbrella; governance model with physician champions; policy supporting least restraint and seclusion; mandatory reporting integration (RAI-MH),Kotter's change model and Canada Health Infoway change management framework; readiness phase emphasis; phased go-live approach; data mining to identify quality improvement priorities; senior management review of performance metrics
I100,R0198,Health Information Technology (HIT) Adaptation: Refocusing on the Journey to Successful HIT Implementation.,2017,JMIR medical informatics,10.2196/medinform.7476,PubMed,fulltext,Framework/policy analysis,Y,Y,Y,Y,4,"U, T, I, O",Technology acceptance; workflow redesign and training; leadership and organizational culture; sociotechnical alignment; system upgrades and optimization,"HIT implementation success requires shifting focus from adoption and acceptance to adaptation—a longitudinal process measure that accounts for sociotechnical interactions, organizational context, and continuous system changes over time.",Technology acceptance model (TAM); user training and competency; user satisfaction; individual commitment to use,Hardware and software infrastructure; clinical content; human-computer interface; system upgrades and optimization; interoperability,Meaningful Use (MU) criteria and regulations; external rules and pressures; organizational policies and procedures; policy framework for incentives,Workflow redesign; leadership support; organizational culture; change management; communication and collaboration; internal governance
I101,R0200,The Association of Electronic Health Record Adoption with Staffing Mix in Community Health Centers.,2017,Health services research,10.1111/1475-6773.12648,PubMed,abstract,Cohort/observational,Y,,Y,Y,3,"U, I, O",Staffing mix and allocation; organizational capacity; workforce readiness; federal funding/incentives,"EHR adoption in community health centers was associated with a significant shift toward greater proportions of non-physician medical staff relative to physicians, suggesting organizational restructuring to support implementation and use.",Staffing readiness; workforce adaptation to EHR workflows,,Federal Section 330 grant recipient status; Meaningful Use incentive programs,Staffing allocation strategy; organizational restructuring; change in workforce composition
I102,R0121,Rate of electronic health record adoption in South Korea: A nation-wide survey.,2017,International journal of medical informatics,10.1016/j.ijmedinf.2017.02.009,PubMed,abstract,Survey/cross-sectional,,Y,Y,,2,"T, I",Financial support (HITECH Act); Cost of purchasing; Maintenance costs; Interoperability standardization,"EHR adoption in South Korean hospitals (58.1%) grew slower than in the US due to differences in financial and political support, with cost barriers and lack of interoperability consensus hindering comprehensive adoption.",,Interoperability standardization; Decision support system functionality; Problem list documentation; Core EHR functions,HITECH Act financial support; Government funding mandates; Policy consensus on standards,
I103,R1560,"Barriers and facilitators to Electronic Medical Records usage in the Emergency Centre at Komfo Anokye Teaching Hospital, Kumasi-Ghana.",2017,African journal of emergency medicine : Revue africaine de la medecine d'urgence,10.1016/j.afjem.2017.05.002,PubMed,fulltext,Qualitative study,Y,Y,Y,Y,4,"U, T, I, O",Staff training and capacity building; Leadership commitment and management involvement; Adequate funding and financial resources; IT expertise and technical support; Data backup and system reliability,"EMR adoption in an Emergency Centre in a low-income country required addressing barriers in training, funding, IT expertise, and data/power backup alongside facilitators of staff motivation, logistics, and management commitment.",Staff training and orientation; IT knowledge from colleagues; self-motivation from preventing record loss; staff attitude and resistance to change; need for continuous training,System reliability and data backup; automatic data and power backup needed; software application customization challenges; system crashes and data loss; need for faster system performance,Data privacy and confidentiality concerns; legislative and regulatory approval requirements for networking; policy alignment on data fields; health policy implementation,Management supervision and involvement; leadership commitment; dedicated IT personnel assignment; change management; organizational resources allocation; hybrid EMR as interim bridge solution
I104,R1081,Sustained User Engagement in Health Information Technology: The Long Road from Implementation to System Optimization of Computerized Physician Order Entry and Clinical Decision Support Systems for Prescribing in Hospitals in England.,2017,Health services research,10.1111/1475-6773.12581,PubMed,abstract,Qualitative study,Y,Y,,Y,3,"U, T, O",Perceived safety benefits; user acceptance and resistance; system adequacy; user competencies; sustained engagement approach,"Sustained engagement with end-users throughout implementation and optimization phases, rather than episodic preimplementation engagement, is critical to overcoming resistance and workarounds in CPOE/CDS adoption.",Individual safety benefits perception; user group acceptance/resistance; competency development; effective use behaviors; workarounds in response to system inadequacy,CPOE and CDS system functionality; software customization for system enhancement,,Organizational accommodation of system introduction; change management through continuous user engagement; post-implementation system optimization; leadership responsiveness to end-user feedback
I105,R0074,Barriers and opportunities to implementation of sustainable e-Health programmes in Uganda: A literature review.,2017,African journal of primary health care & family medicine,10.4102/phcfm.v9i1.1277,PubMed,fulltext,Scoping review,Y,Y,Y,Y,4,"U, T, I, O",Lack of policy framework; insufficient staff knowledge and skills; resistance to change; inadequate ICT infrastructure and power supply; lack of sustainability planning; donor dependency and siloed projects,"Uganda has trialled multiple e-Health solutions but most lack sustainability due to absent prior planning, absence of strategy and readiness assessments, donor funding dependency, and operation in silos.",Resistance to change; insufficient knowledge and skills among health workers; user acceptance and usability concerns,Lack of technical standards and interoperability; non-compatible projects; unreliable power and connectivity; need for secure data sharing architecture,Lack of e-Health policy; absence of government mandate and coordination; limited legal frameworks for telemedicine; funding and incentive structures donor-dependent,Absence of strategy and need readiness assessment; lack of prior planning; poor coordination and siloed implementation; insufficient change management and project governance
I106,R1426,"Design and implementation of an affordable, public sector electronic medical record in rural Nepal.",2017,Journal of innovation in health informatics,10.14236/jhi.v24i2.862,PubMed,fulltext,Case study,Y,Y,Y,Y,4,"U, T, I, O","User training and clinical champions; Technical infrastructure (power, internet, offline capability); Government partnership and policy alignment; Change management and iterative implementation","Integrated open-source EMR systems designed for resource-constrained settings with strong government partnership, adequate training, and iterative refinement can be successfully implemented and scaled in rural public sector hospitals within months.",Minimal computer literacy of providers; training by clinical champions; workflow integration into point-of-care; touchscreen interface design; focus group feedback on workflow disruption and documentation burden,Open-source architecture (Bahmni/OpenMRS); offline/intranet capability; cross-site integration (hospital to primary clinics); server cooling and power reliability; low-cost hardware (Chromebooks); data quality monitoring dashboards,Public-private partnership with Ministry of Health; government commitment to OpenMRS standard; policy engagement at local and national levels; adaptive implementation post-earthquake; replication mandated by successful proof-of-concept,Phased rollout strategy; designated clinical informatics team; staff physician as lead clinical point-person; iterative design sessions; rapid redeployment at second facility (four weeks); continuous feedback loops and system refinement
I107,R0234,eHealth adoption factors in medical hospitals: A focus on the Netherlands.,2017,International journal of medical informatics,10.1016/j.ijmedinf.2017.01.009,PubMed,abstract,Survey/cross-sectional,,Y,Y,Y,3,"T, I, O",Organisational readiness; Top management support; Hospital size; Technical aspects; Stage of adoption process,"eHealth adoption in hospitals is non-linear and significantly influenced by organisational readiness, top management support, and hospital size, with a sharp decline after the interest/commitment stage.",,Technical aspects of organisational readiness,Policy interest in eHealth; Organisational strategies and policies,Top management support; Organisational readiness; Hospital size; Change management through adoption stages
I108,R0013,Selection and Implementation of an Electronic Health Record.,2017,"PM & R : the journal of injury, function, and rehabilitation",10.1016/j.pmrj.2017.02.007,PubMed,abstract,Framework/policy analysis,,Y,Y,Y,3,"T, I, O",Multidisciplinary team composition; project management techniques; vendor-practice fit alignment; contract negotiation; vendor relationship quality,"Successful EHR implementation requires a well-informed multidisciplinary team, project management rigor, and strong vendor alignment to match practice needs with commercial systems.",,System selection; commercial system evaluation,Government EHR incentive programs; reimbursement transition to risk sharing and quality measurement,Multidisciplinary team; project management techniques; vendor relationship management; contract negotiation
I109,R0026,Electronic Health Record Implementation: A SWOT Analysis.,2017,Acta medica Iranica,,PubMed,abstract,Survey/cross-sectional,Y,Y,Y,Y,4,"U, T, I, O",Clinical staff resistance to EHR use; lack of strategic planning; hardware and infrastructure gaps; information accessibility and sharing potential; organizational and technical readiness,"Successful EHR adoption requires addressing clinical staff resistance and strategic planning deficits while ensuring adequate infrastructure, technical interoperability, and organizational alignment.",Physician and clinical staff resistance; timely access to information,Lack of hardware and infrastructure; information sharing between sectors,Lack of strategic planning in electronic health records,Organizational and resource elements; change management considerations
I110,R1587,An analysis of the adoption of health information exchange under network effects,2017,2017 International Conference on Service Systems and Service Management,10.1109/ICSSSM.2017.7996261,IEEE,abstract,Framework/policy analysis,,Y,Y,Y,3,"T, I, O",Network effects; competitive dynamics; healthcare quality differentials; pricing strategy; market equilibrium,"Network and competitive effects create reluctance to share information, with hospital adoption decisions influenced by heterogeneous quality and price competition.",,Health information exchange interoperability,Market competition; regulatory/strategic incentives,Hospital adoption strategy; market equilibrium analysis
I111,R0022,Development and Implementation of the DHAPP Military eHealth Information Network System.,2017,Current HIV research,10.2174/1570162X15666170517093714,PubMed,abstract,Case study,Y,Y,Y,Y,4,"U, T, I, O",Technology infrastructure adequacy; Leadership continuity; Computer skills training; International eHealth standards adoption; Software licensing/cost models,"Multi-country military eHealth implementation using COTS EMR and open-source tools is feasible but requires addressing infrastructure gaps, leadership stability, and foundational digital literacy.",Basic computer skills building; staff training needs,International eHealth standards; COTS EMR; open-source disease surveillance tools; infrastructure requirements,Multi-country implementation within US DoD HIV/AIDS Prevention Program; alignment with 90-90-90 global health goals,Structured implementation process; private and public sector partnerships; leadership rotations as barrier; zero-dollar licensing strategy
I112,R0235,Implementation of Nationwide Electronic Health Record in Albania: A Case Study.,2017,Studies in health technology and informatics,,PubMed,abstract,Case study,Y,Y,Y,Y,4,"U, T, I, O",ICT infrastructure; clinical data integration; healthcare provider uptake; project timeline; system accessibility,"Nationwide EHR implementation in Albania succeeded despite poor ICT infrastructure and minimal medical nomenclature, but clinical adoption remains limited due to infrastructure constraints and paper-based workflows.",healthcare professional engagement; limited system access for clinicians,poor ICT infrastructure; industry standards; system reliability and accessibility,nationwide implementation mandate; secondary/tertiary care coverage,project execution in <2 years; implementation strategy; 79 provider deployment
I113,R1498,Site readiness assessment preceding the implementation of a HIV care and treatment electronic medical record system in Kenya.,2018,International journal of medical informatics,10.1016/j.ijmedinf.2017.10.019,PubMed,abstract,Case study,Y,Y,Y,Y,4,"U, T, I, O",Leadership buy-in and stakeholder support; Technical infrastructure and reliable power; Security and physical facility conditions; Resource availability; Facility readiness assessment,"Single-day EMR readiness assessments were feasible and effective in identifying site-specific barriers (power, security, competing systems) and driving facility engagement and Ministry support for successful EMR implementation.",Facility-level personnel engagement; Cultivation of ownership and buy-in,Reliable power supply; Technical infrastructure; Existing competing EMR systems,Ministry of Health leadership support; Stakeholder engagement; Policy support for deployment,Readiness assessment process; Resource mobilization; Barrier remediation; Implementation strategy (point-of-care vs. retrospective data entry)
I114,R0537,Effect of the Adoption of a Comprehensive Electronic Health Record on Graduate Medical Education: Perceptions of Faculty and Trainees.,2018,Southern medical journal,10.14423/SMJ.0000000000000847,PubMed,fulltext,Survey/cross-sectional,Y,Y,,Y,3,"U, T, O",Clinical workflow integration; User digital literacy and prior EHR experience; Training and preparation quality; Teaching interaction design; Technical usability and chart access,"Faculty maintained negative perceptions of EHR impact on face-to-face teaching and trainee clinical skills development 2 years post-implementation, while trainees showed greater adaptation and more positive views over time, suggesting age and prior exposure influence adoption outcomes in graduate medical education.","Trainee digital literacy advantage (younger age, prior EHR exposure); faculty resistance linked to prior paper-record dependence; training quality variation between 2013 and later cohorts; clinical skill development concerns",Chart access and data retrieval efficiency; note templates and preload functions; copy-paste functionality concerns; system reliability and technical issues during implementation phase,,Implementation strategy and rollout timing; change management across specialties; leadership support for teaching integration; resource allocation for training and preparation; project management of institution-wide adoption
I115,R0054,Implementation of a nationwide electronic health record (EHR).,2018,International journal of health care quality assurance,10.1108/IJHCQA-09-2016-0136,PubMed,abstract,Survey/cross-sectional,Y,,Y,Y,3,"U, I, O","Stakeholder commitment and involvement; alignment of system functionality with user requirements; political factors driving implementation approach selection; support from medical, nursing, and administrative staff","Stakeholder commitment and involvement is the most significant success factor for nationwide EHR implementation, while lack of support and resistance to change from clinical and administrative staff is the most critical failure factor.","User requirements alignment; acceptance and support from medical, nursing, administrative community; resistance to change",,Political factors; country financing mechanisms; health system characteristics,Implementation approach selection (middle-out); stakeholder involvement; change management; leadership commitment
I116,R1480,Facilitators and Barriers of Electronic Medical Records Systems Implementation in Low Resource Settings: A Holistic View.,2018,Studies in health technology and informatics,,PubMed,abstract,Systematic review,Y,Y,Y,Y,4,"U, T, I, O",Technical infrastructure; Human factors and training; Organizational change management; Process alignment; Resource constraints,"EMR implementation in resource-constrained settings requires attention to technical, human, process, and organizational barriers, with change management strategy essential for sustainable adoption.",Staff acceptance; Digital literacy; Training needs; Workflow fit,Technical infrastructure; System reliability; Integration capability,Regulatory frameworks; Resource constraints; Policy support,Change management; Leadership commitment; Project execution; Organizational readiness
I117,R1578,Success factors for implementing and sustaining a mature electronic medical record in a low-resource setting: a case study of iSanté in Haiti.,2018,Health policy and planning,10.1093/heapol/czx171,PubMed,abstract,Case study,Y,Y,Y,Y,4,"U, T, I, O",User capacity and training; Infrastructure investment and maintenance; System governance and leadership; Interoperability and data exchange planning; Financing and sustainability mechanisms,"Long-term EMR success in low-resource settings requires balanced investment in infrastructure, user capacity, data quality, strong governance, and sustainable financing models integrated within the broader eHealth ecosystem.",User capacity; training,Hardware and software infrastructure; interoperability; data exchange; system reliability,System governance; policy framework; financing mechanisms; sustainability planning,Leadership; local system ownership; change management; project planning; resource allocation
I118,R0403,Addressing the Socio-Technical Challenges of Health Information Exchange Adoption: DataWell in Greater Manchester.,2018,Studies in health technology and informatics,,PubMed,abstract,Case study,Y,Y,Y,Y,4,"U, T, I, O",NHS professional acceptance; public trust in data-sharing; socio-technical design; implementation approach; organizational context,"Socio-technical factors including professional acceptance, public trust, and deliberate design approaches are critical determinants of Health Information Exchange adoption in NHS settings.",NHS professional opinion; public opinion; acceptance barriers,Health Information Exchange system; data-sharing infrastructure,NHS policy context; public trust concerns; data governance,Implementation design; Greater Manchester implementation strategy
I119,R0576,Recommendations for Enhancing the Implementation and Utility of Shared Digital Health Records in Rural Australian Communities.,2018,Studies in health technology and informatics,,PubMed,abstract,Qualitative study,Y,Y,Y,Y,4,"U, T, I, O",User acceptance and engagement; Rural/remote access barriers; Person-centred care model; Healthcare delivery transformation; Vulnerable community support,Adoption of shared digital health records in rural Australia requires moving from traditional healthcare delivery models to person-centred care delivered through complex adaptive systems perspectives to engage vulnerable communities.,User engagement; acceptance; vulnerable community adoption,Shared digital health record system; eHealth services access,National rollout policy; healthcare equity mandates,Healthcare delivery model transformation; person-centred care implementation strategy
I120,R1461,Reorganizing Care With the Implementation of Electronic Medical Records: A Time-Motion Study in the PICU.,2018,Pediatric critical care medicine : a journal of the Society of Critical Care Medicine and the World Federation of Pediatric Intensive and Critical Care Societies,10.1097/PCC.0000000000001450,PubMed,abstract,Case study,Y,Y,,Y,3,"U, T, O",Workflow reorganization; ICU-specific EHR system design; task delegation to orderlies; staff satisfaction; oral communication concerns,ICU-specific EHR implementation with care reorganization improved nursing productivity and documentation efficiency but did not increase total patient care time and raised concerns about reduced oral communication.,Staff satisfaction with EHR; concern for maintenance of oral communication; usability in critical care workflow,ICU-specific electronic medical record system (Intellispace); telecommunication improvements; system integration with care processes,,Care plan reorganization; task delegation structure; change management; implementation strategy in PICU setting
I121,R1437,Exploring Factors Affecting Voluntary Adoption of Electronic Medical Records Among Physicians and Clinical Assistants of Small or Solo Private General Practice Clinics.,2018,Journal of medical systems,10.1007/s10916-018-0971-0,PubMed,abstract,Qualitative study,Y,Y,Y,Y,4,"U, T, I, O",System interface design and usability; Hardware/software stability and reliability; Financial and time costs; Workflow fit and clinical practice integration; IT literacy and training; Trust in technology; Physical clinic space constraints; Social and organizational influences; Physician leadership and peer effects,"EMR adoption in small private clinics is determined by multifaceted factors spanning technological characteristics, clinician-technology interaction, user skills, workflow fit, and social-organizational environment including clinic space and physician decision influence on staff adoption.",IT literacy; trust in technology; training and technical support; user experience expectations,System interface design; system functions; hardware/software stability; computing network reliability,Government health care reform initiative; voluntary adoption policy; electronic sharing platform infrastructure mandate,Financial and time costs; physical clinic space; work practice integration; physician leadership influence on staff adoption; organizational change readiness
I122,R0430,Implementation of Fast Healthcare Interoperability Resources for an Integration of Laboratory and Hospital Information Systems.,2018,Studies in health technology and informatics,,PubMed,abstract,Case study,,Y,,Y,2,"T, O",HL7 FHIR standards adoption; API protocol design; system integration architecture; production deployment,"Implementation of FHIR standards and RESTful APIs enabled successful interoperability between laboratory and hospital information systems, processing 20,000+ test orders daily.",,HL7 FHIR standard; RESTful API protocol; observation and test profiles; data exchange standards; system integration,,Project implementation; production deployment; system architecture design
I123,R0422,E-health in Switzerland: The laborious adoption of the federal law on electronic health records (EHR) and health information exchange (HIE) networks.,2018,"Health policy (Amsterdam, Netherlands)",10.1016/j.healthpol.2017.11.005,PubMed,abstract,Policy analysis,Y,Y,Y,Y,4,"U, T, I, O",Institutional fragmentation; stakeholder agreement; financial incentives; data security governance; organizational readiness of ambulatories,"Switzerland's EHR/HIE adoption was significantly delayed by healthcare system fragmentation, lack of stakeholder consensus on critical reform points, insufficient incentives for ambulatory participation, and financing strategy concerns.",Patient discretion in data sharing; stakeholder buy-in challenges,Interoperability requirements; data security issues; technical implementation strategy,Federal law framework; voluntary vs. mandatory adoption; patient choice protections; regulatory governance,Institutional fragmentation; financing mechanism; pilot project findings; low ambulatory participation prediction
I124,R0392,Factors affecting sustainable adoption of e-health technology in developing countries: an exploratory survey of Nigerian hospitals from the perspective of healthcare professionals.,2018,PeerJ,10.7717/peerj.4436,PubMed,fulltext,Survey/cross-sectional,Y,Y,Y,Y,4,"U, T, I, O",Perceived usefulness; Healthcare professional attitude; Staff IT experience and literacy; Technical infrastructure; Security concerns; Organizational/management policies,"Perceived usefulness, professional attitude, IT literacy, technical infrastructure, and organizational policies are significant determinants of healthcare professionals' intention to adopt e-health systems in Nigerian hospitals.",Perceived usefulness; attitude towards e-health; willingness; belief; motivation; IT literacy and experience; resistance to technology,Technical infrastructure; security concerns; information sharing capability; poor infrastructure,Organizational and management policies; lack of comprehensive national e-health policies and strategies; policy regulations; government financing,Healthcare professionals not carried along in planning; uncoordinated implementation; lack of change management; implementation at pilot stage not scaled up
I125,R0380,Rural Patients' and Primary Care Clinic Staffs' Perceptions of EHR Implementation: An Ethnographic Exploration.,2018,The Journal of ambulatory care management,10.1097/JAC.0000000000000199,PubMed,abstract,Qualitative study,Y,Y,,Y,3,"U, T, O",Technology distrust and disconnect; patient-centered care values; team-based care preferences; rural clinic context,"Rural patients and clinic staff experience distrust of technology during EHR implementation but value patient-centered and team-based approaches, which can be leveraged to facilitate adoption.",Patient and staff technology distrust; patient-centered care preferences; team-based care values,EHR implementation; online access; patient portals,,Clinic staff experience; implementation barriers in independent rural practice
I126,R1038,Interoperability Progress and Remaining Data Quality Barriers of Certified Health Information Technologies.,2018,AMIA ... Annual Symposium proceedings. AMIA Symposium,,PubMed,abstract,Other,,Y,Y,,2,"T, I",C-CDA standard conformance; data quality barriers; certification requirements; interoperability testing,Certified EHRs show progress in C-CDA conformance but remain subject to data quality barriers that impede effective clinical data exchange despite federal certification programs.,,C-CDA standard conformance; automated tooling evaluation; schematron validation; clinical document exchange,Federal EHR adoption programs; certification mandates; renewal certification requirements,
I127,R1307,Regional differences in electronic medical record adoption in Japan: A nationwide longitudinal ecological study.,2018,International journal of medical informatics,10.1016/j.ijmedinf.2018.05.002,PubMed,abstract,Cohort/observational,,,Y,Y,2,"I, O",Average per capita income; Population density; Number of working doctors per 1000 people; Proportion of interns to working doctors; Hospital versus clinic type,"EMR adoption in Japan increased from 2008 to 2014, but regional geographical differences persisted, with different determinants operating for hospitals versus clinics.",,,Government policy; financial and technical support disparities; regional funding variations,Regional healthcare infrastructure; workforce composition; facility type and capacity
I128,R0965,Legal Barriers to the Growth of Health Information Exchange-Boulders or Pebbles?,2018,The Milbank quarterly,10.1111/1468-0009.12313,PubMed,abstract,Policy analysis,,Y,Y,,2,"T, I","Legal/regulatory barriers (HIPAA, state consent laws); Technical standards (patient identifier, data segmentation); Economic incentives and competitive concerns","Legal barriers to HIE have been substantially ameliorated over the past decade, but varying state patient consent requirements and underlying economic/competitive concerns remain the primary obstacles to HIE expansion.",,Unique patient identifier matching; Data Segmentation for Privacy (DS4P) standard; electronic information exchange standards,HIPAA privacy protections; state consent requirements; 21st Century Cures Act; federal information-blocking rules; substance-abuse treatment disclosure regulations,
I129,R1167,Primary care physicians' attitudes to the adoption of electronic medical records: a systematic review and evidence synthesis using the clinical adoption framework.,2018,BMC medical informatics and decision making,10.1186/s12911-018-0703-x,PubMed,fulltext,Systematic review,Y,Y,Y,Y,4,"U, T, I, O",Clinician computer literacy and age; System usability and accessibility; Training and technical support; Practice setting (group vs solo); Cost and financial factors,"PCP attitudes to EMR adoption are shaped by interconnected micro (system quality, user characteristics), meso (organizational fit, implementation approach), and macro (policy, funding, standards) factors, with younger computer-literate physicians in group practices more positive despite concerns about workflow disruption and costs.",Computer literacy; Age; Prior EMR experience; Training adequacy; Technical support availability; System usability and accessibility; Workflow fit,System reliability and performance; Interoperability with secondary care; Data accessibility and accuracy; Navigation complexity; Technical failures; Interface design,Financial incentives and costs; Legislation and privacy protections; Policy-maker support; Medical association representation; Funding availability; Healthcare standards,Practice size and structure (group vs solo); Work process redesign; Implementation strategy; Change management; Leadership support; Designated champions; Organizational culture fit
I130,R0770,"Nursing Home Implementation of Health Information Technology: Review of the Literature Finds Inadequate Investment in Preparation, Infrastructure, and Training.",2018,"Inquiry : a journal of medical care organization, provision and financing",10.1177/0046958018778902,PubMed,fulltext,Scoping review,Y,Y,Y,Y,4,"U, T, I, O",Staff training and preparation; Technology infrastructure and support; Systematic implementation planning; Staff agency in decision-making; Workflow redesign,"Nursing homes lack systematic HIT implementation processes and underinvest in infrastructure, training, and staff engagement, limiting realization of potential productivity and quality gains.",Staff computer skills and technology fear; Training adequacy; Staff involvement in planning; Interest and enthusiasm for learning; Perceived usefulness and ease of use,Wireless connectivity; IT support availability; System reliability; Equipment quality; Internet connectivity limitations,Policy incentives for preparation and training; Greater engagement mandates; Medicare/Medicaid requirements,Lack of systematic implementation processes; Inadequate change management; Insufficient IT staffing; Super-user roles without compensation; Leadership engagement with workforce
I131,R0241,Environmental market factors associated with electronic health record adoption among cancer hospitals.,2018,Health care management review,10.1097/HMR.0000000000000149,PubMed,abstract,Cohort/observational,,,Y,Y,2,"I, O","Environmental munificence (cancer incidence, aging population); market complexity (competition, managed care penetration); market dynamism (population change); urban location","Environmental market characteristics—munificence, complexity, and dynamism—significantly predict EHR adoption patterns differently in academic versus community-based cancer hospitals.",,,Cancer incidence rates; Medicare Managed Care penetration; population demographics (age 65+),Urban location; market competition; hospital accreditation status (CoC)
I132,R1305,Association between Electronic Medical Record System Adoption and Healthcare Information Technology Infrastructure.,2018,Healthcare informatics research,10.4258/hir.2018.24.4.327,PubMed,fulltext,Survey/cross-sectional,,Y,,Y,2,"T, O",IT staff numbers; IT department existence; IT subsystems adoption; organizational structure; healthcare IT infrastructure,"Full EMR system adoption is significantly associated with healthcare IT infrastructure, including IT staffing, IT department presence, and adoption of multiple IT subsystems.",,"IT subsystems (CPOE, PACS, LIS, pharmacy, referral, telemedicine, billing, ERP, data warehouse); IT infrastructure; system interoperability; technical integration",,IT department establishment; IT staffing levels; organizational structure; human resources for IT support
I133,R0418,Lessons Learned From a Living Lab on the Broad Adoption of eHealth in Primary Health Care.,2018,Journal of medical Internet research,10.2196/jmir.9110,PubMed,fulltext,Qualitative study,Y,Y,Y,Y,4,"U, T, I, O",Patient involvement and willingness; health care professional readiness and workload fit; multi-stakeholder collaboration; technical infrastructure and integration; policy and business model alignment,"Successful eHealth adoption in primary care requires coordinated action across four stakeholder groups (patients, professionals, entrepreneurs, policy makers), each with distinct needs and expectations, operating within integrated infrastructure and aligned governance frameworks.",Patient willingness and engagement variability; professional acceptance and workflow integration; recruitment and research fatigue; end-user digital readiness,Technical infrastructure maturity; system integration and interoperability; single sign-on infrastructure; data warehousing and videoconferencing capabilities,Health care policy and insurance alignment; governance structure; business model viability; regulatory and funding mandates for innovation,"Multi-stakeholder collaboration and coordination; project management across distributed practices; change management and shared vision; leadership across research institutes, SMEs, and care centers"
I134,R0300,Obstacles to Successful Implementation of eHealth Applications into Clinical Practice.,2018,Studies in health technology and informatics,,PubMed,abstract,Qualitative study,Y,,Y,Y,3,"U, I, O",Financing barriers; Human factors (clinician acceptance); Organizational factors; Implementation strategy gaps,"Seven barriers spanning financing, human factors, and organizational factors were identified as critical obstacles to eHealth implementation in Dutch clinical practice.",Health professional acceptance; human factors affecting uptake,,Financing; policy/regulation barriers,Organizational factors; implementation strategy
I135,R0721,Development of Hospital-based Data Sets as a Vehicle for Implementation of a National Electronic Health Record.,2018,Perspectives in health information management,,PubMed,abstract,Framework/policy analysis,,Y,Y,Y,3,"T, I, O",International standards alignment (HL7/ASTM); local adaptation to facilities and social/cultural conditions; data standardization and structuring; confidentiality and security frameworks; provider authentication and accountability,"Hospital data set development for national EHR requires balancing international standards (HL7, ASTM) with local adaptation to existing paper-based practices, facilities infrastructure, and cultural contexts.",,HL7 and ASTM standards; data interoperability; structured vs. free-text elements; technical standards E1384 and HL7V.x,"Health ministry approval of paper-based records; confidentiality and information security policy; new care delivery models (teleconference, tele-video, home visit); financial and insurance governance",Local adaptation to existing facilities; integration of paper-based records with standardized data sets; data governance and provider authentication/signature requirements
I136,R0253,Implementation of Health Information Exchange at the Pima County Adult Detention Complex: Lessons Learned.,2018,Journal of correctional health care : the official journal of the National Commission on Correctional Health Care,10.1177/1078345818764127,PubMed,abstract,Qualitative study,Y,Y,Y,Y,4,"U, T, I, O",Staff acceptance and buy-in; Technical interoperability and integration with existing systems; Regulatory and policy frameworks for corrections; Change management and implementation strategy,"Semi-structured interviews with correctional health professionals identified both challenges and successes in implementing HIE at a detention facility, with implications for future corrections system implementations.",Correctional health care professional and staff perspectives; acceptance of electronic systems,Health information exchange systems; electronic medical records; data exchange between health care entities,Regulatory and policy environment specific to corrections systems; public health entity involvement,Implementation strategy; change management; coordination across multiple stakeholder groups
I137,R0330,Capabilities and Advantages of Cloud Computing in the Implementation of Electronic Health Record.,2018,Acta informatica medica : AIM : journal of the Society for Medical Informatics of Bosnia & Herzegovina : casopis Drustva za medicinsku informatiku BiH,10.5455/aim.2018.26.24-28,PubMed,fulltext,Systematic review,Y,Y,,Y,3,"U, T, O","Cost reduction; Security and privacy (encryption, authentication); Scalability; Interoperability and data exchange; Staff training and expertise","Cloud computing offers ten key capabilities (cost, security, scalability, interoperability, platform independence, search ability, error reduction, structure, flexibility, data sharing) that facilitate EHR implementation, though administrative support and user training remain critical challenges.",Staff training requirements; lack of user skill and knowledge; user acceptance and expertise,Encryption/decryption; interoperability standards; platform independence; scalability; data integration; search and retrieval capabilities,,Administrative support; change management challenges; leadership role in addressing implementation barriers
I138,R0144,Adoption of Social Determinants of Health EHR Tools by Community Health Centers.,2018,Annals of family medicine,10.1370/afm.2275,PubMed,abstract,Mixed-methods,Y,Y,Y,Y,4,"U, T, I, O",Workflow integration; staff training and access; tool usability and customization; timing of data entry; organizational readiness,"EHR-based SDH documentation is feasible but faces substantial adoption barriers related to workflow fit, staff training, and implementation practices.",Staff training and access; usability of screening tools; workflow fit and integration,EHR system capability to collect and document SDH data; tool customization and modification,Health policy implications for SDH documentation in primary care; regulatory/system-level adoption feasibility,Workflow integration; staff training and access; timing of data entry; change management through tool modification
I139,R0733,"[Views of health system administrators, professionals, and users concerning the electronic health record and facilitators and obstacles to its implementation].",2018,Cadernos de saude publica,10.1590/0102-311X00187916,PubMed,abstract,Qualitative study,Y,Y,Y,Y,4,"U, T, I, O",Stakeholder perceptions and acceptance; costs and resource constraints; data privacy and confidentiality concerns; centralized vs. decentralized governance; communication among stakeholders,"EHR implementation is influenced by diverse technical, organizational, and social factors that are perceived differently by administrators, professionals, and users, requiring stakeholder alignment.",Health professional and user acceptance; diverse perspectives on EHR attributes and impact,Data storage architecture (centralized vs. decentralized); technical attributes and integration,Privacy and confidentiality concerns; national vs. local policy frameworks; governance models,Leadership and stakeholder communication; implementation strategy and coordination across levels
I140,R0917,Falling short: how state laws can address health information exchange barriers and enablers.,2018,Journal of the American Medical Informatics Association : JAMIA,10.1093/jamia/ocx122,PubMed,abstract,Framework/policy analysis,,,Y,Y,2,"I, O",State legal frameworks; governance structures; privacy and security regulations; incentive mandates; stakeholder participation policies,"Existing state and territorial HIE laws address only 8.32 of 20 identified legal facilitators on average, with none of the significant criteria unambiguously addressed in >60% of jurisdictions, indicating inadequate legal support for HIE adoption.",,,governance laws; privacy and confidentiality frameworks; security regulations; incentive mandates; patient engagement policies,state legal frameworks; stakeholder participation structures; sustainability mechanisms
I141,R0474,Realizing Quality & Experience Benefits Through EHR Adoption & Use: A Conceptual Model.,2019,Studies in health technology and informatics,,PubMed,abstract,Framework/policy analysis,Y,Y,Y,Y,4,"U, T, I, O",User adoption readiness; Technical interoperability and integration; Institutional policy and governance; Organizational change management; Quality and experience benefit realization,"A comprehensive conceptual model with 42 constructs across micro, meso, and macro levels identifies determinants of EHR adoption and use necessary to realize quality and experience benefits.","User acceptance, adoption readiness, usability factors","Technical integration, system reliability, data exchange standards","Policy frameworks, governance structures, institutional alignment","Implementation planning, change management, organizational execution, benefit realization metrics"
I142,R0466,"Design, Implementation and Adoption of an Electronic Dental Record Within an Electronic Health Record in the Public Healthcare System of Buenos Aires City.",2019,Studies in health technology and informatics,10.3233/SHTI190656,PubMed,abstract,Case study,Y,Y,Y,Y,4,"U, T, I, O",Implementation timeline; Facility-level variability in adoption; Integration within existing EHR; Primary health care setting,Dental Record adoption within an integrated EHR system showed progressive but variable adoption across public health facilities over five months of implementation.,Progressive adoption patterns; facility-level variability suggesting differential staff engagement,EHR integration; electronic dental record system design and functionality,Public healthcare system context; Primary Health Care network policy environment,Implementation strategy; five-month rollout timeline; facility-level execution variability
I143,R1583,Determinant factors in applying electronic medical records in healthcare.,2019,Eastern Mediterranean health journal = La revue de sante de la Mediterranee orientale = al-Majallah al-sihhiyah li-sharq al-mutawassit,10.26719/emhj.18.007,PubMed,abstract,Survey/cross-sectional,Y,Y,Y,Y,4,"U, T, I, O",Perceived ease of use; Perceived usefulness; Technological context; Organizational context; Environmental context,"An integrated TOE-TAM model explained 68% of EMR adoption variance, identifying nine significant determinants across user, technical, institutional, and organizational domains.",Perceived ease of use; Perceived usefulness; End-user acceptance and intention,Technological context; System reliability and integration,Environmental context; Policy and regulatory factors,Organizational context; Implementation strategy and governance
I144,R1419,Factors Influencing Implementation of an Electronic Medical Record in a Tertiary Cancer Centre.,2019,Studies in health technology and informatics,10.3233/SHTI190779,PubMed,abstract,Qualitative study,Y,Y,,Y,3,"U, T, O",Staff buy-in; Learning curve; Technical support quality; Perceived workload impact; Feature completeness; Documentation standardization,"EMR implementation in a tertiary cancer centre faced barriers including inadequate technical support, perceived workload increase, and steep learning curve, but was enabled by staff engagement and system functionality.",Buy-in from staff; Learning curve; Staff acceptance and experiences,Feature completeness and functionality; Technical support interaction; System reliability,,Change management; Implementation strategy; Post-implementation support
I145,R0888,Staff expectations for the implementation of an electronic health record system: a qualitative study using normalisation process theory.,2019,BMC medical informatics and decision making,10.1186/s12911-019-0952-3,PubMed,fulltext,Qualitative study,Y,,Y,Y,3,"U, I, O",Staff understanding of EHR rationale; Willingness to engage and invest time; Perceived user involvement in design; Preparedness for system use; Training and support adequacy,"Health professionals understood the rationale for EHR implementation but varied in engagement levels, with preparedness and user involvement in design critical to collective action and reducing concerns about patient safety impacts.",Variation in cognitive participation across staff groups; perceived impact on clinical work practices; training and support needs; concerns about quality and safety of patient care,,NHS policy context; implementation strategy and planning; governance structure with clinically-led development; institutional support for go-live preparation,Implementation project team; super-users and EHR friends support structure; change management through road shows and demonstrations; project planning and delay decision-making
I146,R0879,An Evaluation of System End-User Support during Implementation of an Electronic Health Record Using the Model for Improvement Framework.,2019,Applied clinical informatics,10.1055/s-0039-3402450,PubMed,abstract,Case study,Y,,,Y,2,"U, O",End-user support resources; Leadership engagement; Internal support personnel; Zone leaders; Daily information dissemination; Support personnel management,"Dedicated end-user support resources, engaged leadership, and structured communication mechanisms (zone leaders, daily huddles) facilitated EHR adoption, while large-scale external support personnel management presented logistical and knowledge-transfer challenges.",Clinician frustration reduction; Adoption support; End-user engagement,,,Leadership commitment; Change management through PDSA cycles; Support personnel allocation; Implementation project resourcing; Organizational learning from experience
I147,R0452,Model for Evaluating the Implementation of a Third Generation EHR System.,2019,Studies in health technology and informatics,10.3233/SHTI190153,PubMed,abstract,Framework/policy analysis,Y,,,Y,2,"U, O",Leadership; staff perception; clinical department implementation; care quality; implementation theory adequacy,"A model linking leadership, departmental EHR implementation, staff perception, and care quality is proposed to evaluate third-generation EHR adoption in mature EHR environments.",Staff perception; user experience in mature EHR context,,,Leadership; implementation strategy; departmental execution; change management in established EHR settings
I148,R0447,"Impact of Electronic versus Paper-Based Recording before EHR Implementation on Health Care Professionals' Perceptions of EHR Use, Data Quality, and Data Reuse.",2019,Applied clinical informatics,10.1055/s-0039-1681054,PubMed,abstract,Survey/cross-sectional,Y,Y,,Y,3,"U, T, O",Pre-implementation recording practice (paper vs. legacy EHR); user expectations and expectation-reality gap; perceived ease of use and workflow fit; data quality perception; organizational change readiness,"Pre-implementation recording practice significantly impacts how healthcare professionals perceive structured EHR implementation benefits, with paper-based centers showing improvement and legacy EHR centers showing deterioration, and nearly half of respondents experiencing results worse than expected.",User perception of EHR use; healthcare professionals' acceptance; expectation-reality gap; workflow adaptation,Structured and standardized data recording; data quality perception; data reuse capability; legacy system transition,,Implementation strategy differences by baseline system; organizational change management; addressing user expectations during transition
I149,R1615,The Implementation of the Ehealth System and Anticorruption Reforms (Case of EU Countries for Ukraine),2019,2019 9th International Conference on Advanced Computer Information Technologies (ACIT),10.1109/ACITT.2019.8779933,IEEE,abstract,Framework/policy analysis,,Y,Y,Y,3,"T, I, O",Political will and government commitment; regulatory burden reduction; data system integration (patient/provider registry); ICT sector capacity; EU reform lessons,"Ukraine's eHealth implementation success depends on government commitment, minimal regulatory burden, and learning from EU country experiences.",,"Pan-Ukrainian registry of patients, doctors, medical institutions; medical data system; data exchange infrastructure",Government political will; Ministry of Health priority status; anti-corruption reforms; regulatory frameworks; health sector transformation policy,Ministry of Health implementation leadership; project prioritization since 2017; healthcare system efficiency transformation strategy
I150,R0937,The new European interoperability framework as a facilitator of digital transformation for citizen empowerment.,2019,Journal of biomedical informatics,10.1016/j.jbi.2019.103166,PubMed,abstract,Framework/policy analysis,Y,Y,Y,Y,4,"U, T, I, O",Interoperability standards (EIF); regulatory alignment; usability and user needs; security and ethics; multi-disciplinary governance,"The European Interoperability Framework, when adapted for personally managed health data, provides a structured approach to address interoperability, regulatory, usability, and organizational barriers to eHealth system adoption for citizen empowerment.",Usability; user needs and expectations; citizen empowerment,Interoperability standards; data sharing infrastructure; HL7/FHIR-equivalent frameworks; system reliability,European and national regulations; policy alignment; cross-border legal frameworks; ethics and security governance,Multi-disciplinary cooperation; project coordination; infrastructure sustainability; governance structures
I151,R1640,Development of Trust-Integrated Technology Acceptance Model for eHealth Based on MetaAnalytic Findings,2019,"2019 2nd International Conference on Bioinformatics, Biotechnology and Biomedical Engineering (BioMIC) - Bioinformatics and Biomedical Engineering",10.1109/BioMIC48413.2019.9034735,IEEE,abstract,Meta-analysis,Y,Y,Y,,3,"U, T, I",Trust; perceived usefulness; internet use; baseline trust; personal factors,"Meta-analysis identified personal, system, and interaction factors affecting eHealth trust and acceptance, with internet use, perceived usefulness, and baseline trust as the strongest determinants.",Trust; perceived usefulness; baseline trust; internet use; acceptance,System factors; interaction factors; ICT infrastructure,Policy implications; universal health coverage mandate; WHO eHealth program,
I152,R1598,"Adoption of an Integrated Cloud-Based Electronic Medical Record System at Public Healthcare Facilities in Free-State, South Africa",2019,2019 Conference on Information Communications Technology and Society (ICTAS),10.1109/ICTAS.2019.8703606,IEEE,abstract,Survey/cross-sectional,Y,Y,Y,Y,4,"U, T, I, O",Relative advantage; Security concerns; Top management support; Organizational readiness,"Public healthcare facilities in Free State identify relative advantage, security concerns, management support, and organizational readiness as critical adoption factors for cloud-based EMR systems.",Relative advantage; organizational readiness,Security concerns; cloud computing infrastructure,Policy/regulatory framework for data sharing,Top management support; organizational readiness
I153,R0790,Level of agreement on health information technology adoption and use in survey data: a mixed-methods analysis of ambulatory clinics in 1 US state.,2019,JAMIA open,10.1093/jamiaopen/ooz004,PubMed,fulltext,Mixed-methods,Y,Y,Y,Y,4,"U, T, I, O",Survey item clarity and wording; respondent interpretation of HIT functionalities; data gathering processes; organizational variability in HIT adoption,"Survey validity for measuring HIT adoption varies by functionality type—items about widely adopted functionalities show high agreement across surveys, while items about less common features, usage intensity, and barriers show lower validity and greater respondent confusion.","Respondent understanding of survey terminology (e.g., 'routinely' vs 'occasionally'); digital literacy in data gathering; familiarity with HIT functionalities","Technical interoperability items (health information exchange with government agencies, hospitals, ambulatory clinics); certified EHR technology; CPOE; CDS; e-prescribing; patient portal capabilities",Regulatory and reporting requirements (MDH mandate); organizational governance structures in health systems; quality measure standardization across clinics,Survey respondent role and data-gathering processes; organizational time constraints; multi-respondent coordination within medical groups; change management during EHR transitions
I154,R1533,Development of electronic medical records for clinical and research purposes: the breast cancer module using an implementation framework in a middle income country- Malaysia.,2019,BMC bioinformatics,10.1186/s12859-018-2406-9,PubMed,fulltext,Case study,Y,Y,Y,Y,4,"U, T, I, O",Clinician acceptance and age cohort; HL7 standards and interoperability; PDPA compliance and governance; Multidisciplinary stakeholder engagement and QIF framework,"Implementation of a breast cancer EMR module using the Quality Implementation Framework in a middle-income country setting successfully addressed data management challenges through stakeholder engagement, regulatory compliance, and structured workflow integration, though adoption varied by clinician age and digital literacy.",Age cohort of users (25-35 years adapt quickly); senior clinicians perceived system as hindrance; staff training needs; digital workflow adoption resistance,HL7 standard compliance; data de-identification; integration with legacy EMR system (i-Pesakit); interoperability between departments; secure data transfer automation,PDPA 2010 compliance; Malaysia Health Care Act; Ethics Committee approval; national cancer registry reporting requirements; governance for clinical data privacy,Multidisciplinary team formation; QIF implementation framework; workflow mapping; structured change management; iterative system improvements over 6 years
I155,R1088,Motivation and Barriers to Using the Veterans Health Information Exchange: A Survey of Veterans Affairs 'Superusers'.,2019,AMIA ... Annual Symposium proceedings. AMIA Symposium,,PubMed,abstract,Survey/cross-sectional,Y,Y,Y,Y,4,"U, T, I, O",User motivation; Technical barriers; Institutional policies; Organizational support; Clinician acceptance,"Study identifies motivations and barriers to adoption and use of Veterans Health Information Exchange among VA superusers across user readiness, technical, institutional, and organizational dimensions.",Clinician motivation; Acceptance; Training needs; Usability concerns,System reliability; Data exchange barriers; Technical infrastructure,VA policies; Regulatory framework; Incentive structures,Organizational support; Change management; Leadership involvement
I156,R0653,"Electronic Health Record Implementation Findings at a Large, Suburban Health and Human Services Department.",2019,Journal of public health management and practice : JPHMP,10.1097/PHH.0000000000000768,PubMed,abstract,Survey/cross-sectional,Y,Y,Y,Y,4,"U, T, I, O",Ease of use; Training and job-role tailoring; Perceived usefulness; Workflow fit for public health; System complexity,"Staff perceptions of EHR usefulness, complexity, and benefits declined significantly 3 months post-implementation, driven by misalignment between commercial EHR design and public health workflows.",Ease of use; perceived usefulness; training adequacy; job-role competencies; user acceptance and future use intentions,System complexity; information access; data structures; common terminologies; technical capabilities in procurement,Policy and contracting language; patient safety and evaluation mandates; public health data standards and processes,Implementation strategy and timeline; workforce communication campaigns; pre-implementation training; change management; service-area variation in adoption
I157,R0630,Unintended Consequences of Nationwide Electronic Health Record Adoption: Challenges and Opportunities in the Post-Meaningful Use Era.,2019,Journal of medical Internet research,10.2196/13313,PubMed,fulltext,Framework/policy analysis,Y,Y,Y,Y,4,"U, T, I, O",Failed expectations and weak HIT evaluation research; EHR market saturation and vendor oligopoly; Innovation vacuum from accelerated adoption without prior problem-fixing; Physician burnout from documentation burden and suboptimal usability; Policy-driven adoption via Meaningful Use incentives without complementary investments,"Nationwide EHR adoption driven by Meaningful Use financial incentives achieved high adoption rates but produced major unintended consequences—failed health outcomes, market consolidation, stalled innovation, and clinician burnout—revealing that EHR implementation success requires research rigor, complementary organizational and technical investments, and vendor openness beyond top-down policy mandates.",Poor usability; clinician burnout; documentation burden (2 hours per 1 hour patient contact); inadequate usability testing; workflow disruption,Suboptimal clinical decision support; excessive alerts; poor interoperability despite FHIR/SMART initiatives; vendor lock-in; lack of data standards enforcement; certification process gaps,Meaningful Use program financial incentives; pay-for-performance and ACA requirements; vendor contracts preventing transparency; policy-driven adoption without complementary governance; regulatory certification inadequacy,Vendor consolidation (top 3 vendors control 66% acute care market); dissolution of informatics departments at benchmarking organizations; weak implementation research designs; lack of collaboration between academic departments and medical centers
I158,R1373,Facility and Regional Factors Associated With the New Adoption of Electronic Medical Records in Japan: Nationwide Longitudinal Observational Study.,2019,JMIR medical informatics,10.2196/14026,PubMed,fulltext,Cohort/observational,,,Y,Y,2,"I, O",Facility size (outpatient volume; number of doctors); presence of interns; number of beds; establisher type (public vs private); population density,"EMR adoption determinants differ significantly between hospitals and clinics; smaller hospitals and clinics in denser regions show higher adoption, while cancellation rates are higher in smaller clinics despite scheduled plans.",,,Population density; regional variation in adoption patterns,Facility size (bed count; outpatient volume; staffing); establisher classification (public vs private); presence of interns; regional support infrastructure
I159,R1341,Adding Social Determinants in the Electronic Health Record in Clinical Care in Hawai'i: Supporting Community-Clinical Linkages in Patient Care.,2019,Hawai'i journal of medicine & public health : a journal of Asia Pacific Medicine & Public Health,,PubMed,abstract,Case study,Y,Y,Y,Y,4,"U, T, I, O",Clinical relevance of social data fields; capacity of social work liaisons; EHR integration design; organizational readiness for community linkages; workflow fit for screening tools,"Three Hawaii health systems successfully integrated social determinants screening into EHR workflows to support clinical-community linkages, with success dependent on clinical relevance, social work capacity, and organizational design.",Workflow integration; clinical relevance; social work liaison capacity and training,EHR data field design; social needs screening tool integration; data structure for social support and mobility assessment,Community-clinical linkage governance; addressing population health priorities specific to Hawaii context,Implementation strategy across three health systems; change management lessons; resource allocation for social work support
I160,R1448,Implementation of electronic medical records at an Emergency Medicine Department in Tanzania: The information technology perspective.,2019,African journal of emergency medicine : Revue africaine de la medecine d'urgence,10.1016/j.afjem.2019.07.002,PubMed,fulltext,Case study,Y,Y,Y,Y,4,"U, T, I, O",Staff training and digital literacy; IT infrastructure and system reliability; Institutional support and funding; Leadership engagement and change management; Super-user identification and peer support,"Successful EDIS implementation in a low-resource setting required comprehensive IT planning, extensive staff training addressing baseline computer literacy gaps, robust infrastructure investment, and engaged leadership that retained trained staff.",Basic computer skills training before EDIS; awareness-raising through externships and conferences; super-key users for peer support; one-page instructional flyers; training accommodated different staff cadres; live scenario practice,Server configuration and network policies; firewall security; interface development between EDIS and HMS; LAN infrastructure corrective maintenance; database and backup system testing; 60 new computers procured; uninterruptible power supply and automatic generator installation,Tanzania National eHealth Strategy alignment; Ministry of Health eFMS coordination; Abbott Fund Tanzania project funding; Memorandum of Understanding documentation; hospital management policy on staff retention,"IT Project Plan with clear documentation; designated systems administrator; vendor engagement (Wellsoft Corporation, Napier); weekly progress meetings; emergency centre administrators as Go Live champions; phased training schedule; multiple Go Live date adjustments for readiness"
I161,R0583,The implementation of an electronic health record: Comparing preparations for Epic in Norway with experiences from the UK and Denmark.,2019,International journal of medical informatics,10.1016/j.ijmedinf.2019.06.026,PubMed,abstract,Case study,Y,Y,Y,Y,4,"U, T, I, O",Interface/interoperability failures; Change management readiness; Implementation planning and preparation; Organizational learning from prior deployments; System reliability and performance,"Preparations for Epic implementation in Norway were informed by troubled deployments in the UK and Denmark, which revealed critical pitfalls in technical interoperability, change management, and organizational readiness despite efforts to learn from these experiences.",Workflow disruption; staff adaptation to system changes,Interface malfunctions; integration with other clinical systems; system performance drops,Implementation planning; national/organizational policy and governance; lessons learned across healthcare systems,Change management; implementation strategy; project preparation; organizational learning from prior deployments
I162,R0566,A systematic review of reviews to identify key research opportunities within the field of eHealth implementation.,2019,Journal of telemedicine and telecare,10.1177/1357633X18768601,PubMed,abstract,Systematic review,Y,Y,Y,Y,4,"U, T, I, O",Stakeholder acceptance and system users; Technology and interoperability; Cost-effectiveness and start-up costs; Legal clarity and frameworks; Local context and regional differences,"eHealth implementation faces five key challenge areas spanning user, technical, financial, legal, and contextual domains, with four corresponding opportunity areas for advancement.",Stakeholders and system users; participation and contribution,Technology and interoperability,Legal clarity and legal framework; cost-effectiveness,Foundation and sustainability; improvement and productivity
I163,R1472,Going digital: a checklist in preparing for hospital-wide electronic medical record implementation and digital transformation.,2019,Australian health review : a publication of the Australian Hospital Association,10.1071/AH17153,PubMed,abstract,Framework/policy analysis,Y,Y,Y,Y,4,"U, T, I, O",Leadership and governance; Change management and readiness; Vendor and IT team selection; Workflow alignment; Training and support,"A 19-question evidence-based checklist addresses organizational, technical, and cultural determinants essential for successful hospital-wide EMR implementation and digital transformation.",User training; staff support at point of care; readiness for change surveys; clinician workflow alignment,Vendor choice; IT and project management teams; system and hardware alignment; interoperability with legacy systems,Leadership and governance structures; change leaders; clinical vision statement; communication strategy,Implementation plan; post-go-live contingency plans; roll-out sequence; post-go-live optimization; quality and benefit evaluation
I164,R0558,Invisible work and changing roles: Health information technology implementation and reorganization of work practices for the inpatient nursing team.,2019,Social science & medicine (1982),10.1016/j.socscimed.2019.112387,PubMed,abstract,Qualitative study,Y,,,Y,2,"U, O",Workflow disruption and role reconfiguration; Visibility and invisibility of work; Staffing and task delegation; Nurse-patient interaction priorities; Organizational adaptation to technology,"HIT implementation reduced nurse-patient interaction but triggered organizational realignment of staffing and task delegation to preserve patient care priorities, with unintended role uncertainty for unit clerks.",User/technology interactions shape unexpected outcomes; nursing staff acceptance contingent on patient care priorities,,,Leadership re-prioritization of patient care; staffing realignment; task delegation strategies; role reconfiguration of unit clerks and nurse managers
I165,R0550,Role Played and Strategies Employed by Managers to Support Point-of-Care Nurses' Use and Adoption of Health Information Technology: A Scoping Review.,2019,"Nursing leadership (Toronto, Ont.)",10.12927/cjnl.2019.25959,PubMed,abstract,Scoping review,Y,,,Y,2,"U, O",Nurse manager decision-making; Implementation planning; Staff support strategies; Organizational evaluation; Manager preparedness,"Nurse managers play critical roles in health IT adoption through decision-making, implementation planning, staff support, and evaluation, with effective strategies targeting both manager preparation and direct point-of-care staff support.",Staff support; training; acceptance; workflow integration,,,Manager decision-making; implementation planning; change management; leadership role; evaluation
I166,R0717,Electronic Health Record implementation in a large academic radiotherapy department: Temporarily disruptions but long-term benefits.,2019,International journal of medical informatics,10.1016/j.ijmedinf.2019.07.008,PubMed,abstract,Case study,Y,Y,,Y,3,"U, T, O",Workflow disruptions during transition; clinician acceptance and expectations; technical integration and functionalities; change management approach,"EHR implementation caused temporary disruptions in patient processes during the first 6 months, but stabilized thereafter without compromising safety, with long-term benefits realized if clinician expectations are managed appropriately.",Physician perception and long-term opinion shaped by early-implementation experience; expectation management critical for acceptance,EHR integration with clinical workflow and billing systems; system functionalities and reliability post-implementation,,Social-technical implementation approach; change management strategy; incident monitoring during transition period
I167,R0527,Identifying and Overcoming Policy-Level Barriers to the Implementation of Digital Health Innovation: Qualitative Study.,2019,Journal of medical Internet research,10.2196/14994,PubMed,fulltext,Qualitative study,Y,,Y,Y,3,"U, I, O",System-level definition of innovation; Clear overarching mission; Defined organizational roles; Standardized processes; Change management emphasis; Aligned funding structures,"Policy-level barriers including lack of shared innovation definitions, unclear missions, poorly defined roles, and misaligned funding structures impede digital health adoption at the organizational and system level.",Clinician resistance; Workflow disruption; End-user engagement gaps; Need for change management emphasis,,Misaligned incentives in publicly funded systems; Policy vacuum on innovation; Lack of provincial guidance; Funding structure alignment,Strong leadership; Culture of innovation; Top-down vs. grassroots approaches; Organizational role clarity; Communication and collective action across stakeholders
I168,R0485,Looking Behind the Curtain: Identifying Factors Contributing to Changes on Care Outcomes During a Large Commercial EHR Implementation.,2019,"EGEMS (Washington, DC)",10.5334/egems.269,PubMed,fulltext,Mixed-methods,Y,Y,,Y,3,"U, T, O",Learning curve; incomplete data migration; decrease in communication; resistance to learning; missing functionality,"EHR implementation outcomes are shaped by diverse complementary factors including workflow adaptation, staff training, system functionality, and change management—not technology alone.",Learning curve; resistance to learning or using new EHR; staff training via scribes; communication patterns change,Incomplete data migration affecting alerts; missing functionality for clinical overrides; CPOE adoption impacts,,Redistribution of staff and work; increase in staff hiring; ED physician patient ratio adjustments; change management during implementation
I169,R0483,Usage of and Attitudes Toward Health Information Exchange Before and After System Implementation in a VA Medical Center.,2019,"Federal practitioner : for the health care professionals of the VA, DoD, and PHS",,PubMed,abstract,Case study,Y,Y,Y,Y,4,"U, T, I, O",Staff satisfaction with health record access; System implementation process; Community data exchange capability; Organizational readiness,Implementation of an externally developed health information exchange system improved VA staff satisfaction regarding access to community-based health records.,"Staff attitudes, satisfaction with system usability and access","Health information exchange system, external system integration, data exchange capability","VA organizational context, healthcare system policy framework","System implementation, quality improvement project execution"
I170,R1415,Electronic medical record implementation for a healthcare system caring for homeless people.,2019,JAMIA open,10.1093/jamiaopen/ooy046,PubMed,fulltext,Case study,Y,Y,Y,Y,4,"U, T, I, O",Workflow analysis and optimization; Staff engagement and change management; Training strategies and live training environment; Governance structure and leadership; Customization for population-specific needs,"Successful EMR implementation for homeless care was achieved through comprehensive pre-go-live workflow analysis, staff-driven standardization, role-based training in a live environment, and minimal customization tailored to the unique clinical and operational needs of serving homeless populations.",Staff engagement and consensus building; Role-based cross-functional training; Screenshot guides for optimized workflows; Super-user designation; Clinical and practice management staff cross-training,"Multiple network connectivity strategies (LAN, VPN, cellular hotspots, Citrix portal); Legacy data migration (3 years demographics, clinical notes, labs); Epic interoperability with Boston-area hospitals; Configured order sets and preference lists","Governance structure with CEO, CFO, COO, CIO, Chief Medical Officer; Federal Qualified Community Health Center status; Medicaid/Medicare insurance coverage (84%); Alignment with Boston HealthNet and major teaching hospitals",6-month aggressive implementation timeline; Physician informatics consultant involvement; Department-specific meetings; Change management strategies; Go-live rehearsals; Phased on-site support; Minimal software customization approach
I171,R0772,Narrative Review for Exploring Barriers to Readiness of Electronic Health Record Implementation in Primary Health Care.,2019,Healthcare informatics research,10.4258/hir.2019.25.3.141,PubMed,fulltext,Scoping review,Y,Y,Y,Y,4,"U, T, I, O",Individual readiness (psychological and structural factors); Organizational readiness (psychological and structural factors); Barriers in developing vs. developed countries,"Barriers to EHR readiness differ significantly between developed and developing countries: developing countries face organizational barriers (lack of skilled manpower, insufficient management, poor team interaction) while developed countries encounter individual barriers (unfamiliarity with systems, lack of time for computer use).","Willingness, awareness, positive attitude, knowledge, computer skills, perception of benefits","IT infrastructure, system integration, security and privacy, national health information network, data exchange standards","EHR policies, legal framework, ethical standards, incentives, regulatory mandates","Training, budget planning, teamwork, qualified organization/accreditation status, monitoring, skilled manpower, senior management commitment"
I172,R0593,Electronic Health Record Adoption and Nurse Reports of Usability and Quality of Care: The Role of Work Environment.,2019,Applied clinical informatics,10.1055/s-0039-1678551,PubMed,abstract,Survey/cross-sectional,Y,,,Y,2,"U, O",Comprehensive EHR adoption level; Hospital work environment; Nurse usability perceptions; Organizational culture and support,"Comprehensive EHR adoption and hospital work environment independently improve nurse-reported usability and quality of care, with work environment playing a particularly strong role in patient safety outcomes.",Nurse dissatisfaction with EHR system; Usability ratings; EHR system satisfaction; Nurse acceptance,,,Hospital work environment; Organizational culture; Nurse staffing adequacy; Teamwork and communication climate
I173,R0731,"Same Goals, Yet Different Outcomes: Analysing the Current State of eHealth Adoption and Policies in Austria, Germany, and Switzerland Using a Mixed Methods Approach.",2019,Studies in health technology and informatics,10.3233/SHTI190377,PubMed,abstract,Mixed-methods,Y,Y,Y,Y,4,"U, T, I, O",Policy frameworks; Patient awareness and acceptance; Technical interoperability for HIE; Institutional governance across countries; Implementation strategy differences,"Despite similar policy goals in Austria, Germany, and Switzerland, eHealth adoption rates and implementation pathways differ significantly, with weak patient awareness identified as a common barrier across all three countries.",Patient awareness about eHealth; Clinical director acceptance; Staff readiness,Electronic patient records; Health information exchange standards; Electronic patient communication systems,National policy goals; Country-level regulatory frameworks; Policy initiatives,Implementation strategy differences; Hospital-level adoption execution; Governance structures across countries
I174,R0182,Sustainable Adoption of Digital Health Innovations: Perspectives From a Stakeholder Workshop.,2019,Journal of medical Internet research,10.2196/11922,PubMed,fulltext,Qualitative study,Y,Y,Y,Y,4,"U, T, I, O",Stakeholder alignment and conflicting interests; data sharing willingness and privacy concerns; interoperability and decentralization barriers; organizational readiness and change management; patient-centeredness in design,"Sustainable digital health adoption requires alignment of diverse stakeholder interests, clarification of regulatory context and responsibilities, and overcoming barriers related to fragmentation, data security, and organizational change resistance.",Fear of change; unwillingness to share data; lack of digital literacy and education levels; job security concerns; patient satisfaction expectations,Lack of interoperability standards across 26 cantons; persistent paper-based systems; need for security and privacy regulation; agile development approaches versus traditional lengthy processes,"Decentralized governance (26 cantons, 4 languages); conflicting health care spending priorities; lack of long-term planning (annual insurance changes); need for national regulation and responsibility clarification",Change enablement processes; patient-centered innovation development; stakeholder consensus-building; leadership priority for digital health; project management and resourcing for digitization
I175,R0216,Organizational influences on healthcare system adoption and use of advanced health information technology capabilities.,2019,The American journal of managed care,,PubMed,abstract,Survey/cross-sectional,,Y,,Y,2,"T, O",EHR standardization; ownership and management of medical groups; organizational structure; resource allocation practices,EHR standardization and integrated ownership of hospitals and medical groups are the strongest organizational predictors of advanced HIT capability adoption among US health systems.,,EHR standardization across organizations,,Organizational structure; ownership and management of medical groups; resource allocation practices
I176,R0374,Physician Perspectives on Training for an EHR Implementation.,2019,Studies in health technology and informatics,10.3233/SHTI190440,PubMed,abstract,Qualitative study,Y,,,Y,2,"U, O",Training model adequacy; Clinician stress and anxiety; Specialty-specific workflow alignment; Training-to-implementation time gap; Realism of training environments,"Physician acceptance of EHR implementation is shaped by training quality, particularly the realism and specialty-tailoring of the training environment and the proximity of training to Go-Live.",Stress and anxiety during transition; desire for specialty-tailored training; perception of training quality,,,Peer-to-peer training model; classroom and web-based training delivery; time gap between training and implementation; project management of training scheduling
I177,R0039,The Adoption of the Electronic Health Record by Physicians.,2019,Methods of information in medicine,10.1055/s-0039-1695006,PubMed,abstract,Survey/cross-sectional,Y,Y,Y,Y,4,"U, T, I, O",Perceived usefulness; Perceived ease of use; Social influence; Resistance to change; Training,"Physicians' EHR adoption is significantly influenced by perceived usefulness, ease of use, social influence, resistance to change, and demographic factors, with system design and awareness improvements critical to increasing adoption rates.",Perceived usefulness; Perceived ease of use; Resistance to change; Training; Social influence; Age; Work experience; Medical specialty,System design; EHR system functionality,Physicians' awareness of system benefits,Social environment; Implementation strategy for design improvements
I178,R0388,The Role of Nurse Managers in the Adoption of Health Information Technology: Findings From a Qualitative Study.,2019,The Journal of nursing administration,10.1097/NNA.0000000000000810,PubMed,abstract,Qualitative study,Y,,,Y,2,"U, O",Nurse manager support and advocacy; educator role; connector role; communication of system updates; linking staff to resources,"Nurse managers facilitate health IT adoption through advocate, educator, and connector roles, employing strategies including system communication, demonstration, education, and IT oversight.",Staff acceptance; educator role; demonstration of use; facilitating education; point-of-care nurse perceptions,,,Nurse manager leadership; change management strategies; communicating updates; providing oversight; linking staff to resources
I179,R0364,Clinical Leaders' Self-Perceived eHealth Competencies in the Implementation of New eHealth Services.,2019,Studies in health technology and informatics,10.3233/SHTI190427,PubMed,abstract,Survey/cross-sectional,Y,,,Y,2,"U, O",Clinical leaders' eHealth competencies; Change management capability; Training needs; Leadership support; Implementation planning,"Clinical leaders lack competencies in change management and implementation planning, and require greater knowledge of eHealth services to effectively support adoption and reduce staff resistance.",eHealth competencies; training needs; knowledge of eHealth benefits; clinician acceptance support,,,Change management; implementation planning; clinical leadership role; organizational support structures
I180,R0151,A systematic review of the adoption and acceptance of eHealth in Saudi Arabia: Views of multiple stakeholders.,2019,International journal of medical informatics,10.1016/j.ijmedinf.2019.05.007,PubMed,abstract,Systematic review,Y,Y,Y,Y,4,"U, T, I, O",Stakeholder acceptance; Organizational readiness; Technical infrastructure; Policy and regulatory environment; Workforce training and digital literacy,"Thirty-nine factors influencing eHealth adoption and acceptance were identified across multiple stakeholder perspectives in Saudi Arabia, with notable knowledge gaps regarding health manager views and geographic diversity.",Clinician and staff acceptance; user perspectives; digital literacy; training needs,Technology infrastructure; system interoperability; technical barriers,Policy environment; regulatory framework; governance structures; national context,Organizational readiness; implementation factors; leadership engagement; resource allocation
I181,R0012,Electronic Health Record Implementation: A Review of Resources and Tools.,2019,Cureus,10.7759/cureus.5649,PubMed,fulltext,Case study,Y,Y,Y,Y,4,"U, T, I, O","Staff training and readiness; System usability and functionality; Workflow assessment and alignment; Regulatory compliance (HIPAA, Meaningful Use); Testing and change management strategy","Successful EHR implementation requires comprehensive planning across workflow assessment, staff training, technical testing, regulatory compliance, and phased rollout strategies to minimize disruption and maximize clinician satisfaction.",Staff readiness evaluation; Training of super users; Usability testing; Staff satisfaction; Workflow fit,System interfaces and interoperability; Data quality and integrity testing; Security and access controls; CPOE and CDSS functionality; System performance and stress testing,HIPAA compliance; Meaningful Use requirements; CMS incentives and penalties; Accreditation requirements; Regulatory mandates,Workflow evaluation; Implementation planning and scheduling; Testing strategy and protocols; Change management; Project execution approach (immediate vs. incremental)
I182,R0322,Factors influencing adoption of eHealth technologies in Ghana.,2019,Digital health,10.1177/2055207619871425,PubMed,fulltext,Survey/cross-sectional,Y,Y,Y,Y,4,"U, T, I, O",Institutional characteristics; Healthcare manager characteristics; Performance expectancy; Effort expectancy; Technical interoperability; Human resource capacity; Leadership and governance,"Institutional characteristics and healthcare manager characteristics have high influence on eHealth adoption, while performance expectancy and effort expectancy have low influence.",Resistance to change; Digital literacy; Perception of technological complexity; Staff acceptance,System interoperability; IT infrastructure; Data exchange standards; System reliability; Security and privacy concerns,National eHealth strategy; Regulatory framework; Government policies; Funding and investment; Governance structure,Leadership; Healthcare manager characteristics; Change management; Implementation coordination; Project management; Training and capacity building
I183,R0030,Barriers and Facilitators to the Implementation of eHealth Services: Systematic Literature Analysis.,2019,Journal of medical Internet research,10.2196/14197,PubMed,fulltext,Systematic review,Y,Y,Y,Y,4,"U, T, I, O",Digital health literacy; Device access and financing; Security and confidentiality; System usability and design fit; Organizational structures and policies,"A comprehensive synthesis of 77 barriers and 292 facilitators across individual, environmental/organizational, and technical domains reveals that poor digital literacy, lack of devices, financing problems, and security concerns are leading barriers, while ease of use, improved communication, and supportive policies are key facilitators for eHealth adoption.",Limited digital health literacy; Motivation and cognition; Trust and control; User experience; Accessibility for diverse populations,System usability and design fit; Security and confidentiality; Missing standards for data exchange; System reliability and feedback; System language support,Financing and funding mechanisms; Health policies and regulations; Organizational structures; Data governance policies; Political barriers,Organizational change management; Leadership support; Implementation strategy; Project resourcing; Stakeholder collaboration
I184,R0076,Iranian Health Information Technology Acceptance Model (IHITAM) from Users' Views.,2019,Acta informatica medica : AIM : journal of the Society for Medical Informatics of Bosnia & Herzegovina : casopis Drustva za medicinsku informatiku BiH,10.5455/aim.2019.27.245-252,PubMed,fulltext,Survey/cross-sectional,Y,,,Y,2,"U, O",Performance expectancy; Observability; Effort expectancy; Facilitating conditions; Empowerment; Subjective norms,"Six key factors (performance expectancy, observability, effort expectancy, facilitating conditions, empowerment, subjective norms) influence health IT acceptance through perceived usefulness, perceived ease of use, and self-efficacy as interface factors.",Perceived ease of use; Self-efficacy; Effort expectancy; Attitude toward use; User training and support needs,,,Facilitating conditions; Empowerment; Change management; Organizational support; Technology implementation strategy
I185,R0010,Hospital adoption of interoperability functions.,2019,"Healthcare (Amsterdam, Netherlands)",10.1016/j.hjdsi.2018.12.001,PubMed,abstract,Survey/cross-sectional,,Y,Y,Y,3,"T, I, O",Hospital teaching status; system affiliation; regional health information exchange participation; for-profit ownership; receiving provider capability and willingness,"Only 16.7% of US hospitals had adopted all six PI3 interoperability functionalities, though most had implemented most requirements; adoption was higher in teaching, system-affiliated, and HIE-participating hospitals but barriers outside hospital control persisted.",,Interoperability functionalities; health information exchange; data transmission standards,Federal EHR incentive programs; PI3 requirements; regulatory mandates,Hospital teaching status; system affiliation; regional HIE participation; for-profit structure; organizational characteristics
I186,R0043,Adoption of Health Information Technology Among US Nursing Facilities.,2019,Journal of the American Medical Directors Association,10.1016/j.jamda.2018.11.002,PubMed,fulltext,Survey/cross-sectional,Y,Y,Y,Y,4,"U, T, I, O",Organizational innovativeness; professionalism; technical knowledge resources; slack resources; functional differentiation,"84% of nursing facilities adopted EHRs, but organizational innovativeness was the only factor consistently associated with adoption and interoperability engagement after controlling for other organizational characteristics.",Organizational culture fostering innovation; staff professionalism (RN ratio); technical knowledge resources,"Interoperability barriers (57% reported absence); lack of technical know-how (30.6%); ability to send, receive, integrate, search information",Policy emphasis on EHR use and interoperability; lack of federal incentive funding for nursing facilities (unlike hospitals); regulatory context,Organizational innovativeness (6.39x odds); administrative intensity; functional differentiation; multi-facility chain membership; implementation barriers
I187,R0346,Expectations and perceived barriers to widespread implementation of e‑Health in cardiology practice: Results from a national survey in the Netherlands.,2019,Netherlands heart journal : monthly journal of the Netherlands Society of Cardiology and the Netherlands Heart Foundation,10.1007/s12471-018-1199-9,PubMed,fulltext,Survey/cross-sectional,Y,Y,Y,,3,"U, T, I",Age (negative predictor); Personal smartphone use (positive predictor); Lack of EMR data integration; Reimbursement issues; Lack of reliable devices,"Cardiologists are generally positive about e-Health clinical benefits and patient satisfaction gains, but identify lack of EMR integration, reimbursement barriers, and unreliable devices as major implementation obstacles.",Age negatively associated with expectations; Personal smartphone use positively associated with expectations; Concern about increased workload (75.7%); Physician acceptance high (89.4% saw clinical benefit),"Lack of data integration into EMRs (69.4% barrier); Limited device reliability; Over 45,000 m-Health apps without standardized integration; Patient portal integration only 41%",Lack of reimbursement (66.7% barrier); Policy change enabling conditional e-visit/telemonitoring reimbursement from January 2018,
I188,R0405,Toward the Design of an Engagement Tool for Effective Electronic Health Record Adoption.,2019,Perspectives in health information management,,PubMed,abstract,Survey/cross-sectional,Y,,Y,Y,3,"U, I, O",Stakeholder engagement barriers; Implementation readiness; Intervention points; Engagement process modeling; Consolidated Framework for Implementation Research constructs,Survey-based assessment of EHR engagement barriers in a large healthcare organization identified key stakeholder barriers and intervention opportunities using implementation science frameworks.,Stakeholder engagement barriers; user acceptance,,Policy intervention points; organizational governance,Change management; implementation strategy; organizational readiness
I189,R1521,"Improving the management of hypertension and diabetes: An implementation evaluation of an electronic medical record system in Nairobi County, Kenya.",2020,International journal of medical informatics,10.1016/j.ijmedinf.2020.104220,PubMed,abstract,Mixed-methods,Y,Y,Y,Y,4,"U, T, I, O",HCW perception and attitude; system design features and usability; funding and cost sustainability; organizational readiness and implementation strategy,"EMR implementation for NCD management succeeded through positive HCW attitudes, adequate system design, and organizational support, though long-term sustainability requires sustained funding.",HCW positive attitude and perception; ease of use; workflow fit for clinical decision-making,Data elements and structure; system accessibility; confidentiality and access control; accuracy and integrity,Funding availability; cost sustainability; policy alignment for standardized care,Leadership engagement; implementation strategy; adequate resourcing to completion; change management across 33 facilities
I190,R1530,Haiti’s National HIV Quality Management Program and the Implementation of an Electronic Medical Record to Drive Improvement in Patient Care.,2020,,10.1007/978-3-030-43112-9_4,PubMed,abstract,Case study,,Y,Y,Y,3,"T, I, O",National policy mandate for data-driven quality improvement; donor agency and implementing partner support; system design for real-time monitoring and evidence-based decision-making,"Haiti's iSanté EMR system, developed as part of a national HIV quality management program, demonstrates how integrated technical infrastructure and institutional policy alignment can enable data-driven quality improvement in resource-limited settings.",,Electronic medical record system design; data recording and tabulation; real-time monitoring capability; nationwide integration,National HIV quality management program; Ministry of Health leadership; donor agency support; policy prioritization of data for quality improvement,"Implementation at facility level; multi-stakeholder coordination (Ministry, donors, implementing partners); quality improvement framework; evidence-based decision-making processes"
I191,R0347,SERIES: eHealth in primary care. Part 4: Addressing the challenges of implementation.,2020,The European journal of general practice,10.1080/13814788.2020.1826431,PubMed,fulltext,Framework/policy analysis,Y,Y,Y,Y,4,"U, T, I, O",Cost; Privacy and security; Lack of recognised standards; Stakeholder engagement; Training and support availability,Context-specific implementation strategies aligned with the phase of implementation and tailored to identified barriers and facilitators are essential for successful eHealth adoption in primary care.,Training availability; Professional engagement; Digital literacy demands,Lack of recognised standards; Security problems; System reliability,Privacy regulation; Policy alignment; Funding mandates,Stakeholder engagement; Implementation planning; Leadership commitment; Change management
I192,R0280,Implementation of eHealth and AI integrated diagnostics with multidisciplinary digitized data: are we ready from an international perspective?,2020,European radiology,10.1007/s00330-020-06874-x,PubMed,fulltext,Framework/policy analysis,,Y,Y,Y,3,"T, I, O",Data integration and interoperability standards; IT infrastructure and governance; International funding and coordination; Organizational implementation challenges,"European eHealth and AI integrated diagnostics adoption is hindered by heterogeneous digitization progress, lack of coordinated governance, insufficient funding, and data interoperability barriers across national healthcare systems.",,HL7/FHIR standards; data warehouses vs. data lakes; federated learning; distributed analytics; cloud computing solutions; FAIR principles; EMR/EHR system integration,National vs. international governance; European funding initiatives; data ownership and privacy regulation; ethical and legal frameworks; policy coordination across countries,"Project management challenges (Epic EMR at MD Anderson ~4 years, 76.9% income drop); IBM Watson implementation failure ($62M cost); organizational barriers to clinical workflow integration"
I193,R0338,Implementation and adoption of a health insurance support tool in the electronic health record: a mixed methods analysis within a randomized trial.,2020,BMC health services research,10.1186/s12913-020-05317-z,PubMed,fulltext,Mixed-methods,Y,Y,Y,Y,4,"U, T, I, O",Perceived relative advantage of tool; Implementation climate; Leadership engagement; Facilitation intensity; Organizational readiness,"Perceived relative advantage was the primary driver of tool adoption in community health centers, while facilitation and leadership engagement provided additional support but were secondary to staff perception of tool value.",Staff perception of relative advantage; Workflow integration; User acceptance; Training materials,EHR integration; System functionality; Technical support; Tool reliability,HRSA grant funding; Medicaid expansion policy; Federal guidelines for O&E tracking,Leadership engagement; Implementation climate; Change management; Facilitation; Project planning
I194,R1534,"Intention to use electronic medical record and its predictors among health care providers at referral hospitals, north-West Ethiopia, 2019: using unified theory of acceptance and use technology 2(UTAUT2) model.",2020,BMC medical informatics and decision making,10.1186/s12911-020-01222-x,PubMed,fulltext,Mixed-methods,Y,,,Y,2,"U, O",Performance expectancy; Effort expectancy; Social influence; Facilitating conditions; Computer literacy,"About 40% of healthcare providers showed intention to use EMRs, with performance expectancy being the strongest predictor, followed by facilitating conditions, effort expectancy, social influence, and computer literacy.","Performance expectancy, effort expectancy, computer literacy, social influence",,,"Facilitating conditions in organization, implementation prerequisites, organizational readiness"
I195,R1539,Barriers and Facilitators to Implementation of Medication Decision Support Systems in Electronic Medical Records: Mixed Methods Approach Based on Structural Equation Modeling and Qualitative Analysis.,2020,JMIR medical informatics,10.2196/18758,PubMed,fulltext,Mixed-methods,Y,Y,,Y,3,"U, T, O",Ease of use; Performance expectancy; Alert fatigue; System accuracy; User interface design; Customizability,"Physicians' expectations regarding ease of use and performance improvement are crucial for MDSS adoption, while alert fatigue, poor accuracy, inadequate interface design, and lack of customizability are significant barriers to implementation.",Effort expectancy; confidence in system use; workflow fit; training time,System reliability; alert accuracy; integration with EMR; user interface design; customizable filters,,Task force governance; system architecture design; alert override controls; implementation planning
I196,R0205,Effects of Electronic Health Record Implementation and Barriers to Adoption and Use: A Scoping Review and Qualitative Analysis of the Content.,2020,"Life (Basel, Switzerland)",10.3390/life10120327,PubMed,fulltext,Scoping review,Y,Y,Y,Y,4,"U, T, I, O",Poor/insufficient training and technical support; poor technology literacy and skills; resource constraints; usability and system design; workflow integration,"EHR implementation effects are mixed across clinical work, data/information, patient care, and economic impact, with significant barriers including inadequate training, technical support deficiencies, and poor system usability that limit adoption and benefit realization.",Training and technical/educational support; technology literacy and skills; clinician acceptance and perceived usability; workflow fit concerns,System reliability and speed; data exchange standards; interoperability; lack of key functionalities; interface design; integration with existing workflows,Privacy and confidentiality legal frameworks; data standards development; policy and regulatory context for EHR implementation,Resource constraints; implementation strategy and project management; organizational readiness; leadership support for change management
I197,R0325,Hospital Characteristics Associated with Certified EHR Adoption among US Psychiatric Hospitals.,2020,Risk management and healthcare policy,10.2147/RMHP.S241553,PubMed,fulltext,Cross-sectional observational,,,Y,Y,2,"I, O",Hospital size; Ownership (nonprofit vs for-profit); Network affiliation; Geographic region; Teaching status,"Large, not-for-profit psychiatric hospitals affiliated with networks and located outside the Northeast were significantly more likely to adopt certified EHRs, with hospital size, ownership, and network participation as independent predictors.",,,Financial incentive eligibility gap (psychiatric hospitals ineligible for HITECH incentives); Return on investment concerns,Hospital size and resource capacity; Network/system affiliation enabling economies of scale; Organizational ownership structure; Geographic market-level factors
I198,R0299,An International Perspective on Health Information Exchange: Adoption in OECD Countries With Different Health Care System Configurations.,2020,Medical care research and review : MCRR,10.1177/1077558719858245,PubMed,abstract,Framework/policy analysis,,Y,Y,,2,"T, I",Health system type (NHS vs. social insurance vs. private); institutional factors; resource-based factors; policy frameworks,Health information exchange adoption varies across OECD countries and is shaped by institutional structures and resource availability within different health system configurations.,,Electronic data transfer; health information exchange systems; interoperability across organizations,"Policy frameworks; institutional factors; health system type (NHS, social insurance, private); regulatory environment",
I199,R1204,"An evidence-based strategy to achieve equivalency and interoperability for social-behavioral determinants of health assessment, storage, exchange, and use.",2020,Health informatics journal,10.1177/1460458219882265,PubMed,abstract,Framework/policy analysis,,Y,Y,Y,3,"T, I, O",Terminology standardization; Data interoperability standards; Tool equivalency scoring; Data exchange protocols; Healthcare system integration,"A three-tier scoring strategy enables interoperable exchange of social-behavioral determinants of health data across tools, settings, and populations by standardizing terminology, creating equivalency metrics, and supporting multiple clinical and analytic uses.",,Terminology code sets; Data exchange standards; Interoperability across tools; Scoring algorithms; Analytics integration,National Academy of Medicine recommendations; Healthcare system policies; Secondary data use governance,Point-of-care implementation; Healthcare delivery system integration; Population-level analytics and burden assessment
I200,R1495,Closing the gap in implementation of HIV clinical guidelines in a low resource setting using electronic medical records.,2020,BMC health services research,10.1186/s12913-020-05613-8,PubMed,fulltext,Case study,,Y,Y,Y,3,"T, I, O",EMR data quality and infrastructure; guideline implementation processes; facility performance variation; case-mix adjustment for patient heterogeneity,"EMRs can detect outlying variation in HIV guideline adherence across facilities, enabling risk-based quality improvement and resource allocation in resource-limited settings.",,EMR system reliability; data management and internal quality checks; automated statistical monitoring layer on health information system,National EMR adoption and governance; performance-based financing programs; HIV treatment guidelines and policy implementation; country-led quality measurement frameworks,Facility-level implementation of universal test-and-start; uptake of viral load testing; multi-month scripting protocols; leadership capacity for quality monitoring and targeted inspections
I201,R0211,Understanding key factors affecting on hospital electronic health record (EHR) adoption.,2020,Journal of family medicine and primary care,10.4103/jfmpc.jfmpc_109_20,PubMed,fulltext,Survey/cross-sectional,Y,Y,Y,Y,4,"U, T, I, O",Subjective norm; Job relevance; Output quality; Computer experience; Perceived ease of use; Computer self-efficacy; Perceived enjoyment; Organizational/technical resources (external control); Computer anxiety,"TAM3 constructs (perceived usefulness, perceived ease of use, behavioral intention) significantly predict EHR adoption, with subjective norm, job relevance, output quality, voluntariness, and computer experience as key predictors of perceived usefulness; organizational/technical resources and computer self-efficacy critically influence adoption.",Subjective norm; Computer experience; Perceived enjoyment; Computer self-efficacy; Voluntariness,Perceived ease of use; Computer anxiety; Perception of external control; System reliability/resources,Mandatory EHR adoption policy since 2014; Subjective norm (societal pressure); Image/social status perception,Organizational/technical resources supporting system use; System implementation 15+ years; Change management; User training (ICDL certification)
I202,R0964,Opt-in consent policies: potential barriers to hospital health information exchange.,2020,The American journal of managed care,10.37765/ajmc.2020.42148,PubMed,fulltext,Survey/cross-sectional,,Y,Y,Y,3,"T, I, O",State consent policies (opt-in vs opt-out); regulatory complexity; technological sophistication; hospital IT adoption level,"Hospitals in opt-in consent states report significantly greater regulatory barriers to HIE, with burden concentrated among less technologically advanced hospitals, but opt-in policies do not reduce HIE volume among hospitals that have achieved technological sophistication.",,EHR adoption level; comprehensive vs basic EHR; certified EHR technology use,State consent laws (opt-in/opt-out); privacy and security regulation complexity; Meaningful Use attestation requirements,Hospital technological sophistication; RHIO participation; health system membership; hospital size and ownership; ACO/bundled payment participation; market concentration
I203,R0141,Outcomes of health information technology utilization in nursing homes: Do implementation processes matter?,2020,Health informatics journal,10.1177/1460458219899556,PubMed,abstract,Survey/cross-sectional,,Y,Y,Y,3,"T, I, O",Electronic medical record implementation processes; Change leadership strategies; Implementation quality; Regulatory compliance outcomes,"Effective EMR implementation processes and change leadership strategies significantly improved efficiency, quality outcomes, and regulatory compliance in nursing homes, whereas EMR adoption alone had limited association with objective quality indicators.",,Electronic medical records; Implementation processes; System adoption,Regulatory agency quality indicators; Deficiency citations; Regulatory compliance,Change leadership strategies; Implementation processes; Administrator-reported outcomes; Project execution quality
I204,R0127,[Cross-enterprise interoperability : Challenges and principles for technical implementation].,2020,Der Radiologe,10.1007/s00117-019-00626-9,PubMed,abstract,Framework/policy analysis,,Y,Y,,2,"T, I","Technical standards (XDS.b, CDA, FHIR); Semantical interoperability via terminology systems; Syntactical interoperability via object definitions; Cross-enterprise integration infrastructure",Cross-enterprise eHealth systems require both syntactical interoperability (via standards like XDS.b and CDA) and semantical interoperability (via standardized terminology and code systems) to enable digital information exchange across care levels.,,XDS.b integration profile; CDA document format; FHIR standards; terminology servers; structured data exchange on mobile platforms,IHE initiative standards; regulatory framework for cross-enterprise document sharing,
I205,R0942,Resource-based view on safety culture's influence on hospital performance: The moderating role of electronic health record implementation.,2020,Health care management review,10.1097/HMR.0000000000000217,PubMed,abstract,Survey/cross-sectional,,Y,,Y,2,"T, O",EHR implementation status; Safety culture; Organizational resources,Basic EHR implementation moderates the relationship between safety culture and hospital financial and quality performance outcomes.,,EHR presence; Basic EHR functionalities; System implementation status,,Safety culture; Strategic quality improvement planning; Organizational resource alignment
I206,R1431,Electronic Medical Records implementation in hospital: An empirical investigation of individual and organizational determinants.,2020,PloS one,10.1371/journal.pone.0234108,PubMed,fulltext,Survey/cross-sectional,Y,,Y,Y,3,"U, I, O",Perceived usefulness; Perceived ease of use; Normative factors (peer influence); Regulative factors (organizational alignment); Professional role,"Both normative institutional factors (peer influence) and individual factors (perceived usefulness) are key determinants of hospital professionals' intention to use EMRs, with perceived usefulness mediating the effect of normative factors.",Perceived usefulness; Perceived ease of use; Professional training; Speciality influence,,Normative institutional forces; Regulative institutional forces; Hospital managers' goals; Professional culture,Leveraging power users for change management; Hospital leadership role; Professional affiliations and speciality networks
I207,R0933,The Perceptions of and Factors Associated With the Adoption of the Electronic Health Record Sharing System Among Patients and Physicians: Cross-Sectional Survey.,2020,JMIR medical informatics,10.2196/17452,PubMed,fulltext,Survey/cross-sectional,Y,Y,Y,Y,4,"U, T, I, O",Physician recommendation; Interoperability and data sharing scope; Perceived usefulness for care quality; Regular follow-up need; Social influence from family/friends,"Patient adoption of eHRSS is driven by physician recommendation, perceived ability of other providers to view records, and social support, while physician adoption is driven by belief in care quality improvement and awareness of reduced duplicated testing.",Physician recommendation; Friends/family recommendation and assistance; Perceived ease of use; Digital literacy concerns (privacy/security fears),Data sharing capability across providers; Interoperability between public/private sectors; System reliability and data security,Voluntary opt-in enrollment model; Territory-wide health record platform funded by Food and Health Bureau; Public-private interface program,"Change management through incentives (CME points, souvenirs); Registration process design; Publicity and awareness campaigns; Multi-channel implementation (postal, email, seminars)"
I208,R0907,Assessing the implementation of a mobile App-based electronic health record: A mixed-method study from South India.,2020,Journal of education and health promotion,10.4103/jehp.jehp_749_19,PubMed,fulltext,Mixed-methods,Y,Y,Y,Y,4,"U, T, I, O",Dual burden of entry (paper + digital); limited technical expertise and support; lack of field internet connectivity; regular government monitoring of paper records; ease of data retrieval and record security; reminder functionality for planned activities,"CPHM App implementation faced low consistency in MCH indicator reporting (only 3 of 12 indicators >80%) due to competing demands of dual-entry systems and insufficient technical support, despite user appreciation for data security and accessibility features.",Staff training gaps; limited technical expertise; clinician preference for paper-based workflow; ease of use and data retrieval appreciated,No internet connectivity in field; need for data syncing at PHC; technical support limitations; offline data entry capability,Regular government monitoring and mandates for paper-based records; National Health Mission policy framework; Ayushman Bharat program emphasis on ICT,Dual burden of simultaneous paper and digital entry; lack of real-time technical support; district health department oversight; recommendation for 1-2 year transition period
I209,R0766,"User Acceptance of Electronic Medical Record System: Implementation at Marie Stopes International, Myanmar.",2020,Healthcare informatics research,10.4258/hir.2020.26.3.185,PubMed,fulltext,Survey/cross-sectional,Y,Y,Y,Y,4,"U, T, I, O",Perceived usefulness; Perceived ease of use; ICT knowledge; Computer usage; Infrastructure availability,"Staff expressed positive acceptance of EMR systems, but implementation success depends critically on strengthening ICT infrastructure, providing adequate training, and securing strong leadership support, particularly from administrative staff who showed significantly lower adoption intention.","Perceived usefulness (4.15/5), Perceived ease of use (4.03/5), ICT knowledge differences by region, computer usage patterns, staff reluctance at head office","Limited server infrastructure (only at head office), low Internet access (22.3% office access, 45.5% café-dependent), ADSL/ISP connectivity gaps, minimal analytical software installation (27%)",Policy recommendation for capacity building; Need for organizational-level infrastructure strengthening; Leadership support requirements for implementation sustainability,Training requirements; Leadership commitment; Change management from paper-based to electronic system; Project readiness assessment at organizational level
I210,R0895,Identifying Barriers That Prevent the Usage of Health Information Exchange in Ohio.,2020,The Journal of pharmacy technology : jPT : official publication of the Association of Pharmacy Technicians,10.1177/8755122520924607,PubMed,abstract,Survey/cross-sectional,Y,Y,Y,Y,4,"U, T, I, O",Pharmacist preparedness and skill confidence; Provider awareness of pharmacy services; Referral habits and inter-professional relationships; Workflow integration barriers; Provider perceptions of HIE benefit,"Pharmacists express confidence in HIE participation skills and desire, but organizational and relational barriers—including low provider referral rates despite awareness of pharmacy services—limit HIE adoption in community pharmacy practice.",Pharmacist skill confidence (median 5); desire to participate (median 5); confidence in patient care delivery (median 4); provider awareness of pharmacy services (66%),CliniSync HIE platform; health information exchange system integration,Regulatory/policy context for community pharmacy participation in HIE; inter-professional relationships and referral policies,Workflow integration into community pharmacy clinical services; provider referral practices; organizational implementation of HIE in pharmacy settings
I211,R0088,Digital health technology: factors affecting implementation in nursing homes.,2020,Nursing older people,10.7748/nop.2020.e1236,PubMed,abstract,Qualitative study,Y,Y,Y,Y,4,"U, T, I, O",Nurse engagement and acceptance; communication improvement; humanised care retention; data security; leadership and co-creation,"Nurse-led, stepped implementation process with attention to staff engagement, communication benefits, care humanization, and data security enables sustainable DHT adoption in nursing homes.",Nurse engagement with DHT; staff acceptance; humanised care balance,Digital algorithms; digital records; data security,Nurse-led process; co-creation workshops; governance structure,Leadership uptake; stepped implementation approach; change management through co-design
I212,R0085,Implementation of eHealth Technology in Community Health Care: the complexity of stakeholder involvement.,2020,BMC health services research,10.1186/s12913-020-05287-2,PubMed,fulltext,Case study,Y,Y,Y,Y,4,"U, T, I, O",Stakeholder complexity and integration; organizational readiness; inter-organizational collaboration; municipal governance structure; technology vendor involvement,"eHealth implementation in municipal community health care involves numerous interdependent stakeholders across organizational and institutional boundaries, requiring early identification and structured integration models to manage complexity.",Health care workers' lack of experience and knowledge; staff training; acceptance of technology by clinicians,Sensor technology integration; web portal systems; infrastructure reliability; data exchange between devices and systems,Municipal governance; regulatory boundaries; policy frameworks; political decision-making; funding mechanisms from research councils,Project management; stakeholder mapping and integration; steering committees; top-down vs. bottom-up implementation approaches; vendor-municipality collaboration
I213,R1277,The adoption of electronic medical record by physicians: A PRISMA-compliant systematic review.,2020,Medicine,10.1097/MD.0000000000019290,PubMed,fulltext,Systematic review,Y,Y,Y,Y,4,"U, T, I, O",Privacy and security concerns; High start-up cost; Workflow changes; System complexity; Lack of interoperability,"Physicians perceive multiple barriers to EMR adoption, with privacy/security concerns (15.2%), high start-up costs (14.3%), and workflow disruption (8.04%) as the top three barriers across diverse geographic settings.",Lack of computer skills; lack of technical training and support; perceived usefulness; gender and age differences in adoption intent,Lack of interoperability; system complexity; lack of reliability; lack of hardware/software,Privacy and security policy gaps; insufficient legislation; lack of government standards; lack of incentives,Workflow changes; organizational culture change; implementation issues; lack of customizability; leadership and change management challenges
I214,R0225,MHS Genesis Implementation: Strategies in Support of Successful EHR Conversion.,2020,Military medicine,10.1093/milmed/usaa184,PubMed,abstract,Systematic review,Y,,Y,Y,3,"U, I, O",Change Champions; Training; Feedback; Technophobia; Resistance from Leaders/Providers; Insufficient Communication,"Critical success factors (change champions, training, feedback) and critical barriers (technophobia, resistance, poor communication) identified through literature review can guide large-scale EHR implementation strategy using Lewin's Change Theory.",Training; technophobia; staff acceptance; usability,,Leadership alignment; organizational change management; policy implementation,Change champions; feedback mechanisms; project management; phased rollout strategy; communication
I215,R0260,Perceptions of healthcare professionals about the adoption and use of EHR in Gulf Cooperation Council countries: a systematic review.,2020,BMJ health & care informatics,10.1136/bmjhci-2019-100099,PubMed,fulltext,Systematic review,Y,Y,Y,Y,4,"U, T, I, O","Healthcare professionals' perceptions (positive/negative); Personal factors (age, occupation, computer literacy, training); System factors (perceived usefulness, perceived ease of use); Organizational support; Change management strategies","Healthcare professionals' perceptions of EHRs are influenced by personal and system factors, with positive perceptions facilitated by addressing barriers early through appropriate training, system usability design, and organizational engagement.",Computer literacy; EHR training; perceived usefulness and ease of use; user involvement; staff resistance; workflow fit; acceptance and satisfaction,"System reliability (power failures, system hanging); data entry complexity; system customizability; access to patient data; integration of records",Implementation policies; policy development; funding mandates; governance structure; GCC national health strategies; Vision 2030 initiatives,Organizational support; management support; change management strategies; leadership engagement; staff capabilities; adequate training programs; system designers involvement
I216,R1211,Barriers to Creating Scalable Business Models for Digital Health Innovation in Public Systems: Qualitative Case Study.,2020,JMIR public health and surveillance,10.2196/20579,PubMed,fulltext,Qualitative study,Y,Y,Y,Y,4,"U, T, I, O",Lack of formal evaluation resources; Misaligned economic incentives for clinicians; Complex health system structure; Regulatory uncertainty; SME resource constraints,"Digital health adoption in public systems is hindered by a fundamental disconnect between clinical compensation models (fee-for-service) and the goals of digital solutions, compounded by lack of evaluation funding and unclear regulatory pathways.",Clinician workflow integration; Provider buy-in and value perception; Physician compensation incentives working against remote care models,Integration feasibility; Regulatory requirements; Privacy and security considerations; Standards and interoperability needs,"Reimbursement and payment models; Health policy alignment; Regulatory frameworks (Health Canada, medical device classification); Funding for evaluation; Incentive structures",SME resource constraints; Implementation strategy; Procurement pathways; Change management for clinician adoption; Organizational decision-making
I217,R1504,Perceptions of allied health staff of the implementation of an integrated electronic medical record across regional and metropolitan settings.,2020,Australian health review : a publication of the Australian Hospital Association,10.1071/AH19024,PubMed,abstract,Survey/cross-sectional,Y,,,Y,2,"U, O",Staff acceptance and anxiety levels; opportunity to practice with EMR; change champions; timely information provision; at-elbow support,"Allied health professionals showed overall positive response to EMR implementation with 60% satisfaction, driven primarily by change champions and practice opportunities, though perceived minimal impact on efficiency or patient care.",Staff anxiety and excitement levels (mean 59/100); comfort with system in usual practice; acceptance and satisfaction (60%); digital readiness perception,,,Change champions as facilitators (61%); opportunity to practice with EMR as barrier (34%); timely information provision; at-elbow support; implementation strategy across multiple sites
I218,R1076,Primary care physician experiences utilizing a family health history tool with electronic health record-integrated clinical decision support: an implementation process assessment.,2020,Journal of community genetics,10.1007/s12687-020-00454-8,PubMed,abstract,Qualitative study,Y,Y,,Y,3,"U, T, O",Inadequate time for discussion; alert fatigue; lack of patient follow-through; workflow integration; CDS usability,"PCPs valued the FHH screening tool's clinical utility but faced significant barriers including time constraints, alert fatigue, and workflow challenges that required iterative system and process improvements.",Time to discuss recommendations; patient follow-through; physician acceptance; CDS alert fatigue,EHR integration; CDS functionality; workflow efficiency; system upgrades,,Implementation process; workflow redesign; iterative changes; provider education; practice-level administration
I219,R1572,Factors to Overcoming Barriers Affecting Electronic Medical Record Usage by Physicians.,2020,Indian journal of community medicine : official publication of Indian Association of Preventive & Social Medicine,10.4103/ijcm.IJCM_478_19,PubMed,fulltext,Survey/cross-sectional,Y,Y,Y,Y,4,"U, T, I, O",Positive attitude toward EMR; Reliability; Difficulty to use; Adaptability of EMR,"Four factors—positive attitude, reliability, ease of use, and adaptability—together explain 62.5% of variance in physician EMR adoption and can overcome key implementation barriers.",Physician attitude toward EMR; perceived ease of use; self-efficacy; behavioral intention; peer influence and professional norms,System reliability; interoperability and customization scope; adaptability to specialty needs; system accessibility,Monetary incentives for high EMR utilization; involvement of users from procurement stage; institutional support for attitude management,Hospital administration focus on four factors; change management through attitude improvement; leadership involvement in EMR selection and implementation
I220,R0078,Hospital adoption of multiple health information exchange approaches and information accessibility.,2020,Journal of the American Medical Informatics Association : JAMIA,10.1093/jamia/ocaa003,PubMed,abstract,Cohort/observational,,Y,Y,Y,3,"T, I, O",Adoption of multiple HIE approaches; Technical interoperability and information integration; Policy complexity and incentive structures,"Hospitals adopting multiple health information exchange tools achieved significantly greater access to and integration of outside patient information than single-tool adopters, with no single tool alone providing high levels of usable integrated information.",,Secure messaging; Provider portals; HIE system use; Information integration capability; Data exchange functionality,Policy initiatives reducing HIE complexity; Incentive structures for adoption; Policy barriers to broader adoption,Multi-tool adoption strategy; Hospital engagement in HIE; Implementation of multiple exchange approaches
I221,R0385,Integrated Care Programs for People with Multimorbidity in European Countries: eHealth Adoption in Health Systems.,2020,BioMed research international,10.1155/2020/9025326,PubMed,fulltext,Survey/cross-sectional,Y,Y,Y,Y,4,"U, T, I, O",Health system financing model (NHS vs SIS vs TC); primary care strength; health system centralization/decentralization; adequate funding mechanisms; ICT infrastructure,"eHealth adoption in integrated care programs for multimorbidity is significantly associated with decentralized health systems, NHS financing model, and strong/medium primary care development, though inadequate funding represents a major barrier.",Cultural resistance from patients and professionals; digital literacy and skills,EHR systems; telehealth services; interoperability between eHealth applications; ICT infrastructure adequacy; privacy and confidentiality concerns,National health model (NHS higher adoption); legislative regimes; dedicated funding mechanisms; privacy/ethics policies; national eHealth policies,Health system decentralization enabling innovation; regional authority eHealth strategies; program coordination and integration; care management improvements
I222,R0561,Using a custom mobile application for change management in an electronic health record implementation.,2020,JAMIA open,10.1093/jamiaopen/ooz048,PubMed,fulltext,Case study,Y,Y,Y,Y,4,"U, T, I, O",Change management strategy; Mobile-based communication platform; Task and workflow coordination; Role-specific organization; Leadership accountability,"A unified mobile application integrating communication, task management, and knowledge retrieval significantly improved EHR implementation efficiency across a multi-hospital system by embedding change management into end-user workflows.",User enrollment and adoption tracking; role-specific task assignment; real-time feedback capability; integration of training information,"API integration with help desk and learning management system; mobile platform development (iOS, Android); web-based administrator interface; system reliability during go-live",Leadership accountability meetings; workflow review processes; organizational hierarchy mapping; governance through role-based access,"Agile design process; phase-based project organization (pre-go-live, go-live, post-go-live); task completion monitoring via dashboards; change request management"
I223,R1594,A Preliminary Implementation of HL7 FHIR to Achieve Interoperability in Indonesia's Local EHR,2020,2020 27th International Conference on Telecommunications (ICT),10.1109/ICT49546.2020.9239534,IEEE,abstract,Case study,,Y,,Y,2,"T, O",HL7 FHIR standard feasibility; technical interoperability through resources and REST API; local data representation and profiling; implementation approach with extensions,"HL7 FHIR implementation is technically feasible in Indonesian primary health centers, achieving syntactic and semantic interoperability through resource profiling and extensions to accommodate local health data requirements.",,HL7 FHIR standard; REST API; resource profiling; extensions for local data elements; 65.8% content overlap with local EHR data,,EHR client-server prototype implementation; health data modeling and structuring; feasibility assessment approach
I224,R0361,Identification of Factors Influencing the Adoption of Health Information Technology by Nurses Who Are Digitally Lagging: In-Depth Interview Study.,2020,Journal of medical Internet research,10.2196/15630,PubMed,fulltext,Qualitative study,Y,Y,Y,Y,4,"U, T, I, O","Digital skills and training; Attitude toward computer use; Organizational support and peer learning; Management awareness and sensitivity; Fit between technology, task, and individual characteristics","Nurses who are digitally lagging require tailored, on-the-job training with peer support and management awareness of individual learning needs, rather than one-size-fits-all approaches, to overcome stress, incompetency, and avoidance of HIT use.",Negative attitudes toward computer use; lack of digital knowledge and skills; computer anxiety; feelings of incompetency; stress and frustration; learning styles not met by training,EHR perceived as user-unfriendly and time-consuming; system reliability; usability issues; fit between technology and daily professional practice,Hospital leadership awareness; policy on digital training; organizational support structures; management sensitivity to individual difficulties,On-the-job training structure; tailored training approach; peer support from digitally savvy colleagues; continuous training; digital play environment; nurse manager awareness and support
I225,R0381,Best practices for EHR implementation: A BC First Nations community's experience.,2020,Healthcare management forum,10.1177/0840470419860863,PubMed,abstract,Mixed-methods,Y,Y,Y,Y,4,"U, T, I, O",Physician champion; provincial/federal government commitment; stakeholder collaboration; planning and implementation framework phases; local capacity building,"A structured EHR implementation framework combined with government support, clinical leadership, and stakeholder engagement enables successful adoption in First Nations health centres.",Physician champion; stakeholder engagement,EHR system implementation; health information quality,Provincial and federal government commitment; policy collaboration,Planning and implementation phases; change management framework; capacity building; project leadership
I226,R0411,The Applicability of the Modified Technology Acceptance Model (TAM) on the Sustainable Adoption of eHealth Systems in Resource-Limited Settings.,2020,Journal of multidisciplinary healthcare,10.2147/JMDH.S284973,PubMed,fulltext,Survey/cross-sectional,Y,Y,,,2,"U, T",Perceived usefulness; Perceived ease of use; Staff IT experience; Technical infrastructure; Attitude towards eHealth,"Modified TAM explains 56.2% of variance in healthcare professionals' behavioral intention to adopt eHealth systems in resource-limited settings, with attitude showing strongest effect on adoption intention.",Perceived usefulness; Perceived ease of use; Attitude towards eHealth; Healthcare provider acceptance,Technical infrastructure; IT experience; System availability; Hospital IT components,,
I227,R0592,Hospital adoption of electronic health record functions to support age-friendly care: results from a national survey.,2020,Journal of the American Medical Informatics Association : JAMIA,10.1093/jamia/ocaa129,PubMed,abstract,Survey/cross-sectional,,Y,Y,Y,3,"T, I, O",EHR functional capability gaps; lack of structured documentation standards; limited interoperability with long-term care; inadequate training implementation; policy/investment alignment,"Despite substantial national EHR investment, US hospitals lack key documentation, exchange, and communication functions needed for evidence-based older adult care, indicating gaps in technical capability, training, and policy incentives.",Training for patient portal use (32.1% of hospitals); caregiver engagement via patient portal,Structured documentation of 4Ms (64% in ≥1 unit); exchange/communication functions (16.2% in ≥1 unit); interoperability with long-term care (45.4% with portal access),Policy efforts needed to expand EHR capabilities; national investment in EHRs; high-value care domains requiring regulatory/incentive alignment,Partial vs. full implementation across hospital units; organizational readiness to deploy specific EHR modules
I228,R0377,"Use, Perceived Usability, and Barriers to Implementation of a Patient Safety Dashboard Integrated within a Vendor EHR.",2020,Applied clinical informatics,10.1055/s-0039-3402756,PubMed,abstract,Mixed-methods,Y,Y,,Y,3,"U, T, O",Perceived ease of use; Role-based workflow fit; Integration with clinical rounds; Quality of work life impact; Tool accessibility timing,"Dashboard use varied significantly by clinical role and service context, with integration into existing workflows and perceived usability (especially ease of use) driving adoption, though quality-of-life concerns limited enthusiasm among nurses.",Ease of use (4.23 for attendings); quality of work life concerns (2.88 for nurses); workflow fit during rounds; role-based access patterns,Integration within vendor EHR; dashboard accessibility; system availability (70% of days); login functionality by role,,"Implementation strategy (stepped wedge, 18 months); field observations; tracking use patterns; multi-unit rollout across services"
I229,R0372,Error by omission: A lack of integration across implementation and use in structuring health information technology contracts.,2020,Health informatics journal,10.1177/1460458219898095,PubMed,abstract,Survey/cross-sectional,,Y,Y,Y,3,"T, I, O",Contract structure and specifications; Performance assessment practices; Team composition for negotiations; Organizational knowledge gaps; Legal and governance frameworks,"Healthcare providers lack integrated best practices for contracting and performance assessment of EHR systems, creating disconnects between contracting teams, technical performance monitoring, and operational stakeholders.",,EHR system performance assessment; functional specifications in contracts; technical performance monitoring,Legal risk management; contracting provisions; governance frameworks for IT procurement,Team composition for contract negotiation; organizational knowledge of performance assessments; change management in procurement processes
I230,R0366,"Reconsidering hospital EHR adoption at the dawn of HITECH: implications of the reported 9% adoption of a ""basic"" EHR.",2020,Journal of the American Medical Informatics Association : JAMIA,10.1093/jamia/ocaa090,PubMed,fulltext,Framework/policy analysis,,,Y,Y,2,"I, O",Measurement definition and calculation methodology; policy baseline setting; incentive structure alignment; institutional adoption metrics,"The widely-cited 9% hospital EHR adoption figure in 2008 represented the extreme lower bound of plausible estimates; alternative analytical approaches suggest 30-73% of hospitals had begun EHR transition, with implications for subsequent HITECH policy effectiveness.",,,HITECH Act incentive policy; Meaningful Use Stage 1 definitions; CMS policy messaging; federal baseline metrics for program evaluation,Metric selection and reporting practices; survey methodology and weighting approaches; data interpretation choices; national policy coordination baseline establishment
I231,R0357,NIATx-TI versus typical product training on e-health technology implementation: a clustered randomized controlled trial study protocol.,2020,Implementation science : IS,10.1186/s13012-020-01053-4,PubMed,fulltext,Cluster randomized controlled trial protocol,Y,Y,Y,Y,4,"U, T, I, O",Change management training and coaching; Organizational readiness assessment; Staff engagement and project team involvement; Leadership support; Implementation fidelity monitoring,NIATx-TI framework combining deliberate organizational change management with emergent coaching is being tested against typical product training to improve adoption of A-CHESS e-health technology in substance use disorder treatment agencies.,Staff training approaches; clinician and peer specialist engagement; organizational readiness for technology adoption; workflow integration in treatment settings,Mobile application platform (RISE-Iowa/A-CHESS); smartphone accessibility; app features including clinician dashboard; online support infrastructure,Funding from National Institute on Drug Abuse; Iowa Department of Public Health organizational partnerships; state licensing requirements for outpatient treatment services,Organizational change management assessment; project team structure; monthly coaching; leadership demos; implementation fidelity monitoring; cluster randomization by organizational readiness
I232,R1499,"Nurse Motivation, Engagement and Well-Being before an Electronic Medical Record System Implementation: A Mixed Methods Study.",2021,International journal of environmental research and public health,10.3390/ijerph18052726,PubMed,fulltext,Mixed-methods,Y,,,Y,2,"U, O",Nurse motivation; work engagement; workplace well-being; burnout; job satisfaction; autonomy and self-efficacy,"Prior to EMR implementation, nearly half of nurses reported intrinsic motivation toward EMR use, yet anticipation of implementation emerged as a significant stressor, with vulnerable groups at risk of negative consequences to well-being, burnout, and retention.",Intrinsic motivation (46.3%); autonomy; self-efficacy; perceived usefulness and ease of use; workflow fit; burnout symptoms (28.7%); low well-being (32.2%),,,Leadership; organisational culture; implementation strategy; change management; training; staff vulnerability assessment; deployment and optimisation processes
I233,R1288,Barriers to the Adoption of Electronic Medical Record System in Ethiopia: A Systematic Review.,2021,Journal of multidisciplinary healthcare,10.2147/JMDH.S327539,PubMed,fulltext,Systematic review,Y,Y,,Y,3,"U, T, O",Lack of EMR training; Limited computer access; Lack of computer literacy; Lack of EMR knowledge; Lack of technical support,"Lack of EMR training, limited computer access, poor computer literacy, insufficient EMR knowledge, and absent technical support are the most common barriers to EMR adoption in Ethiopia, reported across 77.8% to 55.6% of included studies.",Negative attitude towards EMR; lack of willingness; insufficient computer literacy; lack of EMR knowledge; limited training,Limited computer access; limited internet access; electric power interruption; lack of perceived system quality; lack of perceived information quality; system complexity; lack of technical support,,Lack of management support; absence of EMR manual; lack of IT qualification; lack of perceived system quality
I234,R0818,Electronic medical record implementation in tertiary care: factors influencing adoption of an electronic medical record in a cancer centre.,2021,BMC health services research,10.1186/s12913-020-06015-6,PubMed,fulltext,Qualitative study,Y,Y,Y,Y,4,"U, T, I, O",Staff awareness and understanding of EMR; engagement in launch process; technical support availability; learning curve and training; workload perception; data standardization,"Successful EMR implementation in a cancer centre requires attention to staff awareness, adequate training and technical support, management of workload concerns, and involvement of multidisciplinary staff in design and implementation planning.",Staff awareness and understanding; training accessibility; learning curve; perception of workload increase; clinical staff buy-in,System functionality and feature completeness; technical support interaction; interoperability with existing systems; data standardization and integrity,Timing of launch (end-of-year slowdown period); policy around point-of-care data entry by clinicians; governance through Advisory Committee,Engagement in implementation process; involvement in system design; project timeline over several years; multidisciplinary team collaboration in development
I235,R0389,A mixed-method service evaluation of health information exchange in England: technology acceptance and barriers and facilitators to adoption.,2021,BMC health services research,10.1186/s12913-021-06771-z,PubMed,fulltext,Mixed-methods,Y,Y,Y,Y,4,"U, T, I, O",User acceptance and technology fit; Training and support resources; Implementation strategy and stakeholder engagement; Social influence and peer champions; Organizational readiness and workflow integration,"High technology acceptance across HIE users was undermined by inadequate training, lack of organizational champions, insufficient support structures, and variable adoption across care settings, with social care users showing significantly lower acceptance than hospital-based high adopters.","Perceived usefulness (91.4%), ease of use (80–84.7%), job relevance (98%), behavioral intention (96.2%); mixed enjoyment (44.8%); inadequate training (50.5% disagreed); lack of support when needed (37.1% reported no help available)","System compatibility with other EHR systems (61.0% agreement); real-time access to patient data; cloud-based vendor-agnostic solution; integration across acute, primary, community, social care, and mental health settings",Variation in adoption across 15 NHS Trusts; unclear accountability and responsibility for programme success; patient confidentiality concerns; suboptimal communication strategies; lack of awareness about solution value,Absence of implementation champions; lack of end-user involvement in implementation and evaluation; inadequate change management; absence of organizational strategies to seek user feedback and monitor performance; weak social influence and peer promotion (64.7% agreement that workplace promotes use)
I236,R0014,Theories Informing eHealth Implementation: Systematic Review and Typology Classification.,2021,Journal of medical Internet research,10.2196/18500,PubMed,fulltext,Systematic review,Y,,,Y,2,"U, O",Technology Acceptance Model (TAM); Unified Theory of Acceptance and Use of Technology (UTAUT); Normalization Process Theory; Structuration Theory; Agency-centered vs. structural/relational theories,"eHealth implementation theories predominantly focus on individual end-user acceptance (TAM, UTAUT) rather than capturing the multilevel complexity, structural dimensions, and organizational/systemic factors required for sustainable implementation.",Perceived ease of use; perceived usefulness; individual attitudes; behavioral intention; clinician acceptance,,,Organizational change management; structural dimensions of implementation; change management approaches; organizational complexity
I237,R1484,A longitudinal time and motion study quantifying how implementation of an electronic medical record influences hospital nurses' care delivery.,2021,International journal of medical informatics,10.1016/j.ijmedinf.2021.104537,PubMed,abstract,Case study,Y,Y,,Y,3,"U, T, O",Workflow integration; Task duration and allocation; Direct care time impact; Medication management processes; System reliability in clinical operations,"EMR implementation enabled nurses to spend longer per direct care episode without reducing overall direct care time proportion, demonstrating successful adoption through optimized workflow redesign.",Nursing acceptance of digital workflows; care delivery task adaptation; time-in-care effectiveness,Physiological observations integration; clinical notes system; closed-loop medication management; EMR functionality across health service,,Big bang implementation methodology; large-scale deployment across all healthcare craft groups; workflow redesign; change management during transition
I238,R1474,Development of Nursing Workflows and Device Requirement Principles with the Implementation of an Electronic Medical Record System.,2021,Studies in health technology and informatics,10.3233/SHTI210681,PubMed,abstract,Case study,Y,Y,Y,Y,4,"U, T, I, O",Nursing workflow redesign; device requirements and hardware selection; multi-disciplinary stakeholder engagement; clinical governance involvement; organizational-wide implementation approach,"Multi-modal approach integrating workflow development, device selection, and stakeholder consultation successfully enabled nursing acceptance and adoption of EMR systems in a large Australian healthcare organization.",Nursing workflow acceptance and adoption; staff consultations in design,Hardware device requirements; device selection principles; system implementation,Clinical and governance stakeholder engagement; organizational governance framework,Multi-modal implementation approach; multi-disciplinary consultations; organizational-wide standardization; audit and observational study methods
I239,R1466,"Implementation challenges and perception of care providers on Electronic Medical Records at St. Paul's and Ayder Hospitals, Ethiopia.",2021,BMC medical informatics and decision making,10.1186/s12911-021-01670-z,PubMed,fulltext,Mixed-methods,Y,Y,Y,Y,4,"U, T, I, O",Lack of training and follow-up; Management commitment; ICT infrastructure and hardware/software issues; Staff perception and willingness; Technical expertise availability,"EMR implementation success depends on adequate training, management commitment, robust ICT infrastructure, and positive staff perception, with St. Paul's struggling due to poor infrastructure while Ayder demonstrated better outcomes through supportive conditions.",75% at St. Paul's lacked prior EMR training; 70–95% held favorable perceptions and willingness to use system; lack of training and follow-up identified as piercing challenge,Poor network infrastructure; hardware/software-related issues; ICT infrastructure upgrading needed; system reliability at Ayder versus failure at St. Paul's,Management commitment; incentive mechanisms; policy support from Federal Ministry of Health and regional health bureau; need for certified EMR systems selection,Lack of management commitment at St. Paul's; availability of equipment and supplies; hospital readiness assessment; logistic requirements and sustainable deployment planning
I240,R0508,Implementation Science Meets Software Development to Create eHealth Components for an Integrated Care Model for Allogeneic Stem Cell Transplantation Facilitated by eHealth: The SMILe Study as an Example.,2021,Journal of nursing scholarship : an official publication of Sigma Theta Tau International Honor Society of Nursing,10.1111/jnu.12621,PubMed,abstract,Case study,Y,Y,,Y,3,"U, T, O",User-centered design; Interdisciplinary team collaboration; Behavioral theory-guided content; Agile software development; Stakeholder involvement,"Structured collaboration between nursing scientists and software specialists using agile methods and user-centered design produces high-quality, context-adapted eHealth components with strong usability ratings.",User-centered design; end-user involvement; usability testing; System Usability Scale ratings,Agile software development principles; software integration into care model; prototype development,,Interdisciplinary team formation; contextual analysis; structured collaboration; implementation science principles
I241,R0102,mUzima Mobile Electronic Health Record (EHR) System: Development and Implementation at Scale.,2021,Journal of medical Internet research,10.2196/26381,PubMed,fulltext,Case study,Y,Y,Y,Y,4,"U, T, I, O",Open-source architecture and modularity; offline functionality for low connectivity; interoperability with OpenMRS EHR; user-centered design and community engagement; scalability across resource-limited settings,"mUzima demonstrates successful large-scale implementation of a mobile EHR extension in multiple LMICs by addressing infrastructure constraints, ensuring interoperability, and aligning with WHO digital development principles.",Provider acceptance through simplified interface; usability testing; community-vetted feature priorities; minimal training requirements for low-end devices,REST API interoperability with OpenMRS; offline management with Lucene-based search; robust deduplication; efficient data synchronization; support for Android 4.4+,"WHO Principles for Digital Development alignment; national endorsement in Kenya, Rwanda, Uganda, Mozambique; mERA guidelines compliance; disease-agnostic policy applicability; recognition as digital global public good",Active developer and user community; server-side error resolution for non-developers; multi-country rollout strategy; configurable care programs; scalable deployment across facilities
I242,R0255,Using a Clinical Workflow Analysis to Enhance eHealth Implementation Planning: Tutorial and Case Study.,2021,JMIR mHealth and uHealth,10.2196/18534,PubMed,fulltext,Case study,Y,Y,,Y,3,"U, T, O",Clinical workflow compatibility; stakeholder engagement; implementation planning; usability integration; work-around prevention,"Conducting a prospective clinical workflow analysis before eHealth implementation, with stakeholder collaboration, increases intervention compatibility and likelihood of successful adoption.",Clinician acceptance through stakeholder engagement; usability fit with clinical workflow; staff training and buy-in; work-around prevention,Integration of app with EHR systems; timing of data availability to providers; technical infrastructure for tablet deployment,,Leadership engagement; change management via stakeholder participation; implementation planning based on workflow analysis; clinical champion identification
I243,R1370,Older Nurses' Perceptions of an Electronic Medical Record Implementation.,2021,Studies in health technology and informatics,10.3233/SHTI210786,PubMed,abstract,Mixed-methods,Y,,,Y,2,"U, O",Psychological factors influencing adoption; External vs. internal motivation; Age-related vulnerability; Workforce retention concerns; Barriers and facilitators to EMR adoption,"Older nurses showed high work engagement and wellbeing but were motivated primarily by external rather than internal influences, with qualitative data revealing barriers and resistance to EMR adoption.",Psychological factors; motivation type (external vs. internal); clinician acceptance; resistance to adoption,,,Implementation strategy; change management considerations for aging workforce
I244,R1401,"[Electronic medical record and prescription: risks and benefits detected since its implementation. Safe designing, rollout and use].",2021,Atencion primaria,10.1016/j.aprim.2021.102220,PubMed,fulltext,Framework/policy analysis,Y,Y,Y,Y,4,"U, T, I, O",Training and digital literacy; System design and usability; Interoperability and data exchange standards; Policy implementation and governance; Organizational change management,"Electronic medical records and electronic prescribing improve patient safety through reduced medication errors and enhanced communication, but require proper design, adequate training, governance alignment, and organizational execution to avoid false confidence and data integrity risks.",Inadequate training; continuous learning needs; e-patient digital literacy gaps; user workflow integration; clinician acceptance,Interoperability standards (HL7); data exchange between autonomous regions; system integration challenges; PDF-based vs. interoperable data transmission; disparate platform incompatibility,Policy transfer to autonomous communities (2001); national digital health project (2006); national electronic prescription service (RESNS); regulatory disparities across regions; governance of multi-level health systems,Implementation heterogeneity across regions; change management; project governance; leadership for standardization; resource allocation for maintenance and upgrades
I245,R0413,Estimating the Impacts of Hospitals' Organisational and Geographical Characteristics on the Adoption of Health Information Technology in Mongolian Hospitals.,2021,Journal of healthcare engineering,10.1155/2021/8836625,PubMed,fulltext,Survey/cross-sectional,,,,Y,1,O,Hospital bed-size capacity; Teaching status; Ownership type (for-profit); Urban location; Organizational and geographical characteristics,"HIT adoption in Mongolian hospitals is poor (33.29% overall) and positively associated with larger bed-size, teaching status, urban location, and for-profit ownership.",,,,Hospital bed-size capacity; Teaching hospital status; For-profit ownership; Urban vs. rural location; Hospital organizational structure
I246,R0134,"eHealth Implementation Issues in Low-Resource Countries: Model, Survey, and Analysis of User Experience.",2021,Journal of medical Internet research,10.2196/23715,PubMed,fulltext,Survey/cross-sectional,Y,Y,Y,Y,4,"U, T, I, O",Perceived technology infrastructure; Implementation effectiveness; User characteristics; Concerns and uncertainties; Task characteristics,"Technology infrastructure and implementation effectiveness are key positive drivers of eHealth utilization in low-resource countries, while concerns and uncertainties negatively impact adoption, with significant disparities between privately and publicly funded institutions.","User characteristics, digital literacy, attitude toward eHealth, perceived usefulness, IT experience","Technology infrastructure reliability, network connectivity, power availability, system usability, interoperability","Public versus private funding status, national eHealth strategies, policy frameworks for digital health information management","Implementation effectiveness, organizational viability, change management approach, sustainability factors"
I247,R1418,Perioperative Nurses' Perceptions Pre-Implementation of an Electronic Medical Record System.,2021,Studies in health technology and informatics,10.3233/SHTI210787,PubMed,abstract,Qualitative study,Y,,,Y,2,"U, O",Nurse acceptance and readiness; workflow integration concerns; change management strategies; organizational support and communication,"Perioperative nurses recognize EMR implementation as inevitable but harbor concerns about personal impact and workflow disruption, requiring targeted change management and context-specific implementation strategies.",Nurse perceptions of facilitators/barriers; acceptance readiness; concerns about personal workflow impact,,,Implementation strategies; change management; organizational communication; leadership approach to adoption
I248,R1425,Unintended Consequences and Workarounds of Electronic Medical Record Implementation in Clinical Nursing Practice.,2021,"Computers, informatics, nursing : CIN",10.1097/CIN.0000000000000785,PubMed,abstract,Survey/cross-sectional,Y,Y,,Y,3,"U, T, O",Unintended consequences of EMR implementation; Workarounds; Nurse acceptance and usability barriers; Education level and professional experience; Workflow disruption,"Clinical nurses experience moderate to high levels of unintended consequences and workarounds during EMR implementation, with significant variation by education, job position, and nursing experience.",Nurse acceptance; usability barriers; workflow fit challenges; digital literacy differences by education level,EMR system reliability; integration with clinical workflow; technical design usability,,Change management gaps; lack of nurse input in implementation; need for organizational redesign of EMR adoption processes
I249,R1506,"Information and communication technology literacy, knowledge and readiness for electronic medical record system adoption among health professionals in a tertiary hospital, Myanmar: A cross-sectional study.",2021,PloS one,10.1371/journal.pone.0253691,PubMed,fulltext,Survey/cross-sectional,Y,,,Y,2,"U, O",ICT literacy; English language skills; postgraduate education; knowledge on EMRs; duration of service,"Overall readiness for EMR adoption among health professionals was moderate (54.2%), with postgraduate education and EMR knowledge as significant predictors, while ICT literacy and training gaps remain key barriers.",ICT literacy (20.3% high); English language skills; training needs; knowledge on EMRs (24.6% high); hands-on experience,,,Postgraduate education; on-the-job training; curriculum contextualization; infrastructure expansion; ICT development training provision
I250,R1647,Factors Affecting e-Health Adoption in South African Public Hospitals: A Case of Edendale Hospital,2021,2021 IST-Africa Conference (IST-Africa),,IEEE,abstract,Survey/cross-sectional,Y,Y,Y,Y,4,"U, T, I, O",ICT infrastructure adequacy; computer skills training; government support; hospital management involvement; internet access cost,"Facilitating conditions including infrastructure, training, government support, and management involvement are critical determinants of e-health adoption in South African public hospitals.",computer skills training; healthcare professional acceptance and expectations,adequate ICT infrastructure; low-cost internet access; information security; system accuracy,government support; regulatory/policy environment,hospital management involvement; organizational readiness
I251,R0438,Challenges in user-driven optimization of EHR: A case study of a large Epic implementation in Denmark.,2021,International journal of medical informatics,10.1016/j.ijmedinf.2021.104394,PubMed,abstract,Case study,Y,,Y,Y,3,"U, I, O",Clinician involvement in optimization; standardization vs. adaptation tension; centralized control vs. local autonomy; organizational design of optimization programs; clinical governance,"Post-implementation EHR optimization in hospital systems faces critical tensions between standardization and adaptation, and between centralized control and local autonomy, requiring more sophisticated clinical governance strategies.",Clinician engagement in optimization; clinical acceptance of standardized configurations,,Clinical governance frameworks; policy on standardization and local adaptation; institutional oversight of optimization,Program organization and management; leadership coordination across hospital systems; change management tensions; project governance structure
I252,R0249,Factors affecting the adoption of e-health system in the Kingdom of Saudi Arabia.,2021,International health,10.1093/inthealth/ihaa091,PubMed,fulltext,Survey/cross-sectional,Y,Y,Y,Y,4,"U, T, I, O","Lack of doctor-patient relationship; Data privacy and security concerns; Inadequate government regulations; Demographic factors (age, gender, education, culture); Resistance to change; Lack of user acceptability; Insufficient ICT infrastructure","E-health adoption in Saudi Arabia is hindered primarily by lack of doctor-patient relationships, data privacy fears, inadequate regulations, demographic barriers, and insufficient technical expertise and training.",User acceptability; Digital literacy gaps; Resistance to change; Trust in system,ICT infrastructure adequacy; Technical expertise deficiency; System interoperability; EMR/EHR implementation challenges,Inadequate government policies; Lack of regulatory framework; Absence of e-health strategy enforcement; Policy gaps for system implementation,Leadership commitment; Change management failure; Insufficient trainer availability; Project implementation barriers; Financial constraints
I253,R1624,Data Integration and Interoperability Problems of HL7 FHIR Implementation and Potential Solutions: A Systematic Literature Review,2021,2021 5th International Conference on Informatics and Computational Sciences (ICICoS),10.1109/ICICoS53627.2021.9651762,IEEE,abstract,Systematic review,,Y,,Y,2,"T, O",HL7 FHIR interoperability standards; data integration challenges; technical implementation barriers; organizational adoption readiness,Systematic review identified integration and interoperability problems in HL7 FHIR implementation and proposed both technical and non-technical solutions to support eHealth system adoption.,,HL7 FHIR standards; data integration; interoperability; system integration challenges,,Implementation strategy; non-technical solutions; organizational transformation; adoption process
I254,R0457,"Mastering stakeholders' engagement to reach national scale, sustainability and wide adoption of digital health initiatives: lessons learnt from Burkina Faso.",2021,Family medicine and community health,10.1136/fmch-2021-000959,PubMed,fulltext,Case study,Y,Y,Y,Y,4,"U, T, I, O",Stakeholder engagement strategy; Ministry of Health buy-in and support; User-centric design reducing clinician workload; Technical interoperability and standards; Institutional policy integration and data governance,"Successful scaling of a digital health initiative to 70% of primary health centers in Burkina Faso required systematic stakeholder engagement across multiple government levels, customized incentives for each stakeholder group, and user-centered design that reduced rather than increased clinician workload.",HCW acceptance >90%; reduced reporting burden; automatic data features; digital job aids; training and coaching components,Interoperability with existing health information systems; offline functionality; low bandwidth design; data hosting on national cloud; open standards,Ministry of Health integration from conception; national insurance scheme endorsement; policy alignment with national health protocols; government data governance; multi-ministry coordination,Steering committee governance; tailored dashboards for district managers; continuous customization and feature development; handover process to MoH; sustained funding through Global Fund
I255,R0906,Design and implementation of electronic health record common data elements for pediatric epilepsy: Foundations for a learning health care system.,2021,Epilepsia,10.1111/epi.16733,PubMed,fulltext,Mixed-methods,Y,Y,Y,Y,4,"U, T, I, O","Clinician workflow integration and usability; EHR vendor technical compatibility; Multi-stakeholder engagement (clinicians, parents, advocates); Implementation across three vendor systems; Standardization balancing ILAE classification with clinical practicality","Systematic development and implementation of pediatric epilepsy CDEs through iterative multi-stakeholder engagement, field testing, and vendor collaboration demonstrated successful adoption across three EHR systems, achieving 1294 clinical encounters at one center.","Clinician feedback on time burden (target <2 minutes); Patient/caregiver priorities (seizure control, quality of life); Usability testing during piloting; Workflow integration into routine clinical encounters","EHR vendor compatibility assessment (Epic, Cerner, athenahealth); HL7/ILAE classification mapping; Copy-forward functionality for data persistence; Seizure frequency scale implementation across systems; Integration with existing billing and quality metrics",Alignment with American Academy of Neurology quality measures; Integration with learning healthcare system framework; Demonstration projects for quality improvement; Institutional IRB approval (BRANY protocol); Support for quality improvement initiatives and comparative effectiveness research,"Multi-stakeholder group development (clinicians, researchers, parents, vendors, advocates); Iterative refinement through 4 in-person meetings and weekly operational calls; Field testing at 10 centers; Stakeholder consensus-building on CDE scope; Leadership coordination across pediatric epilepsy centers"
I256,R0416,Factors that Determine Comprehensive Categorical Classification of EHR Implementation Levels.,2021,Health services insights,10.1177/11786329211024788,PubMed,fulltext,Cohort/observational,,Y,Y,Y,3,"T, I, O",Hospital size; Financial resources and profit margin; Geographic location (urban/metro vs rural); System affiliation; Managed care penetration; Uninsured patient population,"Larger, more profitable hospitals in urban/metropolitan areas with system affiliation and access to greater financial and human resources are more likely to implement higher levels of EHR functionalities, while cost barriers and lower munificent environments constrain comprehensive implementation.",,Interoperability issues; IT infrastructure and wireless networks; System integration capabilities,Meaningful use regulations; Policy incentives for EHR adoption; Managed care penetration and regulatory stringency,Hospital size and profitability; System affiliation and resource sharing; Strategic vendor partnerships; Leadership decisions on implementation strategy; Financial constraints limiting resource allocation
I257,R0435,Are we doing it right? We need to evaluate the current approaches for implementation of digital health systems.,2021,Australian health review : a publication of the Australian Hospital Association,10.1071/AH20289,PubMed,abstract,Framework/policy analysis,,,Y,Y,2,"I, O",Project management approach; Implementation strategy; Organizational governance; Leadership and resourcing,"Digital health implementation failures are predominantly attributable to poor project management, yet little evidence exists on optimal project management approaches for healthcare IT programs.",,,Health service policy; Institutional support for digital transformation,Project management; Change management; Leadership; External advisory/contractor engagement; Implementation strategy
I258,R0371,Enabling adoption and use of new health information technology during implementation: Roles and strategies for internal and external support personnel.,2021,Journal of the American Medical Informatics Association : JAMIA,10.1093/jamia/ocab044,PubMed,abstract,Qualitative study,Y,Y,Y,Y,4,"U, T, I, O",Support personnel contextual knowledge; Training in new technology; Mediation skills; Institutional workflow understanding; Career development opportunities,"Support personnel with both contextual knowledge of institutional workflow and technology training were most effective mediators in EHR adoption, while those lacking either faced communication, trust, and problem-solving barriers.",End-user acceptance; Training effectiveness; Mediation skills; Communication and trust,Technology training; System transition support,Institutional workflow context; Career development programs,Support personnel structure; Change management through mediators; Leadership investment in training programs
I259,R1380,Implementation of Electronic Medical Records in Mental Health Settings: Scoping Review.,2021,JMIR mental health,10.2196/30564,PubMed,fulltext,Scoping review,Y,Y,Y,Y,4,"U, T, I, O",Clinician acceptability and appropriateness perceptions; workflow fit and documentation impact; technical support availability; financial factors; organizational factors,"EMR adoption in mental health is determined by clinician perceptions of acceptability and appropriateness, technical support, financial and organizational factors, with evidence gaps in long-term sustainability and penetration outcomes.",Clinician satisfaction with system; perception of workflow interruption; acceptability tied to documentation completeness; clinician-patient relationship impact,Technical support availability; system reliability; integration with clinical workflows; usability and design fit,Financial factors; policy context; regulatory framework in high-income countries,Implementation cost; feasibility assessment; organizational adoption; change management approaches; co-design and tailoring to clinical needs
I260,R0051,"Benefits, challenges, and contributors to success for national eHealth systems implementation: a scoping review.",2021,Journal of the American Medical Informatics Association : JAMIA,10.1093/jamia/ocab096,PubMed,abstract,Scoping review,Y,Y,Y,Y,4,"U, T, I, O",User acceptance and trust; Technical interoperability and platform adaptability; Legal and regulatory alignment; Implementation approach (decentralized vs. centralized vs. federated),"Success of national eHealth implementations depends on promoting user trust and acceptance, ensuring technical interoperability with federated standards, reconciling systems with legal requirements, and adopting adaptable implementation strategies.",User acceptance; stakeholder trust in system,Technical platform adaptability; interoperability; data standards,Legal requirements; ethical frameworks; regulatory regimes; national standards,Implementation approach; decentralized vs. centralized vs. federated models; engagement challenges
I261,R1312,Facilitators and Barriers to the Adoption of an Electronic Medical Record System by Intensive Care Nurses.,2021,Studies in health technology and informatics,10.3233/SHTI210785,PubMed,abstract,Mixed-methods,Y,,,Y,2,"U, O",Nurse motivation; work engagement; wellbeing; training and education needs; workflow restructuring,"ICU nurses showed optimism toward EMR adoption driven by high motivation and engagement, but implementation success depends on education strategies and environmental restructuring to address fears of unintended consequences.",Psychological motivation; work engagement; wellbeing; acceptance; usability concerns; training needs,,,Change management; education and training strategies; environmental restructuring; implementation enablement
I262,R0172,Successful implementation of ehealth interventions in healthcare: Development of an ehealth implementation guideline.,2021,Health services management research,10.1177/0951484821994421,PubMed,abstract,Framework/policy analysis,Y,Y,Y,Y,4,"U, T, I, O",Technology; Acceptance; Financing; Organizational factors; Legislation & Policy,A five-domain eHealth implementation guideline with 23 consensus-based determinants was developed through expert Delphi study to guide successful eHealth intervention adoption in healthcare.,Acceptance; user readiness,Technology; technical infrastructure,Legislation & Policy; regulatory frameworks,Organizational factors; financing; implementation strategy
I263,R0173,Evaluating the E-Health Cloud Computing Systems Adoption in Taiwan's Healthcare Industry.,2021,"Life (Basel, Switzerland)",10.3390/life11040310,PubMed,fulltext,Framework/policy analysis,,Y,Y,Y,3,"T, I, O","Cloud management (cost effectiveness, information integration, information sharing); Cloud service delivery (testing, debugging, system stability); Cloud security (confidentiality, data integrity, access control); Cloud software (convenience, scalability, medical image exchange)","Cloud management function, particularly cost effectiveness, is the most significant factor influencing e-health cloud computing system adoption in Taiwan's healthcare industry.",,Cloud service delivery; system stability; testing and debugging; cloud-based medical image exchange; software scalability,Healthcare industry regulatory complexity; policy considerations for cloud computing adoption; management concerns driving adoption,Cloud management function; resource allocation; administrative decision-making; leadership prioritization of factors; project implementation model
I264,R0340,Persuasion Tactics in the Implementation of Large-Scale EHR Suites in Public Healthcare.,2021,Studies in health technology and informatics,10.3233/SHTI210632,PubMed,abstract,Case study,Y,Y,Y,Y,4,"U, T, I, O",Persuasion tactics; distributed governance structure; stakeholder buy-in; organizational autonomy of municipalities and GPs; change management strategy,Large-scale EHR implementation in distributed healthcare systems requires persuasion tactics rather than enforcement due to the independent roles of municipalities and general practitioners.,Stakeholder acceptance; persuasion of end-user organizations,Epic EHR suite implementation; interoperability across healthcare domains,Distributed governance; regulatory structure of regional health authorities and municipalities; independent GP entrepreneurial role,EHR program ownership; change management tactics; implementation strategy across autonomous organizations
I265,R0040,Implementation of e-health innovative technologies in North Lebanon hospitals.,2021,Eastern Mediterranean health journal = La revue de sante de la Mediterranee orientale = al-Majallah al-sihhiyah li-sharq al-mutawassit,10.26719/emhj.21.030,PubMed,abstract,Survey/cross-sectional,Y,Y,Y,Y,4,"U, T, I, O",Cost; Personnel resistance; Lack of legislation and standards; Training needs; Leadership awareness,"North Lebanese hospitals recognize e-health importance but face implementation barriers primarily driven by financial constraints, regulatory gaps, staff resistance, and insufficient training capacity.",Personnel resistance; Training needs; Staff knowledge and behaviour regarding e-health,Lack of common standards; Incomplete medical records systems; Technology integration challenges,Lack of legislation; Absence of regulatory framework; Need for legislative rules,Cost as primary barrier; Hospital leadership awareness; Need for academic institution involvement in education programmes
I266,R0355,Challenges on Radical Health Redesign to Reconfigure the Level of e-Health Adoption in EU Countries.,2021,Frontiers in public health,10.3389/fpubh.2021.728287,PubMed,fulltext,Framework/policy analysis,Y,Y,Y,Y,4,"U, T, I, O",Health professional resistance and acceptance; Infrastructure and technical capacity; Policy frameworks and governance; Leadership and management; Interoperability standards,"European countries exhibit substantial disparities in e-health adoption driven by differences in health professional acceptance, technical infrastructure, policy support, and organizational leadership, with high-adopting countries (Denmark, Estonia, Sweden) contrasting sharply with low-adoption countries (Greece, Romania, Slovakia).",Health professional resilience and barriers to acceptance; behavioral intention factors; patient and clinician experience and satisfaction,Infrastructure quality; interoperability and information governance; ICT technical expertise and reliability,National policy frameworks and e-Health Action Plans; regulatory governance; funding mandates and fiscal investment; public sector institutional quality,Leadership and gender dynamics in management; change management and implementation strategy; project management of multi-agency partnerships; organizational capacity and resourcing
I267,R0626,Electronic health record adoption among US substance use disorder and other mental health treatment facilities.,2021,Drug and alcohol dependence,10.1016/j.drugalcdep.2021.108515,PubMed,abstract,Survey/cross-sectional,,,Y,Y,2,"I, O","Facility type (inpatient vs. outpatient); Joint Commission accreditation; ownership model (private-for-profit vs. public); insurance acceptance (Medicare, private)","EHR adoption lags significantly in SUD facilities compared to MH facilities, with fewer than 25% of either type achieving exclusive clinical EHR use, though accreditation and payment incentives are associated with adoption.",,,Joint Commission accreditation; Medicare/insurance acceptance policies,Facility ownership structure; inpatient vs. outpatient operations; organizational accreditation status
I268,R1582,"Utilization, Determinants, and Prospects of Electronic Medical Records in Ethiopia.",2021,BioMed research international,10.1155/2021/2230618,PubMed,fulltext,Survey/cross-sectional,Y,Y,Y,Y,4,"U, T, I, O",Training on EMR; Work experience; Knowledge of EMR; Attitude towards EMR; Computer access,"EMR utilization among health professionals in eastern Ethiopia was 67.7%, with training, experience, knowledge, and positive attitude being significant predictors of use.",Training on EMR (AOR=5.88); knowledge (AOR=1.52); attitude towards EMR (AOR=2.4); computer literacy; digital skills perception,"Computer access within facility; ability to use computer; EMR system functionality; data recording, retrieval, reporting capabilities",Policy drivers for adopting EMR; government initiative to deliver evidence-based health services; health management information system transformation,"Work experience (>5 years, AOR=2.22); management support; facility type (hospitals vs health centers); implementation in functional health facilities"
I269,R0676,Electronic Health Record: a systematic review of the implementation under the National Humanization Policy guidelines.,2021,Ciencia & saude coletiva,10.1590/1413-81232021266.39872020,PubMed,abstract,Systematic review,Y,,Y,Y,3,"U, I, O",Professional resistance to use; Usability concerns; Underutilization; Alignment with National Humanization Policy principles,"A systematic review of EPR implementation in Brazil (2006–2019) identified user acceptance, usability, and policy alignment as key domains, though implementation-specific evidence remains limited.",Professionals' resistance; usability emphasis; user acceptance barriers,,National Humanization Policy alignment; policy guidelines,Implementation domains; underutilization challenges
I270,R1165,Barriers and facilitators to a health information exchange system between general practitioners and hospitals: a qualitative study in Southern Switzerland.,2021,Swiss medical weekly,10.4414/smw.2021.w30063,PubMed,abstract,Qualitative study,Y,Y,Y,Y,4,"U, T, I, O",Workflow integration; Technical support and training; System security perception; Information quality; Completeness of patient documentation; Technical feature availability,"HIE system adoption among GPs is facilitated by secure design, delegated management, training, and clinical value, but hampered by incomplete documentation, lacking workflow improvements, and missing technical features.",Perception of security; Training; Delegation to secretaries/assistants; Workflow fit concerns; Usability of technical features,System reliability and security; Technical support; Information quality; Completeness of data exchange; Technical feature gaps,Regional context; Cantonal and federal initiatives; Regional policy environment,System management structure; Delegation of responsibility; Implementation support; Change management through training
I271,R0756,Stakeholders' Perceptions of the Implementation of a Patient-Centric Digital Health Application for Primary Healthcare in India.,2021,Healthcare informatics research,10.4258/hir.2021.27.4.315,PubMed,fulltext,Qualitative study,Y,Y,Y,Y,4,"U, T, I, O",Perceived usefulness and ease of use; workflow flexibility and complexity; staff digital competency; technical support availability; organizational integration requirements; government policy clarity,"Healthcare workers and patients appreciated the digital health system's usefulness for record retrieval and care coordination, but adoption faced barriers including workflow inflexibility, mandatory data entry burden, technical dependency, and dual paper-computer systems.",Initial difficulty and cumbersome interface; later recognition of usefulness; staff apprehension about performance monitoring; patient appreciation of accessible records; digital literacy gaps requiring technical support,System integration complexity; real-time data entry requirements; computer downtime and equipment handling issues; technical infrastructure needs; requirement for on-the-spot technical support,Dual paper-computer system due to state administrative mandate; lack of clear government directions on eHealth adoption; unclear policy on future electronic applications,On-the-job training and hands-on support provided; junior software developer and technical assistant for spot support; participatory implementation approach; organizational structure requiring integrated teamwork; change management challenges with parallel systems
I272,R1217,Digital Health Platforms in Saudi Arabia: Determinants from the COVID-19 Pandemic Experience.,2021,"Healthcare (Basel, Switzerland)",10.3390/healthcare9111517,PubMed,fulltext,Scoping review,Y,Y,Y,Y,4,"U, T, I, O",Governmental support and financial resources; User-friendly interface and high acceptance; Robust network infrastructure and internet connectivity; Data availability for innovation; Human support integrated with technology,"Saudi Arabia successfully optimized digital health technology platforms during COVID-19 through governmental support, user-centered design, robust infrastructure, and integration of human factors with technology.",Wide access; user-friendly interface; ease of use; high acceptance rate; previous positive perception among clinicians and patients,"Robust infrastructure of networks and technologies; >90% internet connectivity; free data from telecom companies (STC, Zein, Mobily); machine learning and AI applications; interconnected digital platforms (Mawid, Sehha, Sehhaty, Tawakkalna)",MOH strategy and governmental support; Saudi Vision 2030 plan mandating national telehealth network; MOH digital transformation report; MOH financial and logistic support; policy for non-confidential data availability for researchers,Multidisciplinary team from commercial and government sectors; quick implementation within short timeframe; 24/7 human support via direct line 937; integration of technology with healthcare provider support; monitoring and triage role in primary health services
I273,R0063,Design of an Integrated Acceptance Framework for Older Users and eHealth: Influential Factor Analysis.,2022,Journal of medical Internet research,10.2196/31920,PubMed,fulltext,Systematic review,Y,Y,Y,Y,4,"U, T, I, O",Perceived usefulness; Perceived ease of use; User digital literacy; Technology reliability; Organizational readiness,"A systematic review of 43 studies identified 105 acceptance factors for eHealth adoption by older adults, consolidated into an integrated acceptance framework (IAF) with 5 dimensions (personal, user-technology relational, technological, service-related, environmental) and 23 factors.",Perceived ease of use; Digital literacy; User attitude toward technology; Behavioral intention; Acceptance readiness,Technology reliability; System integration; Data exchange standards; Infrastructure adequacy; IoT interoperability,Policy support; Regulatory frameworks; Health system incentives; Governance structures; Funding mandates,Leadership commitment; Change management; Implementation strategy; Project management; Organizational resourcing
I274,R0458,A fuzzy analytic hierarchy process-based analysis for prioritization of barriers to the adoption of eHealth in India.,2022,International journal of medical informatics,10.1016/j.ijmedinf.2022.104830,PubMed,abstract,Framework/policy analysis,Y,Y,Y,Y,4,"U, T, I, O","Marketing barriers (promotion, customer engagement); Customer readiness (health literacy, trust, digital literacy); Regulatory framework; Organizational capacity; Practitioner acceptance","Marketing and customer-readiness barriers are the most significant obstacles to eHealth adoption in India, followed by administrative, organizational, and regulatory barriers, while economic barriers are least significant.","Health literacy, eHealth literacy, trust, learning new technology, cultural-ethical challenges, lack of motivational value for elderly","Technical barriers (integration of healthcare systems, data management)","Regulatory barriers, administrative barriers","Organizational barriers, practitioner acceptance"
I275,R1345,Determinants predicting the electronic medical record adoption in healthcare: A SEM-Artificial Neural Network approach.,2022,PloS one,10.1371/journal.pone.0272735,PubMed,fulltext,Survey/cross-sectional,Y,,,Y,2,"U, O",Trust; Self-efficacy; Personal innovativeness; Technology anxiety; Behavioral intention,"Behavioral intention to use EMR was the most influential predictor of actual EMR system adoption, mediated by perceived usefulness and perceived ease of use influenced by trust, self-efficacy, innovativeness, and anxiety.",Self-efficacy; Trust; Technology anxiety; Innovativeness; Behavioral intention; Perceived usefulness; Perceived ease of use,,,Behavioral intention; Facilitating conditions; Performance expectancy; Effort expectancy; Social influence
I276,R0988,Implementation of a Medication Reconciliation Risk Stratification Tool Integrated within an electronic health record: A Case Series of Three Academic Medical Centers.,2022,"Healthcare (Amsterdam, Netherlands)",10.1016/j.hjdsi.2022.100654,PubMed,abstract,Case study,Y,Y,,Y,3,"U, T, O",Workflow integration; interdisciplinary coordination; EHR system integration; resource allocation strategy; staff engagement,Integration of a medication reconciliation risk-stratification tool into the EHR is feasible but requires careful workflow design and sustained multidisciplinary coordination to succeed.,Pharmacy staff engagement; workflow fit and usability around risk calculator,EHR integration; risk scoring system design; electronic system reliability,,Resource allocation strategy; change management for interdisciplinary coordination; implementation across multiple sites
I277,R1438,Nurses' Experiences After Implementation of an Organization-Wide Electronic Medical Record: Qualitative Descriptive Study.,2022,JMIR nursing,10.2196/39596,PubMed,fulltext,Qualitative study,Y,Y,Y,Y,4,"U, T, I, O","Motivation and behavioral drivers; environmental context and resources; memory, attention, and decision processes; nursing autonomy and professional role; organizational support and training","Motivation was the primary behavioral driver for nurses' EMR adoption, with implementation perceived as complex and impacting autonomy, workflows, and professional identity, with potential consequences for workforce retention and patient care.",Nurses' stress and shock at implementation; initial reactions and adaptation; digital literacy challenges; usability perceptions; professional identity and autonomy concerns,System reliability; workflow integration; documentation changes; technology usability; clinical practice opportunities with EMR versus paper systems,Implementation strategy and timing; organizational support and training provision; policy around full versus hybrid implementation; ongoing support availability,Leadership approach to implementation; change management processes; culture and support offered during and after implementation; organizational communication about benefits
I278,R0111,Hospital organizational strategies associated with advanced EHR adoption.,2022,Health services research,10.1111/1475-6773.13655,PubMed,abstract,Survey/cross-sectional,Y,Y,,Y,3,"U, T, O",Leadership engagement; Human capital practices; Systems integration; Organizational strategy alignment,"Hospital organizational strategies in leadership engagement and systems integration are significantly associated with advanced EHR adoption, particularly patient engagement and data analytics functions.","Human capital practices (training, staffing, skill development)",Systems integration; connectivity between clinical and administrative systems; EHR data analytics infrastructure,,Leadership engagement; senior leadership involvement; organizational strategy; change management practices
I279,R0591,Implementation of the Flexible Assertive Community Treatment (FACT) Model in Norway: eHealth Assessment Study.,2022,Journal of medical Internet research,10.2196/32220,PubMed,fulltext,Framework/policy analysis,,Y,Y,Y,3,"T, I, O",eHealth infrastructure gaps; data-sharing regulations and interoperability standards; governance and policy alignment; organizational coordination between specialist and municipal services,Weaknesses in Norwegian eHealth infrastructure and lack of secure data-sharing systems between care levels have been a significant barrier to implementing FACT teams despite supportive policy mandates.,,Electronic communication standards; summary care record (SCR); system integration and interoperability; videoconferencing and electronic whiteboards; lack of secure information-sharing between health care levels,National Health and Hospital Plan 2020-2023; Coordination Reform; eHealth regulations and industry security norms; government funding since 2009; policy support for ACT/FACT models,Cooperation between specialist mental health care and municipalities; NKROP support for FACT implementation; distributed FACT teams across multiple locations; organizational guidelines and handbooks
I280,R0191,"Rapid adoption of electronic health record and health information exchange among assisted living communities, 2010-2018.",2022,Journal of the American Medical Informatics Association : JAMIA,10.1093/jamia/ocac021,PubMed,abstract,Survey/cross-sectional,,Y,Y,,2,"T, I",Organization size; chain vs. nonchain status; for-profit vs. nonprofit model; HIE lagging behind EHR adoption,"EHR and HIE adoption in assisted living communities increased substantially 2010–2018, but HIE adoption lagged significantly and disparities widened among smaller, nonchain, and for-profit facilities.",,EHR functions; HIE functions; health information exchange capability,Targeted policies needed; policy support for EHR/HIE adoption,
I281,R1398,The interaction between high-level electronic medical record adoption and hospitalist staffing levels: A focus on value-based purchasing.,2022,Health services management research,10.1177/09514848211001696,PubMed,abstract,Cohort/observational,,Y,Y,Y,3,"T, I, O",EMR capability level; hospitalist staffing levels; hospital size and type; healthcare system membership; RN staffing; payer mix,"High-level EMR adoption and hospitalist staffing independently improve hospital performance on value-based purchasing metrics, acting through separate mechanisms rather than synergistically.",,EMR capability; electronic medical record adoption levels,Value-based purchasing performance metrics; payer mix (Medicare/Medicaid share),Hospitalist staffing levels; RN staffing; hospital size and type; healthcare system structure; financial constraints on simultaneous investments
I282,R1571,Understanding nurses' perceptions of barriers and enablers to use of a new electronic medical record system in Australia: A qualitative study.,2022,International journal of medical informatics,10.1016/j.ijmedinf.2021.104654,PubMed,abstract,Qualitative study,Y,,,Y,2,"U, O",Nurse motivation; Emotional responses; Environmental context and resources; Social influences; Reinforcement,"Nurses' emotional responses and motivation are dominant barriers and enablers to EMR adoption, requiring multifaceted behavioral strategies to support successful implementation and reduce attrition.",Emotions (24.1% of barriers); motivation; psychological well-being; social influences (21% of enablers),,,Environmental context and resources (21.3% of barriers); reinforcement (20.8% of enablers); behavior change strategies; implementation strategy
I283,R1352,"Psychological, social and technical factors influencing electronic medical records systems adoption by United States physicians: a systematic model.",2022,Health research policy and systems,10.1186/s12961-022-00851-0,PubMed,fulltext,Survey/cross-sectional,Y,Y,Y,,3,"U, T, I",Physician attitude towards EMR; perceived behavioural control; knowledge of innovation; perceived industry benefits; financial ability,"Physicians' adoption intentions are primarily driven by attitudes and perceived control rather than government mandates or social pressures, with knowledge, financial ability, and perceived industry benefits as key indirect influences.",Attitude towards adoption; perceived behavioural control; knowledge of innovation; perceived usefulness; perceived ease of use; peer preference,Perceived ease of use; relative advancement of system; workflow impact on operations; technical interoperability,Government policy and mandates; industry standards; industry associations; regulatory framework,
I284,R0341,"How Do Users of Modern EHR Perceive the Usability, User Resistance and Productivity Five Years or More After Implementation?",2022,Studies in health technology and informatics,10.3233/SHTI220195,PubMed,abstract,Qualitative study,Y,,,Y,2,"U, O",System usability; User resistance; Workflow acceptance; Post-implementation satisfaction; Change management challenges,"Health professionals reported good EHR usability and low user resistance 5-8 years post-implementation, though the adoption trajectory involved significant early hurdles.",Usability perception; User acceptance; Low resistance; Workflow fit over time,,,Implementation timeline; Change management; Post-implementation experience; Multi-center rollout
I285,R1360,Adoption of electronic medical records in developing countries-A multi-state study of the Nigerian healthcare system.,2022,Frontiers in digital health,10.3389/fdgth.2022.1017231,PubMed,fulltext,Survey/cross-sectional,Y,Y,Y,Y,4,"U, T, I, O",Perceived usefulness; Ease of use; Awareness and training; Data security and risk perception; Critical success factors alignment,"Usefulness, critical success factors, awareness, and relative advantage significantly influence clinician intention to adopt EMRs, while risk and data security concerns negatively impact adoption despite infrastructure availability being non-significant.","Perceived usefulness; ease of use; awareness and training; user perception of risk and data safety; relative advantage; age, gender, and experience as moderators",Infrastructure availability; system reliability; data security; technical interoperability (referenced through EMR functionality and data exchange),Policy and governance; critical success factors alignment; government and healthcare leader policy formulation; organizational incentives,Management support; change management through awareness and training; project implementation strategy; organizational alignment of technology with business needs
I286,R0892,Electronic health record implementation and healthcare workers' work characteristics and autonomous motivation-a before-and-after study.,2022,BMC medical informatics and decision making,10.1186/s12911-022-01858-x,PubMed,fulltext,Before-and-after study,Y,,,Y,2,"U, O",Job autonomy; Interdependence; Work characteristics; Autonomous motivation; Professional role differences,"EHR implementation decreased perceived job autonomy and increased interdependence among healthcare workers, but autonomous motivation remained stable, likely due to offsetting effects and EHR alignment with worker values.","Job autonomy, interdependence, autonomous motivation, perceived control, workflow fit",,,"EHR implementation, standardized workflows, organizational change, clinical and operational changes"
I287,R1649,"If You Build It, Will They Come? : An Adoption Analysis of the HL7/FHIR/Da Vinci Healthcare Interoperability Stack",2022,2022 Portland International Conference on Management of Engineering and Technology (PICMET),10.23919/PICMET53225.2022.9882646,IEEE,abstract,Framework/policy analysis,,Y,Y,Y,3,"T, I, O",Technical maturity of HL7/FHIR standard; regulatory mandates (21st Century Cures Act); adoption risks and forecasting; implementation strategy,"HL7/FHIR framework adoption potential assessed through technology maturity and regulatory enforcement, with identified adoption risks and mitigation strategies for achieving US interoperability goals by 2025.",,HL7/FHIR technical maturity; Da Vinci Project acceleration; framework readiness for national interoperability,21st Century Cures Act mandates; CMS and ONC regulatory enforcement; legal requirements for EHI interoperability,Adoption risk identification; forecasting adopter behavior patterns; implementation strategy recommendations
I288,R1424,Electronic medical record implementation in a large healthcare system from a leadership perspective.,2022,BMC medical informatics and decision making,10.1186/s12911-022-01801-0,PubMed,fulltext,Case study,Y,Y,Y,Y,4,"U, T, I, O",Leadership and change management approach; Organizational readiness and stakeholder engagement; Training and superuser development; Communication and vision alignment; Removal of implementation obstacles,"EMR implementation success requires treating it as a complex social adaptive project led by strong leadership using change management models, not as a pure IT project, with systematic engagement across all organizational levels.",Staff training; superuser designation; understanding staff emotions; peer feedback; addressing resistance; staff-friendly processes; healthcare worker satisfaction measurement,"BESTCare system integration (CPOE, CDSS, CLMA, CDW, HIE); system reliability and disaster recovery; data warehouse and business intelligence tools; recognition of technical threats (drug allergy data transfer errors); multiple layers of protection",Joint Commission International (JCI) accreditation requirement; institutional governance structure; MNGHA strategic objectives; system ownership and intellectual property enabling customization; institutional board review approval,EMR implementation committee leadership; departmental implementation teams; new clinical chair appointment; readiness assessment tool; daily briefing and debriefing; command center support; post-implementation enhancement committee; project timeline management
I289,R0623,A Self-help Tool to Facilitate Implementation of eHealth Initiatives in Health Care (E-Ready): Formative Evaluation.,2022,JMIR formative research,10.2196/17568,PubMed,fulltext,Mixed-methods,Y,,Y,Y,3,"U, I, O",Organizational readiness for change; perceived conditions for change at workplace; individual conditions for change; management support and engagement; perceived consequences on status quo; workplace attitudes,"E-Ready 2.0 is a validated self-help tool that measures eHealth implementation readiness across individual and collective levels, with acceptable measurement properties supporting its use to guide health care provider engagement ahead of eHealth initiatives.",Perceived individual conditions for change; perceived readiness among colleagues; perceived workplace attitudes; willingness and capability for change,,Perceived conditions for change at workplace; management support and engagement; organizational readiness,Implementation planning; change management strategies; leadership promoting change; organizational capacity to change
I290,R0957,"Electronic health record closed-loop referral (""eReferral"") to a state tobacco quitline: a retrospective case study of primary care implementation challenges and adaptations.",2022,Implementation science communications,10.1186/s43058-022-00357-4,PubMed,fulltext,Case study,Y,Y,Y,Y,4,"U, T, I, O",Clinician workflow burden and EHR usability; stakeholder engagement and coordination; system-specific EHR customization; staff training and feedback mechanisms; organizational readiness and change management,"System-wide implementation of tobacco quitline eReferral in primary care requires extensive multi-stakeholder coordination, iterative EHR customization to local workflows, and attention to clinician burden and acceptability to achieve feasible adoption.",Clinician burden from EHR documentation; negative beliefs about patient receptivity; staff training and feedback; survey-measured improvements in self-efficacy and perceived workflow efficiency,EHR-enabled closed-loop referral; Epic EHR customization; interoperability with quitline systems; data exchange and integration; medication list updates; system-specific modifications,Health system stakeholder support; tobacco cessation treatment champions; data-sharing agreements; regulatory coordination; funding and IT resource allocation,Collaborative implementation planning; iterative pilot testing in engaged clinics; multi-phase rollout strategy; leadership engagement; clinic manager check-ins; monthly performance feedback reporting; staff training sessions
I291,R0248,Physician experience with the Epic electronic health record (EHR) system: longitudinal findings from an emergency department implementation.,2022,CJEM,10.1007/s43678-022-00354-5,PubMed,abstract,Survey/cross-sectional,Y,,,Y,2,"U, O",Training quality and relevance; Personalization/customization effectiveness; Workflow integration; Clinical efficiency; User satisfaction trajectory,"Physician satisfaction and system confidence improved over 20 months post-implementation, but sustained efficiency challenges persisted despite gains, with inadequate training tailored to ED workflows.",Training lacking in relevance to ED workflow; Personalization sessions perceived as ineffective; Satisfaction and confidence improved over time,,,Big bang implementation approach; Post-implementation support and optimization opportunities; Sustained challenges in patient flow and documentation efficiency
I292,R1510,Nurses&rsquo; and midwives&rsquo; experiences of the first phase of the implementation of an electronic medical records system.,2022,Australian health review : a publication of the Australian Hospital Association,10.1071/AH21118,PubMed,abstract,Qualitative study,Y,Y,Y,Y,4,"U, T, I, O",User training and support; workflow alignment; system reliability and performance; interoperability with legacy systems; organizational change management,"Nurses and midwives experienced mixed outcomes following EMR implementation, with significant training, technical support, and workflow-centered design required to mitigate early negative effects on workload and well-being.","Training needs; workflow disruption; usability challenges (slow, difficult navigation); cognitive workload; staff frustration and stress; end-user involvement in design",System outages and downtime; lack of interoperability between EMR and legacy systems; slow system performance; hybrid systems requiring multiple technology platforms,Funding constraints affecting implementation approach; whole-of-service simultaneous vs. phased implementation decisions; organizational policy on server technology investment,Change management; project implementation strategy; inclusion of nurses and midwives in design and refinement; ongoing technical support provision; organizational leadership commitment to staff support
I293,R0883,Creation of an Evidence-Based Implementation Framework for Digital Health Technology in the Intensive Care Unit: Qualitative Study.,2022,JMIR formative research,10.2196/22866,PubMed,fulltext,Qualitative study,Y,Y,Y,Y,4,"U, T, I, O",Staff engagement and training; Leadership clarity and change management; Technology usability and perceived benefit; Stakeholder involvement; Implementation process structure,"Successful ICU digital health implementation requires thorough preimplementation assessment, clear leadership roles, staff engagement across all professional groups, and ongoing feedback mechanisms, with barriers including insufficient training reach, lack of perceived benefit, and organizational resistance.",Staff training gaps; lack of responsibility feeling; opinion leader resistance; perceived benefit; digital literacy/usability concerns,System interoperability limitations; data transmission gaps; technical features; sensor integration; device reliability,Institutional readiness assessment; feedback culture; existing institutional capacity; governance structure; implementation unit responsibilities,Leadership clarity and competence; change management; stakeholder involvement; project management structure; implementation advisor role; transparent communication
I294,R1577,"Performance, Barriers, and Satisfaction of Healthcare Workers Toward Electronic Medical Records in Saudi Arabia: A National Multicenter Study.",2022,Cureus,10.7759/cureus.21899,PubMed,fulltext,Survey/cross-sectional,Y,Y,Y,Y,4,"U, T, I, O",EMR training attendance; age and experience; computer literacy; system usability and design; technical support quality; institutional prioritization and governance,"Healthcare worker satisfaction and performance with EMR systems in Saudi Arabia are significantly higher among older workers, non-Saudis, and those who completed EMR training, with quality of care improvement as the main perceived benefit and system reliability/security concerns as major barriers.",Training attendance (54.3% attended); age >50 years; computer experience level; ease of use perception; satisfaction scores (median 53); acceptance of system usability,System reliability and access (temporary loss of records during crashes/power failures cited as highest barrier); technical support quality (37.8% satisfaction); system design and screen layout clarity (51.4%); information retrieval capabilities,Saudi government e-health mission and prioritization; national transition from paper to electronic records; institutional governance across four cities and multiple health facilities,Change management through training programs; implementation across large government-funded health system; leadership support for e-health adoption; multi-center organizational rollout
I295,R0370,Evaluation of a Health Information Exchange System for Geriatric Health Care in Rural Areas: Development and Technical Acceptance Study.,2022,JMIR human factors,10.2196/34568,PubMed,fulltext,Mixed-methods,Y,Y,Y,Y,4,"U, T, I, O",Computer literacy; Trust among users; System adaptability to local needs; Organizational structures and cross-professional networking; Resource availability and time constraints,"Pre-existing cross-organizational structures and interdisciplinary networks are prerequisites for HIE adoption, and participatory design improves system adaptability to regional needs, though healthcare providers lack sufficient time, knowledge, and resources for effective implementation.",Computer literacy; Trust; Usability; Workflow fit; Digital readiness,Web-based design; Interoperability issues; System reliability; Technical infrastructure,Policy/regulatory environment (eHealth Gesetz); Organizational separation of providers; Privacy concerns; Governance structures,Participatory design approach; Leadership engagement; Change management; Project management; Resource constraints; Pre-existing networks
I296,R0775,Using an Integrated Framework to Investigate the Facilitators and Barriers of Health Information Technology Implementation in Noncommunicable Disease Management: Systematic Review.,2022,Journal of medical Internet research,10.2196/37338,PubMed,fulltext,Systematic review,Y,Y,Y,Y,4,"U, T, I, O",Relative advantage of HIT; usability and design quality; health literacy and digital skills; organizational readiness; workflow integration,"HIT implementation for chronic disease management is determined by intrinsic technology factors (relative advantage, usability) and extrinsic human factors (health literacy, self-efficacy, organizational readiness, workflow integration) that interact across individual, interpersonal, organizational, and political levels.",Health literacy; digital skills; self-efficacy; physicians' suggestions; patient acceptance; clinician usability concerns,Design quality; usability; data integration into workflow; health data security; system reliability,Health data security importance; policy frameworks; regulatory alignment,Organizational readiness; adequate data management; leadership support; workflow integration; cooperation across care team
I297,R0724,"IMPLEMENTATION OF THE NATIONWIDE ELECTRONIC HEALTH RECORD SYSTEM IN SERBIA: CHALLENGES, LESSONS LEARNED, AND EARLY OUTCOMES.",2022,Acta clinica Croatica,10.20471/acc.2022.61.03.14,PubMed,fulltext,Case study,Y,Y,Y,Y,4,"U, T, I, O",Legislative/regulatory alignment; Multi-disciplinary team assembly; Stepwise phased implementation; Early user involvement and training; System flexibility and adaptability,"Nationwide EHR implementation in Serbia succeeded through careful planning, phased regional rollout, legislative updates, professional team composition, and continued user engagement with willingness to adjust the system model.",Training of super-users; Local administrator designation; Joint regional presentations; Resistance to change management; Workflow redesign for prospective users,"API integration; XML standards for data exchange; ICD-10, ATC, DRG coding systems; Infrastructure connectivity assessment; Integration of 57 existing information systems",Health Care Law updates; Law on Health Records amendments; Legislative flexibility for future changes; Ministry of Health collaboration; Policy alignment with broader health sector reform,Multi-disciplinary team hiring; Prince II and ITIL V3.0 framework; Phased development and dissemination approach; Regional segmentation by tertiary centers; Project management timeline and milestones
I298,R0816,"Context-specific adaptation of an eHealth-facilitated, integrated care model and tailoring its implementation strategies-A mixed-methods study as a part of the SMILe implementation science project.",2022,Frontiers in health services,10.3389/frhs.2022.977564,PubMed,fulltext,Mixed-methods,Y,Y,Y,Y,4,"U, T, I, O",Clinician and patient technology openness; Context-specific practice patterns and patient needs; Stakeholder involvement and end-user input; Regulatory and organizational alignment; Implementation strategy tailoring,"A theory-guided, multilevel contextual analysis combined with stakeholder engagement is essential to systematically adapt eHealth interventions and tailor implementation strategies to setting-specific needs.",Patients' and clinicians' technology openness; workflow fit; digital literacy needs; acceptability and usability considerations,Mobile app and monitoring interface functionality; data transfer and interoperability; system reliability and technical infrastructure requirements,Swiss and medical device regulations; standard operating procedures; policy mandates; governance structures; regulatory compliance,Stakeholder involvement; project group meetings; leadership engagement; change management; adaptation planning and budgeting; implementation strategy selection via ERIC framework
I299,R1335,Success Factors of an Early EHR System for Child and Adolescent Mental Health: Lessons Learned for Future Practice Data-Driven Decision Aids.,2022,Studies in health technology and informatics,10.3233/SHTI220057,PubMed,abstract,Case study,Y,Y,Y,Y,4,"U, T, I, O","System functionality aligned with clinical workflow; collaborative care design; national governance and policy integration; stakeholder engagement across government, clinicians, and patients",A purpose-built EHR system that addressed specific CAMHS needs and unified requirements across multiple stakeholder groups was more successful than a generic replacement system with reduced functionality.,Clinician acceptance; workflow fit for collaborative care; practice insight for decision-making,EHR system functionality; data integration for practice analysis; specialized CAMHS features,National policy mandate; government and administration alignment; national association ownership; healthcare integration requirements,Stakeholder engagement; change management during system replacement; multi-level requirement unification
I300,R1315,"eHealth and mHealth in Chronic Diseases-Identification of Barriers, Existing Solutions, and Promoters Based on a Survey of EU Stakeholders Involved in Regions4PerMed (H2020).",2022,Journal of personalized medicine,10.3390/jpm12030467,PubMed,fulltext,Mixed-methods,Y,Y,Y,Y,4,"U, T, I, O",User digital literacy and skills gaps; User-friendly interface design; Data security and access; System interoperability and fragmentation; Regulatory and governance alignment,"eHealth/mHealth adoption in chronic disease management is hindered by low digital literacy in seniors, fragmented medical systems due to divergent national regulations, lack of user-friendly interfaces, and insufficient training of healthcare professionals, requiring coordinated policy, infrastructure standardization, and public awareness campaigns.",Lack of digital skills in seniors; User-friendly technology and simple interfaces needed; Patient awareness and engagement; Healthcare provider training deficits; Patient empowerment through mHealth,Data security and access mechanisms; Lack of digitization of medical data; System interoperability and fragmentation; Data exchange standards; Infrastructure homogeneity,National legislations deviating from GDPR; Regulatory fragmentation; Lack of centralized assessment systems; Reimbursement transparency; Policy alignment for personalized medicine,Healthcare system management and organization; Lack of investment in healthcare; Professional resistance to practice change; Integration of PM into existing systems; Project management of implementations
I301,R0363,Evaluation of the nation-wide implementation of ALS home monitoring & coaching: an e-health innovation for personalized care for patients with motor neuron disease.,2022,BMC health services research,10.1186/s12913-022-08724-6,PubMed,fulltext,Mixed-methods,Y,Y,Y,Y,4,"U, T, I, O",Stakeholder involvement; organizational barriers and facilitators; technology usability and acceptance; fidelity to implementation protocol; healthcare provider training,"Participatory action research combined with implementation science led to sustainable implementation in 7 of 9 teams, with teams that discontinued showing greater fidelity issues and lower usability scores.",Healthcare provider acceptance (SUS mean 71.4); patient satisfaction; attitude toward technology; training of healthcare coaches,Platform usability and ease of use; technical support organization; system reliability and integration into clinical workflows,Hospital board approval and e-health technology policy; protocol adaptation to local context; organizational support and governance,Participatory action research approach; leadership engagement; change management strategies; developing concrete action plans; mapping healthcare costs; multidisciplinary team coordination
I302,R0190,Assessing E-Health adoption readiness using diffusion of innovation theory and the role mediated by each adopter's category in a Mauritian context.,2022,International health,10.1093/inthealth/ihab035,PubMed,fulltext,Survey/cross-sectional,Y,,,Y,2,"U, O","Relative advantage (modernization, efficiency, faster results); Compatibility with workflow; Complexity of technology; Trialability; Adopter category and opinion leader influence","Healthcare workers showed strong E-Health adoption readiness driven by perceived modernization and efficiency gains, with physician and nursing manager adopter categories playing central roles as opinion leaders in technology diffusion.",Perceived modernization (84.1%); work efficiency and reduction of duplication (77.6%); faster result generation (71.1%); relative advantage; compatibility; complexity; trialability; observability; adopter category profiles (innovators to laggards),,,Opinion leader identification; adopter categorization; social ecosystem roles; change management through key opinion leaders; institutional readiness assessment
I303,R0829,Implementing an electronic health record dashboard for safe anticoagulant management: learning from qualitative interviews with existing and potential users to develop an implementation process.,2022,Implementation science communications,10.1186/s43058-022-00262-w,PubMed,fulltext,Qualitative study,Y,Y,Y,Y,4,"U, T, I, O",Clinician authority and autonomy; clinician self-identity and job satisfaction; documentation and administrative needs; staffing and work schedule; integration with existing information systems,"Successful EHR dashboard implementation requires addressing unique determinants related to clinical staff authority, autonomy, and workflow integration, with differences between post-implementation and pre-implementation contexts.",Clinician authority and autonomy; self-identity and job satisfaction; digital literacy and training needs,Integration with existing information systems; IT support; system reliability and accuracy,Policy and governance differences between VA and MAQI 2; prioritization within health systems,Staffing and work schedule; change management; implementation strategy selection; leadership support
I304,R0259,Human Factors of EHR Adoption in Saudi Primary Healthcare.,2022,Studies in health technology and informatics,10.3233/SHTI220512,PubMed,abstract,Survey/cross-sectional,Y,,,,1,U,Sociodemographic variables; perceived system benefits; clinician perceptions,"Primary healthcare professionals in Saudi Arabia showed positive EHR perceptions, with adoption influenced by sociodemographic factors.",Clinician acceptance; perceived benefits; sociodemographic influences on perception,,,
I305,R1082,"""If We Got a Win-Win, You Can Sell It to Everybody"": A Qualitative Study Employing Normalization Process Theory to Identify Critical Factors for eHealth Implementation and Scale-up in Primary Care.",2022,Canadian journal of diabetes,10.1016/j.jcjd.2021.08.005,PubMed,abstract,Qualitative study,Y,Y,Y,Y,4,"U, T, I, O",Stakeholder buy-in and perceptions; workflow and clinical integration; alignment with existing technologies; political climate and policy; organizational operationalization,"Synergistic operationalization across individual, organizational, and societal levels, driven by stakeholder-specific perceptions and alignment with existing clinical workflows, is critical for eHealth implementation and normalization into routine practice.",Stakeholder buy-in; perceptions and capacities of clinical staff; engagement readiness,Integration with pre-existing technologies; clinical workflow alignment,Political climate; policy trends; single-payer health system context,Organizational operationalization; clinic philosophy alignment; cost-outcome evaluation for management stakeholders
I306,R0232,Healthcare providers' readiness for electronic health record adoption: a cross-sectional study during pre-implementation phase.,2022,BMC health services research,10.1186/s12913-022-07688-x,PubMed,fulltext,Survey/cross-sectional,Y,Y,,Y,3,"U, T, O",Age; computer literacy; computer access at health facilities; attitude towards EHRs; awareness about EHRs; perceived benefit; perceived technology self-efficacy,"Overall EHR readiness was 52.8%, considered inadequate, with younger age, higher computer literacy, facility computer access, positive attitude, EHR awareness, perceived benefit, and self-efficacy as significant predictors of readiness.",Age; computer literacy; attitude towards EHRs; awareness about EHRs; perceived technology self-efficacy; knowledge; personal innovativeness,Computer access at health facilities; technology integration with existing healthcare services,,Management support; organizational factors assessed in questionnaire
I307,R0077,"Deploying digital health tools within large, complex health systems: key considerations for adoption and implementation.",2022,NPJ digital medicine,10.1038/s41746-022-00557-1,PubMed,fulltext,Framework/policy analysis,Y,Y,Y,Y,4,"U, T, I, O",Product selection approach; Financial ROI and value demonstration; Clinical outcome metrics alignment; Data assets and interoperability; Internal champions and executive sponsorship; Institutional priority alignment; Implementation resource planning; Long-term operational governance,"Health systems should systematically evaluate digital health tools across nine dimensions—product selection, financial value, clinical value, data assets, internal champions, executive sponsorship, institutional alignment, implementation requirements, and operational ownership—before adoption to anticipate benefits and challenges.",Internal champions with leverage; executive-level advocates; staff training on workflows; clinician buy-in from department chairs,Interoperability with existing IT infrastructure; data governance and DUAs; machine learning training on local data; IT infrastructure capacity for tool support,Alignment with institutional goals; regulatory compliance needs; state-level policy requirements; funding mechanisms and long-term resource allocation,Product selection decision process (build vs. buy vs. configure); implementation resource planning; change management and communications; assignment of operational ownership; ongoing technical support and QA oversight
I308,R1337,Implementation of a Regional Standardised Model for Perinatal Electronic Medical Records.,2022,Journal of medical systems,10.1007/s10916-022-01888-y,PubMed,abstract,Case study,Y,Y,Y,Y,4,"U, T, I, O",Multidisciplinary agreement; technical issue resolution; phased implementation strategy; staff workflow integration; standardization across network,A two-stage implementation approach with technical fixes and multidisciplinary redesign significantly improved form completion rates and standardized perinatal electronic medical records across six regional hospitals.,Staff training/first contact; workflow fit (form completion barriers),Technical issue fixes; data standardization; mother-newborn data linkage,Regional health care system coordination; standardization mandate,Two-stage phased implementation; multidisciplinary agreement; monitoring indicators; change strategy
I309,R0865,Integrated Electronic Health Record System in a Tertiary Care Centre: A Single Centre Implementation Experience.,2022,JNMA; journal of the Nepal Medical Association,10.31729/jnma.7445,PubMed,fulltext,Case study,Y,Y,Y,Y,4,"U, T, I, O",Staff training and orientation; Technical infrastructure and power supply; Leadership commitment and change management; Customization to local workflow; Technical human resource availability,"EHR implementation in a rural tertiary care centre was achievable through phased integration, local customization, and staff engagement, with improvements in prescription errors (50% to 5%), HMIS reporting time (7 to 3 days), and insurance claims processing (10 to 2 days) by nine months.",Two-hour orientation to all staff; Regular feedback meetings with users; Standard operating procedures formulated; Staff with basic computer skills trained for technical support,NepalEHR open-source platform; Local area network infrastructure; Dedicated server room with security; Inverter for continuous power supply; Mix of laptops and desktops for workflow continuity,Government health insurance scheme financing; National HMIS reporting requirements; Insurance claims processing mandates; Public sector setting,Management coordination with technical team for need assessment; Phased integration starting from registration through OPD; Monthly consultation meetings with NepalEHR technical team; Leadership effort to ensure data quality and sustainability
I310,R1180,"Protocol for a type 2 hybrid effectiveness-implementation study expanding, implementing and evaluating electronic health record-integrated patient-reported symptom monitoring in a multisite cancer centre.",2022,BMJ open,10.1136/bmjopen-2021-059563,PubMed,fulltext,Mixed-methods,Y,Y,Y,Y,4,"U, T, I, O",Clinician acceptance and workflow integration; EHR technical integration and real-time alert systems; Organizational infrastructure and multi-site implementation strategy; Change management and staff training,Type 2 hybrid study evaluating expansion of EHR-integrated patient-reported outcome monitoring across a multi-site cancer centre using mixed methods to assess implementation determinants and patient/system outcomes simultaneously.,Patient compliance with portal-based assessments; clinician acceptance of symptom alerts; staff training requirements; usability of in-clinic iPad assessments for non-portal users,EHR integration within Epic; PROMIS computer-adaptive testing; real-time scoring and alert routing; automated assessment invitations; MyChart portal functionality; standardised data exchange workflows,Healthcare system governance structure; implementation across multi-site clusters; stepped wedge design for phased rollout; institutional review board approval; standards for symptom screening and supportive care referral pathways,Framework for Spread and RE-AIM guidance; multi-level CFIR assessment of implementation determinants; cluster-randomized stepped wedge trial design; project phasing across three geographic regions; stakeholder feedback integration
I311,R0276,Perspectives of Policy Makers and Service Users Concerning the Implementation of eHealth in Sweden: Interview Study.,2022,Journal of medical Internet research,10.2196/28870,PubMed,fulltext,Qualitative study,Y,Y,Y,Y,4,"U, T, I, O",Policy maker complexity and resources; service user capability and data protection; stakeholder alignment; technology design fit; organizational decision-making processes,"Barriers and facilitators for eHealth implementation differ between policy makers and service users, with policy makers emphasizing decision-making complexity and resource constraints while service users prioritize data protection and technology usability, requiring enhanced mutual understanding across stakeholder levels.",Service user capability limitations; technology design matching skill set; staff support; personal feedback; trust in sender; digital literacy concerns,Technical infrastructure provision; internet connectivity; system reliability; data protection; technology-user needs mismatch,National eHealth policy goals; regional policy frameworks; governance and decision-making structures; resource allocation; lack of evaluation tools for prioritization,Leadership commitment to eHealth; change management for clinical staff; implementation complexity across organizational levels; project coordination; resource availability for implementation
I312,R0873,"A Local Perspective into Electronic Health Record Design, Integration, and Implementation of Screening and Referral for Social Determinants of Health.",2022,Perspectives in health information management,,PubMed,abstract,Case study,Y,Y,Y,Y,4,"U, T, I, O",Workflow redesign; EHR customization and integration; interdisciplinary expertise; clinical and administrative staff input; technical infrastructure,"Custom EHR design integrated with community resource management enabled systematic SDOH screening and referral across multiple care settings through coordinated technical, administrative, and clinical collaboration.",Workflow fit for clinical and administrative professionals; staff adoption over three-year operational period,Epic EHR customization; integration with community resource network management SaaS platform; system reliability across multiple settings,Medicare and Medicaid beneficiary population; organizational policy alignment for SDOH screening,"Interdisciplinary team (technical, administrative, clinical experts); workflow redesign; project implementation across multiple care settings; change management through subject matter knowledge integration"
I313,R0682,A comprehensive eHealth implementation guide constructed on a qualitative case study on barriers and facilitators of the digital care platform CMyLife.,2022,BMC health services research,10.1186/s12913-022-08020-3,PubMed,fulltext,Qualitative study,Y,Y,Y,Y,4,"U, T, I, O",Digital skills and training; System interoperability and IT connectivity; Privacy and security concerns; Organizational resources and time; Role transformation for providers and patients,"A comprehensive implementation guide for digital care platforms was developed identifying 45 barriers and 41 facilitators across user readiness, technical, institutional, and organizational domains.",Insufficient digital skills; User acceptance; Motivation through clarifying added value; Education about platform use,Lack of connectivity between IT systems; System reliability; Data security and privacy,Policy and regulatory frameworks; Health insurance financing; Guidelines and standards,Insufficient time and resources; Leadership and change management; Implementation strategy and guide; Role change management
I314,R0795,Implementation of eHealth to Support Assessment and Decision-making for Residents With Dementia in Long-term Care: Systematic Review.,2022,Journal of medical Internet research,10.2196/29837,PubMed,fulltext,Systematic review,Y,Y,Y,Y,4,"U, T, I, O","Inner setting requirements (conducive learning climate, engaged leadership, training, resources); patient/resident needs engagement; end-user involvement; interprofessional collaboration; information-sharing infrastructure","eHealth implementation in dementia care homes is multifactorial and complex, requiring emphasis on resident needs, end-user engagement, conducive organizational climate, and integrated care coordination across settings.",Training and resources; staff acceptance; usability for care workers; engagement of end users,Information-sharing systems; electronic patient records; interoperability between care homes and health services; remote video consultations; clinical decision support tools,Policy frameworks for information sharing; governance structures; integrated care mandates; regulatory requirements for dementia care,Leadership engagement; change management; conducive learning climate; project management; multidisciplinary team coordination
I315,R1021,"""It depends on the people!"" - A qualitative analysis of contextual factors, prior to the implementation of digital health innovations for chronic condition management, in a German integrated care network.",2023,Digital health,10.1177/20552076231222100,PubMed,fulltext,Qualitative study,Y,Y,Y,Y,4,"U, T, I, O",Healthcare professional motivation and openness; Technical infrastructure and software standardization; Organizational governance and workflow integration; Interoperability and data exchange standards,"Contextual alignment across human, technological, and organizational dimensions using the HOT-fit framework is critical for successful implementation of digital health innovations in integrated care networks, with key barriers including limited technical infrastructure and lack of standardized interfaces.",High openness and motivation to use digital solutions; Willingness of cooperation between healthcare professionals; Clinical workflow familiarity,Limited technical infrastructure; Large variability of software for health data recording; Lacking standards and interfaces; Database quality; Ease of use,Integrated care network governance structure (GWMK); Regional policy context; Sectoral fragmentation challenges in German healthcare,Organizational structure and leadership commitment; Multidisciplinary care team coordination; Project implementation strategy; Change management approach
I316,R1318,Facilitators and Barriers to the Sustainability of eHealth Solutions in Low- and Middle-Income Countries: Descriptive Exploratory Study.,2023,JMIR formative research,10.2196/41487,PubMed,fulltext,Qualitative study,Y,Y,Y,Y,4,"U, T, I, O",User digital literacy and acceptance; Adequate funding and budget allocation; Leadership support and organizational readiness; Technical infrastructure and system integration; Policy and regulatory frameworks,"Sustainable eHealth adoption in LMICs requires alignment across human factors (digital literacy, training, motivation), funding (adequate budgets beyond donor dependence), organizational capacity (leadership support, staff retention, change management), technical infrastructure (interoperability, user-friendly systems, data security), and enabling policy frameworks.",Digital literacy; user training and awareness; commitment and motivation; positive attitudes; staff incentivization; age and education level; resistance to change; lack of trust in technology,System user-friendliness; data security and privacy; system integration; infrastructure reliability; maintenance and technical support; interoperability of systems,Policy and regulatory frameworks; government support; legal and ethical compliance; eHealth strategy development; external funding dependence; financing strategies at regional and national levels,Leadership engagement and organizational readiness; human resource availability; capacity-building and mentorship; staff turnover; change management; organizational structure; partner involvement; workflow integration
I317,R1325,Organizational and health professional readiness for the implementation of electronic medical record system: an implication for the current EMR implementation in northwest Ethiopia.,2023,BMJ health & care informatics,10.1136/bmjhci-2022-100723,PubMed,fulltext,Survey/cross-sectional,Y,Y,,Y,3,"U, T, O",Sex; basic computer training; knowledge of EMR; attitudes towards EMR; management capacity; finance and budget capacity; operational capacity; technology capability; organisational alignment,"Only 42.1% of health professionals and most organisational readiness dimensions (below 50%) showed low EMR implementation readiness, with sex, computer training, EMR knowledge, and attitudes significantly associated with professional readiness.",Basic computer training; EMR knowledge; attitudes towards EMR; sex differences in readiness; digital literacy,Technology capability; technical infrastructure; system reliability,,Management capacity; finance and budget capacity; operational capacity; organisational alignment; leadership support; change management readiness
I318,R1069,End-users' perspectives on factors affecting implementation and utilization of the Iranian electronic health record system: a qualitative study in a developing country.,2023,BMC health services research,10.1186/s12913-023-10033-5,PubMed,fulltext,Qualitative study,Y,Y,Y,Y,4,"U, T, I, O","Technical readiness; Human readiness (training, expertise, staff adequacy); Cultural readiness (user and patient acceptance); Managerial readiness (leadership awareness, policy adoption); Financial readiness","Implementation and utilization of the Iranian EHR system (SEPAS) are influenced by multidimensional factors across technical, human, cultural, managerial, and organizational domains, with technical and human readiness emphasized most strongly by end-users.",Staff training needs; User expertise evaluation; Digital literacy; User and patient cultural acceptance; Staff motivation,Technical infrastructure readiness; Communication network capacity; System interoperability with other health information systems; Data security; System support and maintenance,Ministry of Health policies; National standards; Regulatory decisions; Policy adoption by management,Managerial readiness; Leadership awareness; Organizational acceptance; Financial resource allocation; Change management at organizational level
I319,R1032,Co-design of a theory-based implementation plan for a holistic eHealth assessment and decision support framework for people with dementia in care homes.,2023,Digital health,10.1177/20552076231211118,PubMed,fulltext,Qualitative study,Y,Y,Y,Y,4,"U, T, I, O",Staff training and support; Compatibility with care home workflows; Champion involvement; Stakeholder engagement and coherence; Monitoring and feedback mechanisms,"Co-designed, theory-driven implementation plan using NPT identified three implementation phases—incentivising adoption through benefit promotion, enabling operation through training and champions, and sustaining use through monitoring—as critical to eHealth adoption in dementia care homes.",Staff training requirements; Champion-led support; Stakeholder engagement; Feedback mechanisms for motivation,Customizable features; Inbuilt reminders; Compatibility with existing technology systems,Alignment with dementia care recommendations; Integration of health and social care; Governance through stakeholder involvement,Multi-strategy implementation plan; Change management via NPT constructs; Project phasing; Leadership and facilitation
I320,R0156,Adoption and use of various health information exchange methods for sending inside health information in US hospitals.,2023,International journal of medical informatics,10.1016/j.ijmedinf.2023.105156,PubMed,abstract,Survey/cross-sectional,,Y,Y,Y,3,"T, I, O",Technical capability for electronic sending; Market concentration; Adoption-use gap; HIE method type (many-to-many vs one-to-one); Intermediary involvement,"Hospitals frequently adopt multiple HIE methods but face barriers to actual use, with technical capability and market factors significantly affecting whether adopted methods are utilized for information sharing.",,Technical capability for electronic sending; EHR vendor-based network; National network; Interface connection; Provider portal access,Market concentration; Health information service provider (HISP) intermediaries; Policy implications for interoperability,Adoption-use gap; Hospital-level barriers; Implementation of multiple HIE methods; Information-sharing participation
I321,R0148,Design propositions for nudging in healthcare: Adoption of national electronic health record systems.,2023,Digital health,10.1177/20552076231181208,PubMed,fulltext,Case study,Y,Y,Y,Y,4,"U, T, I, O","Choice architecture (defaults); Technical configuration (choice granularity, access transparency); Data protection regulations; Information campaigns; Financial incentives","EHR adoption at national level is influenced by choice architecture design (opt-in vs opt-out defaults) combined with technical elements and institutional measures including regulations, campaigns, and incentives.",Patient consent presentation; information provision for informed choice; motivation and voluntary participation decisions,Choice granularity; access transparency; technical configuration; system interoperability and integration,Data protection regulations; information campaigns; financial incentives; privacy and information security governance,Choice architecture design; default policies; stakeholder engagement; policy maker role as choice architects
I322,R1314,Adoption of Electronic Medical Records for Chronic Disease Care in Kenyan Refugee Camps: Quantitative and Qualitative Prospective Evaluation.,2023,JMIR mHealth and uHealth,10.2196/43878,PubMed,fulltext,Mixed-methods,Y,Y,Y,Y,4,"U, T, I, O",App customization to local workflows; provider training and technical support; data field design for NCD-specific reporting; integration with existing platforms (CommCare); comparison of specialized vs. general EMR systems,"A specialized NCD app achieved significantly higher reporting completeness than a general EMR in refugee camp settings, with provider satisfaction driven by standardization and workflow fit, demonstrating that context-specific adaptation is critical for technology uptake in low-resource humanitarian settings.",Provider satisfaction with standardization; easier consultations; access to historic patient information; training on app use; clinician input for customization,"CommCare platform integration; data field completeness (age, sex, medicines, blood sugar >98% vs. comorbidities ≤7%); EMR vs. NCD app reporting quality; system reliability during 11-month implementation",IRC health program coordination; Ministry of Health Kenya reporting requirements; Integrated Refugee Health Information System; free care provision policy; humanitarian context governance,MIT Sana and Dimagi partnership; 2-week pilot period before formal rollout; technical support provision; leadership decision to compare specialized vs. general systems; workflow customization based on clinician input
I323,R1236,Analysis of factors inhibiting the customer engagement of eHealth in India: Modeling the barriers using ISM-Fuzzy MICMAC analysis.,2023,International journal of medical informatics,10.1016/j.ijmedinf.2023.105199,PubMed,abstract,Framework/policy analysis,Y,,Y,Y,3,"U, I, O",Product portfolio inadequacy; Lack of customer support; Low first call resolution; Customer engagement barriers; Organizational readiness,"Hierarchical modeling of eHealth adoption barriers in India reveals that product portfolio gaps, customer support deficiencies, and service resolution issues are primary obstacles to customer engagement and system adoption.",Customer engagement; customer support; user acceptance barriers,,Healthcare industry implementation strategy; market-level adoption challenges,Product portfolio development; customer support infrastructure; implementation readiness
I324,R1340,Identifying and Addressing Barriers to Implementing Core Electronic Health Record Use Metrics for Ambulatory Care: Virtual Consensus Conference Proceedings.,2023,Applied clinical informatics,10.1055/a-2187-3243,PubMed,fulltext,Framework/policy analysis,Y,Y,Y,Y,4,"U, T, I, O",Stakeholder consensus on standardized metric definitions; Integration of scheduling platforms with EHR; Clinician perspectives on EHR burden; Vendor alignment on audit log standards; Contextual data incorporation into EHR use measurement,"Multi-stakeholder consensus identified standardized definitions, vendor alignment, clinician engagement, and contextualized measurement as critical to overcoming organizational barriers to implementing core EHR use metrics in ambulatory care.",Clinician burden perception; Physician variability in practice patterns; Individual preferences for documentation timing; Learning curves for new users,Vendor standardization of active time definitions; Scheduling platform integration; Audit log standards; Central repository of validated metrics; Data validation and verification,Multi-stakeholder agreement on measure definitions; Vendor-researcher consensus building; Policy frameworks for metric standardization; Cross-organizational measure comparability,Health system informatics leadership engagement; Change management through workgroup process; Project coordination across three stakeholder groups; Implementation strategy for metric adoption in routine operations
I325,R1181,Successes and Barriers of Health Information Exchange Participation Across Hospitals in South Carolina From 2014 to 2020: Longitudinal Observational Study.,2023,JMIR medical informatics,10.2196/40959,PubMed,fulltext,Cohort/observational,Y,Y,Y,Y,4,"U, T, I, O",Hospital teaching status; System affiliation; Rural referral hospital designation; Critical access hospital status; Medicare/Medicaid patient volume ratios,"HIE participation in South Carolina hospitals increased from 43% in 2014 to 82% in 2020, but significant technical and operational barriers to actual data exchange persisted, including provider contact identification, patient matching across systems, and vendor platform incompatibility.",Provider training and engagement; providers not exchanging data; workflow disruption concerns,Vendor platform compatibility; patient matching/identification between systems; technical interface development; data exchange standards and interoperability,Meaningful Use Stage 3 incentives; state-level HIE funding and early adoption policy; Medicare condition of participation rules; privacy regulation concerns,Teaching hospital status; system affiliation and organizational structure; hospital bed size; leadership engagement with HIE participation decisions
I326,R1111,Pediatric primary care provider and staff perspectives on the implementation of electronic health record-based social needs interventions: A mixed-methods study.,2023,Journal of clinical and translational science,10.1017/cts.2023.585,PubMed,fulltext,Mixed-methods,Y,Y,Y,Y,4,"U, T, I, O",Workflow integration and duplicative processes; Staff and provider acceptability and feasibility perceptions; EHR module design features and usability; Organizational readiness and implementation climate; Staffing resources and training,"Pediatric providers and staff perceived social needs interventions as acceptable and appropriate but faced feasibility challenges related to workflow disruption, duplicative documentation, and staffing limitations, with implementation success requiring tailored EHR design and integrated screening processes.",Provider and staff self-efficacy; Acceptability and feasibility perceptions; Concerns about parent disclosure on sensitive topics; Preference for face-to-face over self-administered screening,EHR module design features; Data storage and access in pediatric systems; Capability to incorporate resource lists and referrals; Patient portal privacy and adolescent safety concerns,Professional organization recommendations; Institutional policies on social needs screening; Integration with existing mandated screening (Bright Futures); Governance and implementation climate for change,Workflow integration and time allocation; Staffing limitations and resource constraints; Leadership recognition of social determinants importance; Change management and stakeholder engagement; Training and education needs
I327,R1216,"Barriers, Priorities and Lessons Learned in Achieving Electronic Health Records Interoperability in Low- and Middle-Income Countries: Workshop Findings.",2023,Studies in health technology and informatics,10.3233/SHTI230154,PubMed,abstract,Qualitative study,,Y,Y,Y,3,"T, I, O",Data modelling standards; Interoperability standards; EHR implementation barriers; Institutional priorities; Implementation lessons learned,Data modelling and interoperability standards are critical priorities for EHR implementation and maternal/child health data services in LMICs.,,Data modelling; Interoperability standards; Technical barriers to interoperability,Policy priorities for new implementations; Institutional lessons learned from existing systems,Implementation management; Project priorities; Implementation strategy lessons
I328,R1059,Barriers to Health Information Exchange Among Ambulatory Physicians: Results From a Nationally Representative Sample.,2023,Journal for healthcare quality : official publication of the National Association for Healthcare Quality,10.1097/JHQ.0000000000000404,PubMed,abstract,Survey/cross-sectional,Y,Y,Y,Y,4,"U, T, I, O",Negative attitudes toward HIE's clinical benefit; Provider perception of HIE utility; Organizational barriers to HIE adoption; Technical/workflow integration challenges,"Negative physician attitudes toward HIE's ability to improve clinical quality significantly decreased HIE use, indicating that perception and acceptance are critical determinants of HIE adoption.",Provider attitudes toward HIE clinical benefit; Physician acceptance and perceptions of utility,Health information exchange technical functionality; System interoperability and integration,Healthcare quality improvement policy context; National survey data on HIE adoption patterns,Implementation strategies to address provider barriers; Organizational change management for HIE adoption
I329,R0539,Pre-pandemic assessment: a decade of progress in electronic health record adoption among U.S. hospitals.,2023,Health affairs scholar,10.1093/haschl/qxad056,PubMed,fulltext,Survey/cross-sectional,Y,Y,Y,Y,4,"U, T, I, O",Hospital size and ownership type; vendor selection and market concentration; maintenance costs and financial resources; regulatory compliance requirements; system affiliation and teaching status,"EHR adoption in US hospitals surged from 6.6% (basic) and 3.6% (comprehensive) in 2009 to 81.2% and 63.2% by 2019, but persistent disparities across hospital types remain unchanged since 2014, with 53% citing maintenance costs as a major implementation challenge.",Physician cooperation challenges (36%); workforce digital readiness; vendor usability differences,Market concentration by 6 vendors (90% share); Epic vs. Cerner adoption compliance rates (98% vs. 79% basic); interoperability and integration capabilities,Meaningful Use/Promoting Interoperability Program requirements; regulatory compliance pace (50% struggle); policy-driven adoption post-ARRA 2009,Hospital size disparities (95% large vs. 73% small hospitals basic adoption); system affiliation advantages (84% vs. 76%); planned functionality enhancements (65%); financial resources and upfront capital constraints (34%)
I330,R0742,Adoption of electronic health record systems to enhance the quality of healthcare in low-income countries: a systematic review.,2023,BMJ health & care informatics,10.1136/bmjhci-2022-100704,PubMed,fulltext,Systematic review,Y,Y,Y,Y,4,"U, T, I, O",Healthcare provider readiness and perception; Infrastructure and technical support; Management commitment and organizational support; Training and user experience; Policy and regulatory frameworks,"EHR adoption in low-income countries is at early implementation stages, facilitated or hindered by interplay of people-related barriers, environmental factors, infrastructure limitations, and system-integration challenges.",Healthcare provider perception; goodwill to use EMR; inadequate training; healthcare professionals' readiness; physician acceptance,Poor infrastructure; lack of technical support; interoperability standards; immaturity of health information exchange infrastructure; system reliability,Absence of regulations and implementation framework; policy factors; lack of management commitment; funding and support from international donors,Poor collaboration among stakeholders; lack of management commitment; project implementation strategy; reliance on NGO-provided software; organizational change management
I331,R0760,Adoption of Electronic Health Record Among Substance Use Disorder Treatment Programs: Nationwide Cross-Sectional Survey Study.,2023,Journal of medical Internet research,10.2196/45238,PubMed,fulltext,Survey/cross-sectional,Y,Y,Y,Y,4,"U, T, I, O",Computerized scheduling and billing system use; ownership type (nonprofit/public); PCMH participation interest; start-up and ongoing financial costs; privacy/security concerns,"EHR adoption in SUD programs increased from 57.6% in 2014 to 69.2% in 2017, with adoption significantly associated with prior technology use, organizational ownership structure, and financial/security barriers.",Staff training and implementation strategy; clinician acceptance barriers,Computerized scheduling systems; electronic billing systems; data interoperability; privacy/security concerns,PCMH participation; ACO agreements; policy constraints (42 CFR Part 2); incentive structures,"Ownership type (private nonprofit, public); hospital/mental health center affiliation; program size; leadership organizational factors; start-up and ongoing costs; implementation barriers"
I332,R0146,Call to digital health leaders: test and leverage this guideline to support health information technology implementation in practice.,2023,BMJ health & care informatics,10.1136/bmjhci-2023-100829,PubMed,fulltext,Framework/policy analysis,Y,Y,Y,Y,4,"U, T, I, O","Leadership and vision; Stakeholder relationships and engagement; Organizational culture and learning climate; HIT system attributes (adaptability, usability, cost); Iterative evaluation and feedback mechanisms","A comprehensive framework (BIFHIT) with five key actions—relationships, vision, HIT system attributes, evaluation, and learning culture—supports health service leaders in navigating HIT implementation success at organizational and system level.",Self-efficacy; stakeholder involvement; user perspective; psychological safety; team cohesion; disruption to professional workflow; meaning consistency across stakeholders,HIT system adaptability; human-centred design; usability and ease of learning; complexity perception; technical attributes; integration with local context,Policy and funding commitment; external partnerships; strategic vendor relationships; legitimacy of innovation; funding constraints; regulatory alignment,Leadership and executive commitment; organizational culture; vision communication; change management; project management and Agile methodologies; staff retention planning; learning climate; feedback loops
I333,R0274,From Assessment to Action: Exploring the Dynamics Between Maturity Assessments and Strategy Implementation in Digital Health.,2023,Studies in health technology and informatics,10.3233/SHTI230477,PubMed,abstract,Framework/policy analysis,,Y,Y,Y,3,"T, I, O",Maturity assessment alignment with strategy; health information systems focus; policy-strategy mapping; equity and inclusion gaps; digital health governance,"Existing maturity assessment models lack clear linkage to national digital health strategy implementation and underrepresent equity, inclusion, and emerging digital frontiers.",,Health information systems; system interoperability measurement,Policy alignment; WHO Global Strategy on Digital Health; national strategy implementation; equity and inclusion in policy,Strategy implementation; maturity assessment governance; organizational readiness frameworks
I334,R1570,Electronic Medical Record System Use and Determinants in Ethiopia: Systematic Review and Meta-Analysis.,2023,Interactive journal of medical research,10.2196/40721,PubMed,fulltext,Systematic review,Y,,Y,Y,3,"U, I, O",Age <30 years; EMR manual availability; EMR-related training; managerial support,"Pooled EMR utilization in Ethiopia is 51.85%, with younger age, access to manuals, training, and managerial support as significant determinants of use among health workers.",Age <30 years (AOR=2.24); EMR training (AOR=3.41); acceptance/readiness,,National EMR system (SmartCare); Ministry of Health initiatives; policy-driven implementation,Managerial support (AOR=1.70); change management; pre-implementation measures; organizational readiness
I335,R0079,Basic electronic health record (EHR) adoption in (**)Türkiye is nearly complete but challenges persist.,2023,BMC health services research,10.1186/s12913-023-09859-w,PubMed,fulltext,Survey/cross-sectional,,Y,Y,Y,3,"T, I, O",Hospital type and size; regulatory framework and policy (bottom-up vs top-down adoption); national EHR mandates; measurement and benchmarking systems,"All Turkish public hospitals achieved at least basic EHR adoption (100%) by 2021, with 66.3% at extensive level, representing 50% progress since 2017 and exceeding adoption rates in China and Korea but slightly below the US.",,HIMSS EMRAM stages; clinical documentation systems; CPOE; CDSS; laboratory and imaging results integration; closed-loop medication administration,National policy mandates; Ministry of Health regulations; bottom-up adoption approach; national benchmarking frameworks; measurement at regular intervals as management tool for policymakers,"Hospital type (specialty, general, teaching-research); hospital size; national survey implementation; gap analysis reporting; staged adoption progression"
I336,R0701,Enhancement and Implementation of a Health Information Technology Module to Improve the Discrete Capture of Cancer Staging in a Diverse Regional Health System.,2023,JCO oncology practice,10.1200/OP.23.00104,PubMed,abstract,Case study,Y,Y,,Y,3,"U, T, O",Workflow efficiency; Technical design gaps; User accountability; System usability; Clinical team engagement,"Iterative QI methodology with design thinking and multidisciplinary pilots improved discrete cancer staging capture from 31% to 58% across a regional health system by addressing workflow, technical, and accountability barriers.",Poor workflow efficiency; limited accountability; clinician adoption across 400+ users; disease-specific pilot testing,Discrete data element design; HIT module enhancements (25+ design changes); passive user alerts; technical design gaps,,Six Sigma QI methodologies; multidisciplinary teams; phased testing pilots; GI and genitourinary disease-specific teams; scalable implementation strategy
I337,R1497,An Assessment of Success Factors and Challenges in Implementation of Electronic Medical Record System in Referral Hospital in Northern Tanzania.,2023,The East African health research journal,10.24248/eahrj.v7i2.741,PubMed,fulltext,Mixed-methods,Y,Y,Y,Y,4,"U, T, I, O",Staff involvement and champions; System ease of use and learning; Leadership support; Adequate training and funding; IT infrastructure and equipment,"Staff involvement, use of champions, and system usability were critical success factors, while inadequate training, funding constraints, and IT equipment shortages were major implementation challenges in a regional referral hospital in Tanzania.",Training adequacy (mean 4.18); system ease of use (4.96); system usefulness (5.05); acceptance for daily use (4.79); staff involvement in processes,IT equipment adequacy (4.29); internet connectivity (4.34); system reliability; lack of IT experts; interoperability concerns,Absence of policy framework at national level; funding availability (4.36); governance and leadership support (4.56–4.57),Change management through champions; leadership engagement; phased implementation approach; peer staff support (4.77); department leader support (4.57)
I338,R1496,Acceptance of electronic medical records and associated factor among physicians working in University of Gondar comprehensive specialized hospital: A cross-sectional study.,2023,Digital health,10.1177/20552076231213445,PubMed,fulltext,Survey/cross-sectional,Y,Y,,,2,"U, T",Computer skills; Knowledge of EMR; Attitude toward EMR; Age; Work experience,"Physicians' acceptance of EMR was good (72.2%), with computer skills, knowledge, and favorable attitude being the strongest predictors of acceptance.","Computer skills (AOR=8.42), good knowledge (AOR=5.21), favorable attitude (AOR=15.24), digital literacy","System reliability, system complexity",,
I339,R0651,An electronic health record system implementation in a resource limited country-lessons learned.,2023,Digital health,10.1177/20552076231203660,PubMed,fulltext,Case study,Y,Y,Y,Y,4,"U, T, I, O",Clinical informatics team leadership and champions; Stakeholder buy-in and engagement; Effective end-user training design; Governance structure and clinical committees; Post-Go-Live support infrastructure,"Successful EHR implementation in a resource-limited setting requires multidisciplinary governance, early stakeholder engagement, peer-led training, experienced leadership, and robust post-implementation support.",Physician and nurse champions; peer-to-on-training approach; psychological ownership; managing anxiety through communication; on-demand video training; retraining support,"Web-based EHR system; integration across inpatient, ambulatory, emergency; internet and wireless infrastructure; order sets and documentation templates; hardware deployment","Clinical governance committees (CLSC, ESC, Steering Committee); policy on training timing and scheduling; decision-making structure; institutional investment in home-grown talent",CMIO leadership role; core informatics team building; 60-day training schedule; frontline support staff (25 nurses); daily huddles post-Go-Live; 24-h support with smartphone; WhatsApp communication channel
I340,R0841,"Pilot Implementation of a Community-based, eHealth-enabled Service Delivery Model for Newborn Hearing Screening and Intervention in the Philippines.",2023,Acta medica Philippina,10.47895/amp.v57i9.5332,PubMed,fulltext,Case study,Y,Y,Y,Y,4,"U, T, I, O",Champions and early technology adopters; Capacity-building training programs; Health information systems deployment; Institutional policy and legislation (UNHSI Act); Internet connectivity and system reliability,"The eHealth-enabled community-based newborn hearing screening model is feasible and promising, addressing access barriers through decentralized screening at RHUs supported by web-based referral systems, though implementation barriers include perceived inconvenience in using information systems, cost concerns, equipment costs, and unstable internet connectivity.",User acceptance facilitated by champions and early adopters; training and certification of healthcare providers; usability concerns regarding information system inconvenience,Web-based NHS Referral and Appointment System; CHITS-EMR integration; National Telehealth System hosting; unstable internet connectivity challenges; OAE device reliability,Republic Act 9709 (UNHSI Act 2009) mandate; NHSRC certification requirements; Memorandum of Agreement with partner sites; policy framework for universal hearing health,Leadership from University of the Philippines and UC; project management of pilot rollout; capacity-building blended-learning program; onsite coaching; community engagement and awareness events; stakeholder coordination across RHUs and tertiary facilities
I341,R1527,Allied health professionals' experiences and lessons learned in response to a big bang electronic medical record implementation: A prospective observational study.,2023,International journal of medical informatics,10.1016/j.ijmedinf.2023.105094,PubMed,abstract,Prospective observational study,Y,Y,Y,Y,4,"U, T, I, O","User acceptance and expectations; Technology proficiency and usability; Training delivery method (live demos, hands-on practice); Superuser support; Leadership engagement","Big bang EMR implementation with strong allied health leadership achieved high user acceptance (88% post-implementation) and positive experience, though workflow efficiency gains were modest and full system potential underutilized by half of users.","User acceptance (UTAUT); perceived usability (SUS); technology proficiency; training effectiveness (live demos, hands-on practice, superuser support); confidence levels",System usability; technical support needs; EMR workflow learning curve,Simultaneous institution-wide big bang implementation; allied health leadership engagement,Change management through training delivery methods; superuser support during go-live; project implementation strategy
I342,R0091,Implementation of a Naloxone Best Practice Advisory Into an Electronic Health Record.,2023,Journal of addiction medicine,10.1097/ADM.0000000000001102,PubMed,abstract,Case study,Y,Y,Y,Y,4,"U, T, I, O",Electronic decision support alerts; Clinical workflow integration; State policy/safety initiative alignment; Implementation feasibility,"Electronic naloxone coprescription alerts integrated into EHR achieved a 2144% increase in prescriptions and 402.8% increase in statewide dispensing, demonstrating the effectiveness of decision support in changing prescribing behavior at scale.",Clinician acceptance of alert prompts; Workflow integration for prescribers,EHR alert design and activation logic; Pharmacy data integration; Statewide data exchange,State opioid safety initiative alignment; Policy-driven alert criteria,Alert implementation strategy; Multimonth evaluation period; Change management across health system
I343,R1470,Addressing complexity when developing an education program for the implementation of a stroke Electronic Medical Record (EMR) enhancement.,2023,BMC health services research,10.1186/s12913-023-10314-z,PubMed,fulltext,Case study,Y,Y,Y,Y,4,"U, T, I, O",Blended learning strategies; Contextual assessment and variability; Staff baseline computer skills and digital literacy; Clinical champions and stakeholder engagement; Organizational readiness and workflow integration,The NASSS framework combined with multi-phased action research and blended learning approaches can systematically address implementation complexity and context variability when deploying EMR enhancements in hospital settings.,Baseline computer skills assessment; blended training modalities; clinical champions; social learning; digital literacy; staff acceptance and uptake,EMR functionality; data extraction tools; system reliability; standardized documentation templates; information visibility and visualization,Policy frameworks; statewide stroke network governance; quality registry requirements; healthcare regulation; organizational mandates for data collection,Leadership engagement; change management; project phasing and iterative adaptation; clinical educator and nurse consultant roles; Learning Management Systems; local contextual tailoring
I344,R0871,Health Care Professionals' Experiences and Views of eHealth in Pediatric Care: Qualitative Interview Study Applying a Theoretical Framework for Implementation.,2023,JMIR pediatrics and parenting,10.2196/47663,PubMed,fulltext,Qualitative study,Y,Y,Y,Y,4,"U, T, I, O",Health care professional digital literacy and technical skills; system usability and user-friendliness; integration with existing electronic health records; organizational readiness and change management; regulatory and data security requirements,"Implementation of eHealth in pediatric care requires balancing technical accessibility with organizational alignment, regulatory compliance, and shared institutional vision across multiple hierarchical levels.",HCP eHealth literacy; work adaptation challenges; app overload concerns; need for hands-on training and supplier support,System accessibility and flexibility; data integration with electronic records; encrypted secure devices; technical interoperability challenges; regional digital health system implementation,Regulatory documentation requirements; public procurement processes; data safety and legal compliance; national eHealth policies; lack of shared organizational vision for eHealth,Organizational complexity in large hospital settings; leadership communication across hierarchical levels; project management during research-to-implementation transition; updating care concepts; activity measurement needs
I345,R1547,"A Community-Based, Mobile Electronic Medical Record System App for High-Quality, Integrated Antiretroviral Therapy in Lilongwe, Malawi: Design Process and Pilot Implementation.",2023,JMIR formative research,10.2196/48671,PubMed,fulltext,Case study,Y,Y,Y,Y,4,"U, T, I, O",Human-centered design process; provider digital literacy and EMRS familiarity; clinical workflow integration; interoperability with existing EMRS; institutional buy-in from Ministry of Health,"A participatory, human-centered design process leveraging open-source technology (CHT) with iterative provider feedback successfully created a context-specific mobile EMRS app (CARES) that extends point-of-care benefits to community-based ART settings while reducing documentation burden.",High provider digital literacy; existing EMRS familiarity; 7-minute clinical review time; participatory feedback sessions with nurses and data managers,"Offline-first mobile app; CHT open-source framework; interoperability standards (OpenHIE, OpenMRS, HL7); longitudinal records; decision support; analytics modules",Ministry of Health integration; alignment with national ART guidelines; WHO best practices for digital health; institutional partnership (Lighthouse Trust); policy-aligned DSD approach,"12-month iterative design process; multidisciplinary team (Medic, I-TECH, LT); change management through HCD; pilot implementation across 2 flagship clinics; scaling strategy across satellite sites"
I346,R0507,An iterative approach to developing a multifaceted implementation strategy for a complex eHealth intervention within clinical practice.,2023,BMC health services research,10.1186/s12913-023-10439-1,PubMed,fulltext,Case study,Y,Y,Y,Y,4,"U, T, I, O",Stakeholder engagement and collaboration; organizational context fit; healthcare provider knowledge and training needs; technical platform usability; governance and management support,"An iterative six-phase approach combining implementation science frameworks (Implementation model, CFIR, RE-AIM) with stakeholder input successfully identified and addressed context-specific barriers to sustainable adoption of a complex eHealth intervention in cardiac care.",Healthcare provider information needs; perceived barriers and clarity gaps; stakeholder expectations and working conditions,eHealth platform features (Personal Health Portal); system integration with routine care; technical reliability and adaptability,Organizational management financial agreement; governance structures; policy alignment with sustainable implementation,Stakeholder collaboration across three organizations; project team composition (researchers and health care providers); change management through iterative refinement; brainstorming and group discussion sessions
I347,R0897,Development and implementation of an interoperability tool across state public health agency's disease surveillance and immunization information systems.,2023,JAMIA open,10.1093/jamiaopen/ooad055,PubMed,fulltext,Case study,Y,Y,Y,Y,4,"U, T, I, O",Standards-based interoperability (HL7/SOAP); stakeholder requirements elicitation; vendor collaboration; vaccine code mapping; user training and change management,"Implementation of an HL7/SOAP-based interoperability tool between disease surveillance and immunization systems reduced vaccination data access time from 134 seconds (50 clicks) to 8 seconds (4 clicks), cutting staff effort from 5 hours/week to 17 minutes/week.",User training sessions (n=5 informational meetings); stakeholder requirements gathering (n=39 requirements); epidemiologist feedback; system usability and workflow integration,HL7 query/response standards; SOAP/synchronous web services; vaccine code mapping (294 MIIC codes to 48 MEDSS codes); 30 data elements mapped; real-time synchronous queries; demographic matching criteria,CDC-recommended national standards adoption; public health agency governance; data exchange policy needs; COVID-19 pandemic response requirements; state public health mandate for disease surveillance,Informatics staff collaboration (n=3); vendor partnership; 44 vendor and stakeholder discussions over 2 years; dedicated project management; leadership alignment; change management through communication meetings
I348,R0505,,2023,,,PubMed,abstract,Other,,Y,Y,Y,3,"T, I, O",Interoperability barriers; Policy levers for modernization; EHR utilization in LTPAC; Health information exchange adoption,LTPAC settings have adopted EHRs but face slow modernization and limited interoperable health information exchange without focused policy interventions.,,Interoperable exchange of health information; EHR utilization,Policy levers; Emerging policies for interoperability support,EHR adoption to support clinical and business needs; Modernization challenges
I349,R0250,Problem-oriented documentation: design and widespread adoption of a novel toolkit in a commercial electronic health record.,2023,JAMIA open,10.1093/jamiaopen/ooad005,PubMed,fulltext,Case study,Y,Y,,Y,3,"U, T, O",Usability and interface design; Clinician workflow integration; Training and education support; Data integration and accessibility; Note auto-generation,"A custom problem-oriented documentation toolkit designed with visual simplicity, data integration, and predictable interface, combined with effective training by go-live and optimization teams, achieved widespread adoption across a health system (>92,000 visits monthly by April 2022).","Visual simplicity, predictable interface, minimal training required, reduced cognitive work, clinician-centered design, at-the-elbow support, workflow fit","Data integration with EHR native structure, macro-driven note auto-generation, problem-specific data display, refreshable interfaces, three-column clinical information view, compatibility with existing EHR infrastructure",,"Iterative design process, go-live team curriculum integration, EHR optimization team promotion, physician-led implementation, soft-launch testing with iterative feedback, non-mandated adoption approach, leadership support"
I350,R1623,The Country's Implementation and Adoption of Standardized Health Terminologies to Promote Interoperability: A Systematic Literature Review,2023,2023 International Conference on Information Management and Technology (ICIMTech),10.1109/ICIMTech59029.2023.10278050,IEEE,abstract,Systematic review,,Y,Y,Y,3,"T, I, O",Health terminology standards adoption; governance and maintenance of standards; data models; local context adaptation; national interoperability frameworks,"Standardized health terminologies are critical for achieving national interoperability in heterogeneous healthcare systems, but success requires appropriate governance, data models, and adaptation to local contexts.",,Medical terminology standards; data models; interoperability across distributed systems; health information system integration,National interoperability policies; governance frameworks; local context adaptation requirements,Standards maintenance; organizational implementation of terminology adoption; stakeholder decision-making support
I351,R0956,Assessing primary health care readiness for large-scale electronic health record system implementation: Project team perspective.,2023,Health informatics journal,10.1177/14604582231152790,PubMed,abstract,Mixed-methods,Y,Y,Y,Y,4,"U, T, I, O",End-user readiness; Technical infrastructure preparedness; Management structure and administrative support; Financial resources; Organizational process readiness,"Primary health care centres demonstrated high overall readiness for EHR implementation, with strongest readiness in management/process/administrative domains but lower readiness in end-user and technology dimensions, requiring early attention to technical infrastructure.",End-user readiness; knowledge; values and goals alignment,Technology readiness; infrastructure preparedness; technical level readiness,Administrative support; financial resources; centralization of management system,Management structure; organizational process; project team perspective
I352,R0649,Using Principles of Agile Leadership in a Frontier Hospital Electronic Health Record System Implementation.,2023,Frontiers of health services management,10.1097/HAP.0000000000000184,PubMed,abstract,Case study,Y,Y,,Y,3,"U, T, O",Agile leadership principles; resource constraints management; organizational values commitment; implementation timeline acceleration,Application of Agile leadership principles enabled successful EHR implementation in a resource-limited frontier hospital on an accelerated schedule.,Staff acceptance through leadership engagement,System implementation in resource-constrained setting,,Agile leadership; change management; project acceleration; values-driven governance
I353,R0979,The Polarization of Clinician and Service Staff Perspectives After the Use of Health Information Technology in Youth Mental Health Services: Implementation and Evaluation Study.,2023,JMIR human factors,10.2196/42993,PubMed,fulltext,Mixed-methods,Y,Y,Y,Y,4,"U, T, I, O",Clinician beliefs and attitudes toward technology; digital readiness; organizational workflow integration; service leadership support; staff polarization post-implementation,"Clinician adoption of HIT is driven more by underlying beliefs about clinical practice and technology role than by knowledge or system usability, resulting in polarized opinions even with identical training and support.",Digital readiness; clinician attitudes toward technology; staff beliefs about care quality; receptiveness to workflow changes; acceptance of collaborative decision-making,Technical support; system reliability; HIT integration with existing clinical processes; dashboard usability; notification functionality,Service mandates and funding; policy alignment with measurement-based care; governance structures; service-level implementation strategy,Leadership support; change management approach; co-design implementation strategies; staff training and education; adaptive service pathway modifications
I354,R0096,Exploring facilitators and barriers of the sustainable acceptance of e-health system solutions in Ethiopia: A systematic review.,2023,PloS one,10.1371/journal.pone.0287991,PubMed,fulltext,Systematic review,Y,Y,Y,Y,4,"U, T, I, O",Effort expectancy; Performance expectancy; Facilitating conditions; Social influence; Computer/digital literacy,"Effort expectancy was the most common facilitator of eHealth system acceptance in Ethiopia, while technology anxiety was the primary barrier to sustainable adoption.",Computer literacy; Educational status; Participant age; Perceived enjoyment; Attitude; Technology anxiety,Facilitating conditions; Internet access; Technical infrastructure; System reliability,Government focus on system deployment; Policy emphasis on healthcare system improvement,Organizational culture; Habit; Training and technical support; Implementation strategy
I355,R0064,Health Information Technology Adoption at U.S. Home Health Care Agencies: Results from a Multi-Methods Study.,2023,Home health care management & practice,10.1177/10848223221141902,PubMed,fulltext,Mixed-methods,Y,Y,Y,Y,4,"U, T, I, O",Geographic location; agency ownership (for-profit/nonprofit/government); agency size; staff training and EHR proficiency; implementation costs and resources,"Despite potential benefits, 10% of U.S. home health agencies lack EHR and only 16% offer telehealth; adoption varies significantly by geographic location, ownership, and agency size.",Staff learning curve with EHR reporting; need for clinical informatics training; end-user acceptance of telehealth; workflow disruption from paper-based processes,EHR system selection and integration; point-of-care documentation devices; secure messaging platforms; data extraction and infection control alerts; interoperability between hospital discharge and HHC records,Medicare reimbursement restrictions on telehealth; COVID-19 PHE waivers temporarily lifting telehealth restrictions; regulatory compliance (OASIS); quality reporting mandates,Implementation costs and financial resources; leadership decision-making on system selection; change management; agency oversight structures (hospital-affiliated vs. independent); project timeline delays
I356,R1397,Understanding Adoption of Electronic Medical Records (EMRs) during a Health Emergency: An Analysis of EMR Usage Logs from Rural Health Facilities in the Philippines.,2024,Acta medica Philippina,10.47895/amp.vi0.8911,PubMed,fulltext,Case study,Y,Y,Y,Y,4,"U, T, I, O",User behavior and feature adoption patterns; Infrastructure and system interoperability; Policy mandates (PhilHealth PCB requirement); Public health emergency disruption (COVID-19),"EMR adoption in rural Philippine health facilities varies widely by user and feature type, with complete technical capability coexisting with limited use of advanced features, and pandemic disruption affecting usage patterns differently across facilities.",Varying user interaction patterns; Basic feature preference over advanced features; User behavior changes during pandemic,Complete EMR adoption capability; System interoperability (PHIE-LITE); Data syncing and backup functionality,PhilHealth PCB mandate (2016); DOH validation and standards; UHC Act implementation; National eHealth Agenda framework,Facility-level EMR implementation; Leadership/physician-level usage patterns; Project management during health emergency
I357,R0032,"eHealth implementation in Europe: a scoping review on legal, ethical, financial, and technological aspects.",2024,Frontiers in digital health,10.3389/fdgth.2024.1332707,PubMed,fulltext,Scoping review,,Y,Y,Y,3,"T, I, O","Legal compliance (MDR/GDPR); Ethical considerations (privacy, consent); Financial sustainability and business models; Technical interoperability and data exchange; Stakeholder engagement","eHealth implementation success requires integrated attention to legal, ethical, financial, and technological dimensions with collaborative stakeholder engagement, moving beyond technical-only frameworks to address infrastructure barriers at multiple levels.",,Interoperability among disparate systems; secure data exchange; system integration with EHR; data reliability and accessibility,MDR and GDPR compliance; stricter legislation; regulatory requirements; legal and ethical requirements; liability and responsibility frameworks,Stakeholder identification and engagement; business models for reimbursement; funding for long-term maintainability; implementation strategies; change management across multiple stakeholders
I358,R1285,"Investigating allied health professionals' attitudes, perceptions and acceptance of an electronic medical record using the Unified Theory of Acceptance and Use of Technology.",2024,Australian health review : a publication of the Australian Hospital Association,10.1071/AH23092,PubMed,abstract,Survey/cross-sectional,Y,Y,,Y,3,"U, T, O",Ease of use; System anxiety/apprehension; Resource adequacy; User interface design; System reliability,"Allied health professionals' acceptance of EMR improves post-implementation as familiarity increases, with ease of use and reduced anxiety as key drivers.",Positive attitudes pre/post; decreased anxiety; adequate knowledge; unfriendly UI barriers,Real-time data accessibility; system outages; ease of use; interface design,,Change management strategies; compulsory technology implementation; organizational adoption context
I359,R1602,Towards the European Electronic Health Record Exchange Format adoption: Case of Laboratory Report in XpanDH,2024,"2024 IEEE International Conference on Engineering, Technology, and Innovation (ICE/ITMC)",10.1109/ICE/ITMC61926.2024.10794267,IEEE,abstract,Case study,,Y,Y,Y,3,"T, I, O",Technical interoperability standards (European EHR Exchange Format); institutional alignment with eHealth Network guidelines; organizational readiness assessment methodology; governance and policy frameworks for data exchange,"Institutions implementing the European EHR Exchange Format require structured assessment of alignment with technical standards and eHealth guidelines, with barriers and challenges emerging during pilot exercises that inform adoption pathways.",,XpanDH format adoption; HL7/FHIR-aligned exchange standards; data exchange scenarios; system interoperability assessment,eHealth Network guidelines; European Health Data Space objectives; EU regulatory frameworks; multi-stakeholder collaboration requirements,Pilot implementation exercises; requirements specification methodology; use case definition; organizational readiness assessment; change management during adoption
I360,R1558,"Attitudes toward implementation of electronic medical record and its associated factors among health professional workers in selected public hospitals in Addis Ababa, Ethiopia, 2023: A multi-center cross-sectional study.",2024,Digital health,10.1177/20552076241277034,PubMed,fulltext,Survey/cross-sectional,Y,Y,Y,Y,4,"U, T, I, O",Budget allocation; Internet connectivity and network access; Training and digital literacy; Workload perception; Organizational support and leadership,"73.6% of health professionals perceived EMR as useful, with budget allocation, stable internet access, and management of workload concerns as significant determinants of implementation acceptance.",Training uptake; computer literacy; attitude toward EMR; perceived usefulness; acceptance of implementation,Internet access and connectivity; network reliability; computer access in workplace; system infrastructure,Budget allocation; organizational policies; delegation of EMR responsibility; institutional support structures,Leadership involvement; ICT center maintenance; health professional engagement in EMR activities; change management through meetings
I361,R1507,The Implementation of an Electronic Medical Record in a German Hospital and the Change in Completeness of Documentation: Longitudinal Document Analysis.,2024,JMIR medical informatics,10.2196/47761,PubMed,fulltext,Cohort/observational,Y,Y,,Y,3,"U, T, O",EMR system design and structure; automated data transfer functionality; documentation workflow and accessibility; staff training and adaptation,"EMR implementation increased overall documentation completeness (6.25 to 7.13 items, P=.01) but with heterogeneous effects: diet, height, and weight improved while diagnosis, excretions, and pain decreased, suggesting system design and workflow changes influence what gets documented.",Staff training prior to implementation; workflow adaptation and digital literacy demands,Automated data transfer from digital devices; remote documentation capability; EMR system structure and functionality (Meona system),,Implementation strategy with 6-month training period; change management between paper-based to electronic documentation; hospital leadership decision to adopt commercial EMR
I362,R1311,"Barriers and facilitators of the electronic medical record adoption among healthcare providers in Addis Ababa, Ethiopia.",2024,Digital health,10.1177/20552076241301946,PubMed,fulltext,Qualitative study,Y,Y,Y,Y,4,"U, T, I, O","Digital literacy; EMR knowledge and skills; User motivation and attitude; Infrastructure (computers, networks, power); Software reliability and interoperability; Training quality and technical support; Leadership commitment; Staff turnover and workload","EMR adoption is hindered by barriers at individual (digital literacy, knowledge, motivation), technological (infrastructure, software reliability, security), and organizational (training quality, leadership commitment, incentives) levels, with perceived benefits and onsite support as key facilitators.",Lack of digital literacy; limited EMR knowledge and skills; resistance to change; low motivation; negative attitude toward system benefits,Lack of computers and networks; unreliable power supply; system downtime; lack of interoperability and comprehensiveness; absence of decision support systems; security and privacy concerns,Poor quality of training; inadequate follow-up and supervision; lack of incentives and motivation; poor leadership commitment; weak institutional support,Staff turnover; high workload; inadequate technical support team; lack of onsite IT resources; insufficient organizational resources for implementation
I363,R1549,Differences in changes of data completeness after the implementation of an electronic medical record in three surgical departments of a German hospital-a longitudinal comparative document analysis.,2024,BMC medical informatics and decision making,10.1186/s12911-024-02667-0,PubMed,fulltext,Cohort/observational,Y,Y,,Y,3,"U, T, O",EMR adoption process stage; department-specific implementation approach; staff workflow integration; system design consistency with prior processes,"Data completeness improved overall after EMR implementation (6.02 to 7.2 items), but improvements varied significantly across departments, suggesting that adoption process and departmental context—not just the technology itself—drive data quality changes.",Staff acceptance and workflow fit; documentation practices during adoption; user readiness across departments,EMR system design maintaining fever chart format; electronic documentation structure; system reliability during transition,,Department-specific adoption processes; implementation timing and sequencing; change management across surgical units; post-implementation monitoring (12–15 months)
I364,R1537,Legal and Ethical Issues Associated With Challenges in the Implementation of the Electronic Medical Record System and Its Current Laws in India.,2024,Cureus,10.7759/cureus.56518,PubMed,fulltext,Framework/policy analysis,Y,Y,Y,Y,4,"U, T, I, O","Staff training and competency; Data security and cybersecurity infrastructure; Legal and regulatory framework (Digital Personal Data Protection Act 2023, IT Act 2008); Organizational policies and change management; Patient consent and ethical governance","EHR/EMR implementation in India requires integrated attention to ethical principles (autonomy, confidentiality, beneficence, justice), robust legal compliance frameworks, comprehensive cybersecurity strategies, and organizational readiness including staff training and governance structures.",Staff training on EHR systems; clinician acceptance and workflow adaptation; patient autonomy and informed consent; digital literacy requirements,Data encryption and cybersecurity measures; phishing attack prevention; malware and ransomware protection; encryption blind spots; cloud security; system interoperability and data migration,"Digital Personal Data Protection Act 2023; IT Amendment Act 2008 (Sections 43A, 72A); Article 21 Constitution of India; Ministry of Health and Welfare guidelines; data localization policies; incident reporting and documentation protocols",Hospital administration policies and employee training programs; change management from paper to electronic records; organizational planning and financial investment; incident management protocols; stakeholder support and governance
I365,R1502,Electronic medical record implementation in the emergency department in a low-resource country: Lessons learned.,2024,PloS one,10.1371/journal.pone.0298027,PubMed,fulltext,Case study,Y,Y,Y,Y,4,"U, T, I, O",Leadership engagement; Comprehensive staff training and super-user support; Workflow analysis and process redesign; Adequate technical infrastructure and IT support; Implementation timing and staffing strategies,"Successful EMR implementation in a low-resource ED required integrated strategies combining vendor recommendations with institution-specific adaptations, achieving end-user satisfaction despite transient operational disruptions that resolved within six months.","Extensive training (online, hands-on, playground); super-user designation and one-on-one support; physician champions; targeted additional training for less computer-literate staff; end-user satisfaction surveys showing improved efficiency and patient care","EPIC system deployment; interface management with existing systems (HIS, ADT, Lab, PACS, pharmacy); workstation infrastructure (WOWs, wall-mounted stations); report validation process; structured troubleshooting ticketing system",Low-resource setting with limited government funding; reliance on internal institutional resources; policy to modify paper-based protocols for EMR; regulatory approval (IRB waiver),ED leadership full engagement; cut-over team formation; Go-Live on low-volume day (Saturday); super-user coverage with no clinical duties for 3 days; increased staffing first 3 weeks; daily post-implementation huddles; multidisciplinary meetings; vendor on-site support
I366,R0080,A perspective on digital health platform design and its implementation at national level.,2024,Frontiers in digital health,10.3389/fdgth.2024.1260855,PubMed,fulltext,Framework/policy analysis,,Y,Y,Y,3,"T, I, O","Interoperability standards (HL7 FHIR, DICOM, SNOMED CT); Governance and institutional frameworks; Federated architecture design; Open standards and open-source adoption; Data policies and security frameworks","National digital health platform implementation requires aligned technical standards, governance structures, and architectural principles, as demonstrated by India's ABDM integration of WHO-ITU DHP components with national digital public goods.",,HL7 FHIR; DICOM; SNOMED CT; ICD-10; LOINC; interoperability standards; APIs; HIE gateway; UHI; federated architecture,National Digital Health Blueprint; NDHM governance mandate; Health Data Management Policy; consent management framework; ISO/TS 17975:2015; regulatory framework; data security policies,Layered enterprise architecture; building blocks implementation; single source of truth registries; India Enterprise Architecture Framework adoption; National Resource Centre for EHR Standards; progressive adoption timelines
I367,R0083,Electronic health record implementation: how to identify and analyze the possible negative impacts.,2024,"Einstein (Sao Paulo, Brazil)",10.31744/einstein_journal/2024AO0916,PubMed,fulltext,Case study,Y,,Y,Y,3,"U, I, O",User workflow disruption and resistance; Cultural change requirements; Quality/safety concerns; Change management approach; Project management methodology (PMBOK),"89.20% of predicted negative impacts from EHR implementation were confirmed post-Go Live, with 88.94% of predicted criticality levels matching actual severity, demonstrating the effectiveness of systematic impact identification and stratification in planning.",Workflow adaptation; cognitive effort for new tool use; user resistance; training needs for tool adoption; cultural change in clinical practice,,Governance structure; change management integration; project management methodology (PMBOK); risk/impact stratification; institutional planning,Full-time dedicated key users; multidisciplinary team representation; workflow mapping; impact identification and classification method; leadership engagement; phased implementation strategy
I368,R1453,An Approach to Potentially Increasing Adoption of an Artificial Intelligence-Enabled Electronic Medical Record Encounter in Canadian Primary Care: Protocol for a User-Centered Design.,2024,JMIR research protocols,10.2196/54365,PubMed,fulltext,Mixed-methods,Y,Y,Y,Y,4,"U, T, I, O","Perceived usefulness; Perceived ease of use; Workflow fit; User acceptance; AI design features (confidence scores, approve/edit/decline interaction)","User-centered design informed by technology acceptance model (TAM) and contextual design can identify factors influencing adoption of AI-enabled EMR features in primary care, with emphasis on clinician perceived usefulness and ease of use.",Clinician acceptance; workflow preferences; decision-making processes; attitudes toward AI; perceived usefulness and ease of use; interaction design preferences (approve/edit/decline); concerns about liability and record transparency,AI integration into EMR encounter module; pre-population of clinical data; AI-generated summaries; confidence scoring mechanisms; system reliability and functionality,Canadian primary care regulatory context; professional college standards; established EMR adoption policies (93% adoption); existing incentive structures for EMR use,User-centered design process; contextual design methodology; qualitative interview approach; partnership with TELUS Health; phased implementation strategy; iterative prototype refinement with end users
I369,R1450,"Benefits, facilitators, and barriers of electronic medical records implementation in outpatient settings: A scoping review.",2024,Healthcare management forum,10.1177/08404704231224070,PubMed,fulltext,Scoping review,Y,Y,Y,Y,4,"U, T, I, O",Training and change management; User-friendliness and workflow alignment; Top management support and sufficient resources; Technical/design issues and IT infrastructure capacity; Resistance from healthcare professionals and time/financial constraints,"EMR implementation in outpatient settings yields direct patient-care benefits and indirect operational benefits, but success depends critically on addressing technical barriers, ensuring adequate training and change management, securing leadership support, and overcoming healthcare professional resistance.",Training; user experience with EMR; user-friendliness and workflow alignment; resistance from healthcare professionals; staff satisfaction,Design and technical issues; limited IT resources and skills; limited IT infrastructure capacity; incompatibility with existing systems; system reliability,Top management support; misalignment with local regulations; change management; sufficient resources; financial constraints,Change management; top management support; training; resource allocation; project implementation during go-live; increased workload during implementation
I370,R1346,"Reusing routine electronic health record data for nationwide COVID-19 surveillance in nursing homes: barriers, facilitators, and lessons learned.",2024,BMC medical informatics and decision making,10.1186/s12911-024-02818-3,PubMed,fulltext,Qualitative study,Y,Y,Y,Y,4,"U, T, I, O",Inter-organizational collaboration; EHR vendor involvement; Legal framework clarity; Testing policy alignment; EHR system heterogeneity; Workforce capacity and urgency perception,"Successful reuse of EHR data for surveillance requires alignment across legal frameworks, technical interoperability, organizational coordination, and contextual circumstances; barriers included policy changes, system differences, workload constraints, and unclear legal requirements.",Increased workload in nursing homes; lack of perceived urgency among staff,"Differences between EHR systems; interoperability challenges; data conformance, completeness, and plausibility issues; timeliness of data extraction",Uncertainty regarding legal requirements for EHR data extraction; changes in national testing policy; legal framework development,Inter-organizational collaboration; early EHR vendor involvement; coordination and communication between partners; project management and stakeholder engagement
I371,R1434,Contextual Barriers to Implementing Open-Source Electronic Health Record Systems for Low- and Lower-Middle-Income Countries: Scoping Review.,2024,Journal of medical Internet research,10.2196/45242,PubMed,fulltext,Scoping review,,Y,Y,Y,3,"T, I, O","Limited funding and sustainability; Infrastructure gaps; Data protection, confidentiality, and ownership; Organizational and management challenges; Technical expertise and specialized skills requirements","Implementation of open-source EHRs in LMICs is hindered by socioenvironmental and organizational barriers that are often overshadowed by a dominant focus on technical solutions, particularly regarding data protection, ethics, and local implementing organization capacity.",,"Infrastructure, data privacy protection, system reliability, technical expertise requirements","Data ownership and ethics, confidentiality concerns, policy and regulatory frameworks for data protection","Organizational and management challenges, limited funding and sustainability, role and capacity of local implementing organizations, stakeholder engagement and participation"
I372,R0145,Understanding inherent influencing factors to digital health adoption in general practices through a mixed-methods analysis.,2024,NPJ digital medicine,10.1038/s41746-024-01049-0,PubMed,fulltext,Mixed-methods,Y,Y,Y,Y,4,"U, T, I, O",GPs' personality traits and digital affinity; workflow adjustment requirements; reimbursement inadequacy; training effort; digital maturity of practice,"GPs' inherent characteristics, particularly personality traits, digital affinity, and digital maturity, significantly predict perceived barriers to digital health adoption, alongside organizational and workflow-related factors.","Digital affinity; personality traits (conscientiousness, openness, extraversion, neuroticism); technology interaction comfort; familiarity with digital solutions; training effort perception",System reliability; usefulness of solutions; technical support availability; interoperability improvements; usability enhancements,Inadequate reimbursement; high costs; socio-political context; policy guidelines; funding incentives,Workflow adjustments required; high workload and lack of time; practice digital maturity; organizational barriers (most cited); change management strategies
I373,R0160,Formative Evaluation of the Implementation of eHealth in the Philippines: A Qualitative Study.,2024,Acta medica Philippina,10.47895/amp.v58i12.9289,PubMed,fulltext,Qualitative study,Y,Y,Y,Y,4,"U, T, I, O","Individual ICT experience and training; organizational commitment and readiness for change; perceived need/urgency for eHealth; policy and regulatory frameworks; implementation team practices and leadership engagement; resource management (equipment, internet, power); eHealth design complexity and adaptability; interoperability standards","eHealth implementation success in the Philippines requires multidimensional understanding of contextual factors (individual characteristics, policies, third-party support), process factors (leadership engagement, resource management, team practices), and content factors (system design, interoperability, local adaptability).",ICT experience/training; organizational commitment; readiness for change; end-user acceptance by patients and healthcare personnel,Interoperability or capacity to connect/exchange information with other platforms; stable internet connection; power supply; ICT equipment infrastructure,"Provisions, policies, regulatory issues; legislation, policy and compliance; eHealth Strategic Framework and Plan; governance structure; funding and donor support; third-party stakeholder involvement",Implementation team practices; top-down and bottom-up approaches in leader/member engagement; resource management; leadership and governance; change management; project management; proper training; stakeholder engagement
I374,R1271,Technology adoption of electronic medical records in developing economies: A systematic review on physicians' perspective.,2024,Digital health,10.1177/20552076231224605,PubMed,fulltext,Systematic review,Y,Y,Y,Y,4,"U, T, I, O",Computer literacy and education; Training and IT experience; System functionality and user interface; Resistance to change; Cost and budget allocation,"EMR adoption in developing economies is constrained by physician-level factors (computer literacy, training, resistance to change) and organizational factors (costs, budget planning, infrastructure) requiring comprehensive interventions across technical, educational, and governance dimensions.","Computer literacy, education, voluntariness, resistance to change, age and gender differences, lack of time for learning","System functionality, features, user interface, lack of technological foundation, infrastructure, IT usage experience","National policy, informatics standards, financial incentives, regulatory standards, data privacy regulations","Thorough planning, budget allocation, training interventions, change management, implementation strategy, vendor and organizational coordination"
I375,R1665,"Legal, Ethical, Financial, and Technological (LEFT) Considerations for eHealth Implementation in Europe: Developing a Roadmap",2024,"2024 IEEE International Conference on E-health Networking, Application & Services (HealthCom)",10.1109/HealthCom60970.2024.10880735,IEEE,abstract,Framework/policy analysis,,Y,Y,Y,3,"T, I, O",Data privacy and security; Regulatory compliance framework; Interoperability between data systems; Data and system quality; Reimbursement strategies; Public-private collaboration,"A comprehensive LEFT (Legal, Ethical, Financial, Technological) roadmap with preconditions addresses multifaceted barriers to eHealth implementation and requires multidisciplinary stakeholder collaboration.",,Interoperability; data and system quality; usability and accessibility,Data privacy and security; regulatory compliance; reimbursement strategies; public-private collaboration,Multidisciplinary stakeholder decision-making; collaborative planning; systematic implementation approach
I376,R0705,Examining South Tyrol's Experience: Digital Health Adoption and Workforce Issues in Implementing Italy's Primary Care Reform Under Ministerial Decree No. 77/2022.,2024,"Epidemiologia (Basel, Switzerland)",10.3390/epidemiologia5040057,PubMed,fulltext,Scoping review,Y,Y,Y,Y,4,"U, T, I, O",GP resistance to collaborative care models; interprofessional trust deficits; digital infrastructure limitations; workforce shortages; administrative burden concerns,"Successful implementation of Italy's primary care reform (D.M. 77/2022) in South Tyrol requires addressing workforce resistance, improving interprofessional trust, expanding digital infrastructure, and integrating frailty assessments into care strategies.","GP professional motivation but autonomy concerns; resistance to collaborative models; digital literacy variability in elderly (30% computer use, 40% smartphone); patient openness to telemedicine (30.1%) and wearables (33.7%); GP caution about AI diagnostic accuracy",EHR adoption slowed by workforce shortages and infrastructure limitations; telemedicine platforms for remote monitoring; AI-based symptom checkers; predictive risk stratification models; data-sharing infrastructure needs; ABCC tool for chronic disease monitoring,Ministerial Decree No. 77/2022 reform framework; decentralization policy; Community Health Centers and Community Hospitals mandates; National Recovery and Resilience Plan (PNRR); integration of health and social services,GP-specialist trust issues hindering care coordination; need for structured interprofessional communication; frailty screening coordination by GPs; change management from solo to collaborative practice models; leadership needed to overcome implementation barriers
I377,R0803,Learning from digital health investments during COVID-19 vaccine program implementation: a research collaboration and theory of change.,2024,Oxford open digital health,10.1093/oodh/oqae005,PubMed,fulltext,Framework/policy analysis,,Y,Y,Y,3,"T, I, O",Digital health enabling environment (WHO/ITU building blocks); government-led coordination; interoperability and standards alignment; global goods leverage; organizational implementation strategy,"USAID's COVID-19 vaccine digital investments strengthened the digital health enabling environment through coordinated approaches, but success depended on alignment with national strategies, interoperability standards, and sustained governance structures beyond emergency response.",,DHIS2 adoption; standards and interoperability; data integration architecture; custom vs. global goods systems,Government-led coordination; national digital health strategy alignment; policy and governance structures; political support and donor alignment,Project management and learning agenda coordination; implementation strategy across countries; transition from emergency to routine systems; change management in system adoption
I378,R0800,Healthcare systems collaborating to implement a shared decision-making tool in the electronic health record and build evidence on its adoption and use.,2024,Learning health systems,10.1002/lrh2.10418,PubMed,fulltext,Mixed-methods,Y,Y,Y,Y,4,"U, T, I, O",EHR integration workflow fit; IT infrastructure and technical capacity; organizational readiness and administrative approvals; implementation team structure and leadership; iterative collaboration and documentation refinement,"Sequential implementation across three healthcare systems with iterative refinement of integration processes and documentation reduced implementation time from 12.1 to 9.7 weeks, demonstrating that structured collaboration and learning between sites accelerates SDM tool adoption in diverse EHR environments.",Clinician workflow fit through human-centered design; testing by lead clinician in test environment; clinical champion engagement; clinician education and academic detailing strategies,"EHR integration challenges (6-18 months typical); web application design using Nodejs and Angular; auto-population of ASCVD calculator fields from Epic; data mapping for clinical factors (age, sex, race, smoking, diabetes, BP, cholesterol); medication listings integration",Institutional Review Board approval requirements; clinical and IT leadership approvals; administrative readiness assessment; site selection based on Epic EHR software standardization,"Local implementation teams (site investigator, implementation facilitator, administrators, IT personnel, clinician leaders); central research team coordination; sequential randomization timing; stakeholder approval processes (Physician Advisory Committee, Family Medicine Champion); IT team composition and support structure"
I379,R0239,Unveiling barriers to EHR implementation for effective decision support in tanzanian primary healthcare: Insights from practitioners.,2024,Health informatics journal,10.1177/14604582241304698,PubMed,abstract,Qualitative study,Y,Y,Y,Y,4,"U, T, I, O",Leadership support; Network infrastructure; Workload impact; Professional autonomy concerns; Technical skill availability,"EHR implementation in Tanzanian primary healthcare is hindered by organizational, technical, and user-acceptance barriers including lack of leadership support, poor infrastructure, and clinician resistance to technology.",Resistance to technology; Professional autonomy concerns; Increased workload; Lack of skilled personnel,Poor network infrastructure; System downtime; Lack of technical skills,Leadership support; Policy context for low-resource settings,Leadership commitment; Change management; Implementation strategy in resource-constrained context
I380,R0945,Using normalisation process theory to evaluate the implementation of a digital health intervention in community and secondary care long COVID clinics.,2024,BMJ open,10.1136/bmjopen-2024-092824,PubMed,fulltext,Qualitative study,Y,Y,Y,Y,4,"U, T, I, O",Clinician acceptance and perceived value; flexibility to fit local contexts; alignment with existing workflows; organizational governance and information governance processes; multidisciplinary team coordination,"Implementation of a digital health intervention for long COVID required alignment across user readiness, technical design flexibility, institutional governance, and organizational execution to integrate into existing NHS care pathways during pandemic conditions.",Clinician perception of unmet need; self-management alignment with clinical philosophy; staff acceptance and multidisciplinary support; clinical appraisal in positive and negative terms,Smartphone application design; digital dashboard for clinicians; integration with existing care pathways; system flexibility to suit different trust contexts,Information governance approvals as fundamental roadblock; procurement and contracts; alignment with national guidelines and Department of Health 'Digital First' policy; emergency context enabling streamlined authorization,Multidisciplinary team coordination across NHS and university; change management through iterative development; service delivery manager involvement; leadership decision-making on adoption versus alternatives (LWCR vs YCR)
I381,R1031,Implementation of the World Health Organization Minimum Dataset for Emergency Medical Teams to Create Disaster Profiles for the Indonesian SATUSEHAT Platform Using Fast Healthcare Interoperability Resources: Development and Validation Study.,2024,JMIR medical informatics,10.2196/59651,PubMed,fulltext,Development and validation study,,Y,Y,Y,3,"T, I, O","FHIR technical standards mapping; interoperability infrastructure (SATUSEHAT platform); policy/regulatory alignment (WHO EMT MDS adoption); implementation methodology (profiling, extensions, server deployment)","Successfully mapped WHO and ASEAN EMT minimum datasets to FHIR resources with 85–100% variable coverage, creating a validated disaster profile for Indonesia's SATUSEHAT platform to standardize health data collection during disasters.",,"FHIR resource mapping; gap analysis for unmapped data elements; custom extensions for age, relation status, estimated date departure; HAPI FHIR server implementation; REST API validation",WHO EMT MDS standard adoption; ASEAN regional collaboration (ARCH Project); Indonesian MoH mandate for electronic medical records and interoperability by end 2023; national disaster management governance,Mapping and profiling methodology; Forge application for profile creation; SIMPLIFIER.NET validation; mock dataset creation; HAPI framework deployment
I382,R0946,Alignment and specifics of Brazilian health agencies in relation to the international premises for the implementation of digital health in primary health care: a rhetorical analysis.,2024,Frontiers in sociology,10.3389/fsoc.2024.1303295,PubMed,fulltext,Framework/policy analysis,,Y,Y,,2,"T, I",Regulatory frameworks and normative standards; International alignment with WHO/PAHO guidelines; Policy discourse and argumentation strategies; Digital health infrastructure requirements,"Brazilian health agencies align with international premises for digital health adoption in PHC, but implementation requires socially and economically sustainable strengthening of regulatory environments and policy frameworks beyond the COVID-19 emergency response.",,Electronic medical records; data exchange standards; digital infrastructure; health information systems integration; cybersecurity and data confidentiality,"Regulatory frameworks (Law 13989, Ordinances 467/2020, 1768/2021); Professional council resolutions (CFM, COFEN); Policy alignment with WHO/PAHO guidelines; International premises and mandates",
I383,R0278,Assessing the factors militating against the effective implementation of electronic health records (EHR) in Nigeria.,2024,Scientific reports,10.1038/s41598-024-83009-y,PubMed,fulltext,Survey/cross-sectional,Y,Y,Y,Y,4,"U, T, I, O",Financial constraints; inadequate ICT resources and infrastructure; epileptic power supply and poor internet connectivity; lack of governmental support; inadequate training and workflow redesign,"EHR implementation at a Nigerian teaching hospital is severely impeded by financial constraints, infrastructure deficits, and lack of government support, despite high staff awareness of EHR benefits.",High awareness of EHR benefits (mean 1.29); inadequate training and workflow redesign (mean 2.33); low utilization rate (mean 3.01) despite awareness,Inadequate ICT resources (mean 2.62); epileptic power supply (mean 2.57); poor internet connectivity (mean 2.49); lack of standardization and interoperability (mean 2.62),"Lack of governmental support (mean 2.51); absence of unified national framework; security, privacy and confidentiality concerns (mean 2.49)",Low EHR utilization across systems; inadequate time for training and workflow redesign; organizational resistance to change; unsuccessful prior implementation attempts
I384,R0739,Adoption and perception of prescribable digital health applications (DiGA) and the advancing digitalization among German internal medicine physicians: a cross-sectional survey study.,2024,BMC health services research,10.1186/s12913-024-11807-1,PubMed,fulltext,Survey/cross-sectional,Y,Y,Y,Y,4,"U, T, I, O",Lack of knowledge about DiGA implementation; Insufficient time for patient onboarding; Concerns about patient adherence; Data security concerns; Lack of trust in digital tools effectiveness,"Despite 92% of physicians believing DiGAs could improve care, only 31% had prescribed them, with knowledge gaps, time constraints, and patient adherence concerns as primary adoption barriers.",Low self-rated knowledge (median 3/10); Interest in digital health training (88%); Concerns about patient adherence; Lack of trust in tool effectiveness,Data security concerns (46%); Lack of interoperability between hospital software systems; Technical difficulties; Poor usability and unreliability,Regulatory framework enabling DiGA prescription and reimbursement; Limited reimbursement (14% barrier); Availability limited to certain indications,Lack of time for patient onboarding (27%); High workload concerns; Complexity of prescription process (12%); Limited availability in hospital/inpatient settings; Need for comprehensive training programs
I385,R0864,Engagement strategies adopted by the nursing information officer team in preparing nurses for the implementation of an integrated electronic health record.,2024,"Nursing management (Harrow, London, England : 1994)",10.7748/nm.2024.e2135,PubMed,abstract,Case study,Y,,Y,Y,3,"U, I, O",Staff training and engagement strategies; Digital leadership; Learning needs assessment; Organizational change management; Collaborative implementation approach,"Structured engagement strategies by nursing information officers—including demos, induction sessions, and change documentation—were critical in preparing nursing staff for EHR implementation and addressing diverse learning needs.",Staff confidence building; addressing diverse learning needs; demos and show-and-tells; CopyCat charting; induction sessions,,Digital leadership emphasis; collaborative governance among nursing staff and leadership,NIO team engagement strategies; change and engagement documentation; project management through structured methodologies
I386,R0997,Implementation of Electronic Health Record Integration and Clinical Decision Support to Improve Emergency Department Prescription Drug Monitoring Program Use.,2024,Annals of emergency medicine,10.1016/j.annemergmed.2023.07.002,PubMed,abstract,Mixed-methods,Y,Y,,Y,3,"U, T, O",Clinical decision support alert design; EHR-PDMP technical integration; workflow interruption; clinician acceptance of alerts; risk scoring,"EHR-PDMP integration alone did not increase PDMP review, but interruptive clinical decision support alerts and risk scores modestly improved review rates, though review remained low overall.",Clinician response to alerts; acceptance of interruptive notifications; workflow fit of PDMP review task,EHR-PDMP bidirectional integration; clinical decision support alert functionality; risk score algorithm implementation,,Stepped-wedge implementation strategy; alert removal sustainability testing; multi-site ED deployment
I387,R0265,EmpRess: an eHealth implementation readiness checklist for dementia developed through an interview study of stakeholder needs.,2024,Aging & mental health,10.1080/13607863.2024.2323951,PubMed,abstract,Mixed-methods,Y,Y,Y,Y,4,"U, T, I, O",Stakeholder readiness; shared values alignment; implementation monitoring; eHealth usability for dementia; policy/regulatory fit,"EmpRess checklist, adapted through stakeholder interviews using NASSS framework, identifies key implementation determinants across user readiness, technical, institutional, and organizational domains for eHealth interventions in dementia care.",Stakeholder acceptance; shared values with implementers; usability for dementia context,eHealth system fit; technical determinants captured in NASSS framework,Policy officers input; regulatory/policy considerations; systematic monitoring requirements,Implementation strategy; change management; organizational readiness assessment
I388,R0977,"IT-Related Barriers and Facilitators to the Implementation of a New European eHealth Solution, the Digital Survivorship Passport (SurPass Version 2.0): Semistructured Digital Survey.",2024,Journal of medical Internet research,10.2196/49910,PubMed,fulltext,Survey/cross-sectional,,Y,Y,Y,3,"T, I, O","Unaligned EHIS infrastructure; HL7 FHIR interoperability standards; Data protection and pseudonymization; IT resource availability; International coding systems (ICD-O-3, ATC, ICCC-3)","IT-related barriers and facilitators to SurPass implementation across three European health system scenarios center on interoperability infrastructure, data protection compliance, and standardized coding systems, with national EHIS scenarios showing best fit for successful implementation.",,HL7 FHIR standards; APIs for data exchange; structured clinical trial databases; international coding systems; pseudonymization; encryption; multifactor authentication,GDPR compliance; data retention regulations; data protection and privacy requirements; national health information system policies,IT resource availability; staff knowledge and capability; IT infrastructure maturity; organizational support for implementation; IT department structure
I389,R0786,Factors influencing the successful implementation of a novel digital health application to streamline multidisciplinary communication across multiple organisations for emergency care.,2024,Journal of evaluation in clinical practice,10.1111/jep.13923,PubMed,abstract,Mixed-methods,Y,Y,Y,Y,4,"U, T, I, O",Habit; Effort Expectancy; Perceived Organisational Readiness; Performance Expectancy; Network accessibility,"Multiorganisational digital health communication implementation is feasible when organisations are change-ready, with habit formation, ease of use, and perceived organisational readiness as key predictors of clinician adoption.",Clinician intentions measured by UTAUT; habit development; ease of use; training effectiveness,Network accessibility barriers; secure smartphone application; data exchange across multiple organisations,Organisational readiness for implementing change; change-ready organisations; policy/governance across multiple health settings,Implementation strategies; hands-on training; project commencement planning; champion identification; technical support
I390,R0966,Identifying Facilitators and Barriers to Implementation of AI-Assisted Clinical Decision Support in an Electronic Health Record System.,2024,Journal of medical systems,10.1007/s10916-024-02104-9,PubMed,fulltext,Qualitative study,Y,Y,Y,Y,4,"U, T, I, O",Lack of awareness; lack of accuracy and trust; limited accessibility; transparency and explainability; clinical stakeholder engagement; workflow integration,"Systematic implementation science assessment identified that successful AI-assisted EHR CDS adoption requires early clinical stakeholder engagement, AI model transparency, ongoing user education, and continuous performance feedback integrated into clinical workflows.","Awareness of tool; trust in accuracy; perceived impact on work processes; varying adoption by role (high in social workers/case managers, low in physicians)",Integration into Epic EHR; accessibility of tool; AI model transparency and explainability; technical reliability of predictions,Interdisciplinary rounds workflow; hospital system policy; discharge planning process; organizational context of Mount Sinai,Clinical stakeholder engagement in development; leadership support; change management; ongoing education and onboarding; continuous input from clinical staff; implementation strategy design
I391,R0240,Effectiveness of EHR systems on decision support in primary healthcare: a technology acceptance model 3 perspective.,2024,Journal of health organization and management,10.1108/JHOM-07-2024-0296,PubMed,abstract,Mixed-methods,Y,Y,Y,Y,4,"U, T, I, O",User training and support; System performance and reliability; Usability and workflow integration; User satisfaction; Clinical decision-support effectiveness,"EHR systems are widely implemented in Tanzanian primary healthcare facilities but face significant adoption barriers including inadequate training, technical performance issues, poor usability, and workflow misalignment, limiting their effectiveness for clinical decision support.",Inadequate training and support; user satisfaction; perceived effectiveness; usability,System crashes; slow performance; integration into clinical workflows; system reliability,Low-resource setting; healthcare policymakers; resource-constrained environments,Implementation challenges; change management in PHC facilities; resource constraints
I392,R0533,Implementation of an HIV Case Based Surveillance Using Standards-Based Health Information Exchange in Rwanda.,2024,Studies in health technology and informatics,10.3233/SHTI231090,PubMed,abstract,Case study,,Y,Y,Y,3,"T, I, O","Standards-based health information exchange (HL7 FHIR); Interoperability of EMR, client registry, laboratory and DHIS-2 systems; Workforce capacity for data mapping; Integration infrastructure","Rwanda successfully implemented standards-based interoperable systems for HIV case-based surveillance across multiple health information systems, though workforce capacity constraints and ongoing optimization efforts remain.",,HL7 FHIR standards; EMR-client registry-LIS-DHIS-2 Tracker data exchange; MS-PowerBI analytics integration; inadequate workforce capacity for data element mapping,UNAIDS Fast Track goals alignment; national surveillance objectives; establishment of interoperable ecosystem,System integration and implementation; data exchange coordination across multiple platforms; ongoing interoperability optimization; need for rigorous outcome evaluation
I393,R0675,Electronic health record-supported implementation of an evidence-based pathway for perioperative surgical care.,2024,Journal of the American Medical Informatics Association : JAMIA,10.1093/jamia/ocad237,PubMed,abstract,Qualitative study,Y,Y,,Y,3,"U, T, O",Multidisciplinary team with informatics expertise; EHR technical integration and workflow fit; organizational resistance and change management; dedicated technical support and resources,"High-performing hospitals successfully implemented ERP pathways by establishing dedicated multidisciplinary teams with informatics expertise to integrate ERPs into EHRs, whereas organizations lacking this organizational strategy struggled to overcome clinician resistance and technical barriers.",Individual resistance to EHR-supported ERPs; clinician acceptance and engagement with motivated clinical teams,EHR technical difficulties and technological capability limitations; workflow integration and interoperability with ERP system,,Dedicated multidisciplinary team; informatics expertise and training; dedicated technical support; organizational strategies for change management
I394,R0961,Design and implementation of electronic health record-based tools to support a weight management program in primary care.,2024,JAMIA open,10.1093/jamiaopen/ooae038,PubMed,fulltext,Mixed-methods,Y,Y,Y,Y,4,"U, T, I, O",Staff workflow integration and burden concerns; EHR usability and IT tool design; Clinic leadership and administrator engagement; Implementation tracking metrics and resource allocation; HL7/CDS Hooks interoperability standards,"Multi-level implementation combining well-designed EHR-integrated IT tools, comprehensive clinic leadership involvement, and implementation tracking metrics is essential for successful primary care weight management programs leveraging existing staff as coaches.",Staff concern with increased burden; perceived usability of recruitment prompts; provider attitudes toward program; MA and RN workflow fit,HL7 CDS Hooks standard; Epic BPA prompts; EHR-based patient identification; dynamic weight loss visualization; interoperable EHR innovations,Clinic administrator feasibility assessment; enterprise CDS Committee governance review; program approval processes; clinic-level implementation readiness,Multi-disciplinary project team structure; implementation tracking metrics; weekly progress monitoring; iterative prototype testing; clinical champion engagement; resource allocation to areas of need
I395,R1183,Implementation of the electronic health record in the German healthcare system: an assessment of the current status and future development perspectives considering the potentials of health data utilisation by representatives of different stakeholder groups.,2024,Frontiers in health services,10.3389/frhs.2024.1370759,PubMed,fulltext,Qualitative study,Y,Y,Y,Y,4,"U, T, I, O",Legal regulatory framework; stakeholder conflict of interest; insufficient communication and information measures; technical infrastructure clarity; patient and provider acceptance,"EHR implementation in Germany is delayed by deficiencies in legal regulations, structural problems, unclear access rights, technical infrastructure gaps, and insufficient information measures affecting adoption among patients and service providers.",Patient acceptance; service provider acceptance; insufficient communication and information measures; digital literacy needs,Telematics infrastructure reliability; unclear access rights procedures; technical failure protocols; interoperability standards; connector requirements,Legal regulatory deficiencies; GDPR and BDSG requirements; opt-out vs opt-in consent procedures; data protection supervisory frameworks; E-Health Act provisions,Stakeholder coordination; governance conflicts of interest; lack of viable decision-making basis; leadership alignment; implementation timing and strategy
I396,R0914,Determinants of the implementation of eHealth-based long-term follow-up care for young cancer survivors: a qualitative study.,2024,BMC cancer,10.1186/s12885-024-12910-6,PubMed,fulltext,Qualitative study,Y,Y,Y,Y,4,"U, T, I, O",Digital literacy; interface compatibility and technical infrastructure; health literacy and self-efficacy; continuity of care; cooperation with health insurance companies,"eHealth implementation for cancer survivor follow-up is facilitated by continuity of care, health literacy support, and technical compatibility, but hindered by poor interface compatibility, insufficient network coverage, and lack of digital literacy.",Digital literacy barriers; health literacy support; self-efficacy and sense of agency; patient adherence and shared decision-making,Interface compatibility with practice management systems; network coverage; cross-device and location-independent use; technical support,Cooperation with health insurance companies; guideline-compliant care integration,Implementation strategy tailoring; introduction of eHealth structures; gamification elements as facilitators
I397,R0827,The Impact of Leadership and Management on the Implementation of Electronic Health Record Systems in the Primary Healthcare Centers.,2024,"Healthcare (Basel, Switzerland)",10.3390/healthcare12202013,PubMed,fulltext,Mixed-methods,,Y,Y,Y,3,"T, I, O",Centralized project management; Leadership and project management expertise; EHRS interoperability; Software selection; Project planning and strategizing,Centralized project management approaches facilitate large-scale EHRS implementation in Primary Healthcare Centers by overcoming barriers and positively influencing interoperability and software selection decisions.,,EHRS interoperability; software selection; system integration,Centralized governance; policy coordination; regulatory alignment; health cluster organizational structure,Centralized project management; leadership expertise; project planning; clear roles and responsibilities; resource management; change management
I398,R0567,Construction of the Digital Health Equity-Focused Implementation Research Conceptual Model - Bridging the Divide Between Equity-focused Digital Health and Implementation Research.,2024,PLOS digital health,10.1371/journal.pdig.0000509,PubMed,fulltext,Scoping review,Y,Y,Y,Y,4,"U, T, I, O",User digital literacy and health literacy; Technology accessibility and design inclusivity; Health equity policy and regulation; Implementation leadership and inclusive design processes,"The DH-EquIR model integrates digital health implementation science with health equity across five phases (population assessment, planning, designing, implementing, equity-focused outcomes) to guide equitable adoption of digital health technologies in diverse populations.",Digital literacy; health literacy; user acceptance testing; inclusive design with diverse user populations; accessibility for seniors and people with disabilities; culturally tailored messaging,Internet access and bandwidth; technology accessibility standards; digital divide; inclusive and accessible application design; interoperability considerations,Health equity policies; regulation and compliance; social determinants of health (SDOH) frameworks; equity-focused governance; addressing systemic racism and implicit bias,Inclusive design processes with minoritized populations; leadership commitment to equity; change management strategies; monitoring and evaluation for equity outcomes; resource allocation for vulnerable populations
I399,R0831,"Applying Implementation Science to Advance Electronic Health Record-Driven Learning Health Systems: Case Studies, Challenges, and Recommendations.",2024,Journal of medical Internet research,10.2196/55472,PubMed,fulltext,Framework/policy analysis,Y,Y,Y,Y,4,"U, T, I, O",Implementation science frameworks (PRISM); EHR data limitations and technology constraints; organizational resources and infrastructure; equity and representativeness; team science and interdisciplinary collaboration,"Application of implementation science frameworks like PRISM to EHR-driven learning health systems is essential but faces challenges including data gaps, resource constraints, team science barriers, and equity considerations, which can be addressed through pragmatic adaptation and systematic guidance.",Clinician and staff perspectives; acceptability and uptake; digital literacy and training needs,EHR data limitations; missing patient-reported outcomes and social determinants; data integration and interoperability; technology infrastructure and reliability,Clinical guidelines and policies; regulatory requirements; external environment and reimbursement mechanisms; governance and decision-making alignment,Leadership engagement; change management; project resource allocation; implementation and sustainability infrastructure; team composition and collaboration
I400,R1154,Factors identified as barriers or facilitators to EMR/EHR based interprofessional primary care: a scoping review.,2024,Journal of interprofessional care,10.1080/13561820.2023.2204890,PubMed,abstract,Scoping review,Y,Y,Y,Y,4,"U, T, I, O",Teamwork support; Data management; Usability and interoperability; Practice support; Organization attributes; User features,"EMR/EHR systems facilitate interprofessional teamwork but face significant barriers in data management, usability/interoperability, and practice support that may be addressed through software design improvements and organizational guidelines.",User features; usability,Interoperability; data management,Organization attributes; organizational strategies and guidelines,Teamwork support; practice support; organizational strategies for working with existing systems
I401,R0850,Perception towards electronic health records & uptake of digital health IDs among the urban residents in northern India: A mixed methods study.,2024,The Indian journal of medical research,10.25259/ijmr_664_23,PubMed,fulltext,Mixed-methods,Y,Y,Y,Y,4,"U, T, I, O",EHR awareness; confidence in government data security; willingness to share records for research; digital literacy and technology access; data protection policy,"Digital health ID uptake was 78% and significantly higher among those aware of EHR, confident in government security, and willing to share records; awareness, digital literacy, and data protection laws are critical barriers to adoption.",Low EHR awareness (28.2%); digital literacy gaps; technology access (mobile/Aadhaar); willingness to share records; trust in healthcare workers,Digital literacy requirements; mobile and Aadhaar-based system dependencies; system interoperability for data sharing across facilities,Government security assurance; data protection laws; ABDM policy framework; national EHR system mandate; regulatory trust,Implementation via primary health centres; community-based camps; healthcare worker engagement as information sources; government roll-out strategy
I402,R0609,"Strengths, Weaknesses, Opportunities, and Threats (SWOT) Analysis of Hemodialysis Electronic Health Record Implementation.",2024,Cureus,10.7759/cureus.54675,PubMed,fulltext,Case study,Y,Y,Y,Y,4,"U, T, I, O",User engagement and involvement; Ergonomic interface design and usability; Logistical resources and infrastructure; Change management and resistance; Institutional commitment and policy support,"User engagement, ergonomic design, and institutional commitment are critical strengths for EMR implementation success, while logistical deficiencies, staff resistance, and lack of long-term maintenance planning represent key vulnerabilities requiring strategic mitigation.",User involvement in specification drafting; Ergonomic interface; Training provision; Staff resistance to change; Fear of reduced productivity; Lack of computer experience,Secure hosting environment; Database backups; Network instability; Mobile/alternative connectivity solutions; Cyberattack risks,Moroccan e-health policy framework (white paper 2022); National Health System Reform; Data protection compliance (Law 09-08); Institutional management commitment,EMR functionality evolution; Regional deployment across dialysis centers; Statistical research capability; Performance indicator monitoring; Growing digital health importance post-COVID
I403,R0559,Electronic Health Record Implementation Enhances Financial Performance in High Medicaid Nursing Homes.,2024,Journal of multidisciplinary healthcare,10.2147/JMDH.S457420,PubMed,fulltext,Survey/cross-sectional,,,Y,Y,2,"I, O",Financial constraints and investment barriers; Policy incentives (exclusion from meaningful use program); Ownership and organizational structure; Facility size and staffing resources,"EHR implementation in high-Medicaid nursing homes shows marginal positive financial returns (0.12% increase in total margin per unit increase in EHR implementation score), suggesting a potential business case exists but policy interventions may still be necessary.",,,Exclusion from meaningful use incentive program; Medicaid reimbursement constraints; State budget-led constraints on Medicaid spending,Ownership structure (for-profit vs. not-for-profit); Chain affiliation; Facility size; Staffing resources (nurse practitioners/physician assistants); Project management and implementation capability
I404,R1186,Adoption of Electronic Medical Records in Healthcare Facilities in the Emirate of Dubai.,2024,Healthcare informatics research,10.4258/hir.2024.30.2.154,PubMed,fulltext,Situation analysis,Y,Y,Y,Y,4,"U, T, I, O",Vendor availability and licensing; interoperability standards unification; staff training and qualified personnel; IT investment strategy; institutional leadership engagement,"EMR adoption in Dubai healthcare facilities reached 100% in hospitals and 75% in clinics by 2023, but maturity remains challenged by inconsistent interoperability standards, insufficient IT spending, and gaps in staff training.","Willingness to integrate EMR into daily practices; training materials (videos, virtual events); physician/nurse/allied health adoption rates increasing 2020–2021",Varying interoperability standards across vendors; EMRAM maturity assessment; cloud-based EMR implementation; HL7 standards and ICD/CPT codes; IT security and closed-loop procedures,January 2021 mandatory EMR policy; Nabidh HIE platform; DHA regulatory actions to unify standards; COVID-19 pandemic as driver; governance and licensing frameworks,Leadership meetings with hospital executives; DHA vendor guidance and roadmaps; strategic IT investment allocation; change management in transition from paper to electronic data
I405,R0181,Evaluating Health Care Professionals' Readiness for e-Health Adoption in the Context of the COVID-19 Pandemic: A Georgian Perspective.,2024,Telemedicine journal and e-health : the official journal of the American Telemedicine Association,10.1089/tmj.2023.0590,PubMed,abstract,Survey/cross-sectional,Y,Y,Y,,3,"U, T, I",Computer literacy and digital skills; Awareness and understanding of e-Health terminology; Willingness to engage in IT training; Patient data security concerns; Informed consent and ethical considerations,"Healthcare professionals in Georgia show mixed readiness for e-Health adoption, with varying computer literacy levels (69% intermediate/advanced), limited e-Health conceptual clarity, and concerns about data privacy and informed consent that require tailored education and terminology standardization.","Computer literacy (31% experts, 69% intermediate/advanced); Interest in IT training (59%); Telemedicine awareness; Willingness to learn",Patient data security concerns; System reliability and data privacy awareness,Informed consent requirements; Ethical considerations; Integration into Georgian healthcare system; Data privacy regulations,
I406,R0193,Development and Implementation of an Integrated Standard e-Prescription Model in Alignment with Iranian National EHR.,2024,Studies in health technology and informatics,10.3233/SHTI240077,PubMed,abstract,Framework/policy analysis,,Y,Y,Y,3,"T, I, O","Technical standards (openEHR, ISO13606); institutional policy and insurance organization leadership; interoperability architecture; workflow alignment","Iran's national e-prescription system succeeded through alignment of technical standards (openEHR/ISO13606 APIs), institutional policy shifts (insurance organizations leading), and integrated EHR architecture enabling secure data exchange.",,openEHR and ISO13606 standards; APIs for secure data transfer; data warehouse integration; ICEHR architecture,Ministry of Health involvement; insurance organizations as lead implementers; financial considerations driving adoption; national policy framework,Pilot testing with MOHME; workflow redesign from paper to electronic; standardized API development; data consolidation governance
I407,R1199,Overcoming Electronic Medical Records Adoption Challenges in Saudi Arabia.,2024,Cureus,10.7759/cureus.53827,PubMed,fulltext,Systematic review,Y,Y,Y,Y,4,"U, T, I, O",User acceptance and digital literacy; System interoperability and technical infrastructure; Privacy and security concerns; Policy and regulatory frameworks; Organizational change management and cultural alignment,"EMR adoption in Saudi Arabia requires integrated strategies addressing technical, financial, human, cultural, and policy barriers, with particular emphasis on user-friendly systems, comprehensive training, culturally-sensitive change management, and robust security frameworks aligned with Vision 2030 objectives.",Nurses' perceptions of usefulness and ease of use; English literacy and computer skills; Training and educational programs; User-friendly system design; Digital health literacy,System reliability and infrastructure; Interoperability and data exchange standards; Integration with telehealth and PHR systems; Information management capabilities; Trust in system quality,Vision 2030 healthcare objectives; National eHealth Strategy; Policy frameworks for digital health; Regulatory requirements; Leadership and governance structures,Change management strategies; Organizational resistance; Leadership commitment; Stakeholder engagement; Resource allocation and implementation planning
I408,R0863,"Development and implementation of an electronic health record system for use in humanitarian emergencies, disaster response, and conflict zones.",2025,PLOS global public health,10.1371/journal.pgph.0003124,PubMed,fulltext,Case study,Y,Y,Y,Y,4,"U, T, I, O",System usability and ease of use by clinicians of diverse backgrounds; offline/online technical infrastructure flexibility; data security and patient privacy protections; iterative user feedback integration; low-cost volunteer-driven governance model,"The fEMR system successfully achieved adoption across 60 deployments in 11 countries by balancing clinical efficiency with robust security, demonstrating that open-source, user-centered design enables eHealth implementation in resource-limited humanitarian settings.",Ease of use by providers of different clinical/technical backgrounds; simple interface design; adaptability to diverse clinical scenarios; self-building concept-dictionary to accommodate provider terminology variation,Offline/online dual deployment capability; closed intranet architecture without internet; cryptographically-verified quantum ledger database for data integrity; portable hardware in carry-on suitcase; open-source architecture via Github,Compliance with HIPAA and host-nation regulations; data ownership and deidentification protocols; coordination with government ministries and UN entities; ethical review and non-human subjects classification,Iterative development via academic institution partnerships; annual prioritization of technical features based on user feedback; volunteer core team and student developers; post-deployment debriefing meetings; word-of-mouth and conference-based dissemination
I409,R1477,Assessment of implementation challenges of electronic medical record in Yekatit 12 hospital medical college.,2025,PloS one,10.1371/journal.pone.0329896,PubMed,fulltext,Mixed-methods,Y,Y,Y,Y,4,"U, T, I, O",Poor project management; Low user acceptance; Lack of training and follow-up; Less eye contact with clients; Slow EMR system performance,"EMR implementation challenges at a teaching hospital are predominantly driven by poor project management, inadequate training, low user acceptance, and workflow disruptions, despite staff holding favorable perceptions of EMR benefits.",Low user acceptance (55%); Lack of training and follow-up (38%); Staff knowledge and perception; Willingness to use system (82.8%); 45% had no prior training,Slow EMR system (45%); System downtime (82.8% reported significant impact); Power interruptions; Difficulty accessing data and laboratory results,Loss of privacy concerns (33.2%); Lack of management support implied in project management failures; Need for organizational change management; Governance and multidisciplinary coordination,Poor project management (62%); Lack of leadership commitment; Inadequate change management; Need for multidisciplinary team involvement; Insufficient resourcing for implementation
I410,R0823,Development and implementation of a digital health intervention in routine care for long COVID patients: a comprehensive synopsis.,2025,Health and social care delivery research,10.3310/GJHG0331,PubMed,abstract,Mixed-methods,Y,Y,Y,Y,4,"U, T, I, O",Clinician and patient acceptance; system integration into clinical pathway; agile methodology and multidisciplinary team composition; medical record integration barriers; user engagement design,"Digital health interventions for long COVID can be developed and deployed rapidly using agile methodology with multidisciplinary teams, achieving high registration rates (78.5%) when addressing unmet clinical need, though medical record integration remains a significant organizational barrier to clinic adoption.",Clinician acceptance; patient engagement with remote app and messaging; user requirement elicitation; reluctance to adopt digital solutions overcome by urgent need,Clinician-facing dashboard; two-way messaging system; patient-facing app; medical record integration challenges; system stability and safety considerations,Integration into NHS clinical pathways; deployment across 33 NHS clinics; addressing unmet demand during pandemic; policy context of remote care delivery,Agile methodology; multidisciplinary team including industry partner; rapid development and deployment; project management bringing together all user groups; leadership and resourcing enabling quick implementation
I411,R0796,"Health care professionals intention to use digital health data hub working in East Gojjam Hospitals, Northwest Ethiopia: Technology acceptance modeling.",2025,PloS one,10.1371/journal.pone.0322460,PubMed,fulltext,Survey/cross-sectional,Y,,,,1,U,Perceived usefulness; Perceived trust; Attitude; Perceived ease of use; Perceived risk,"42.31% of health professionals have low intention to use digital health data hubs; perceived usefulness, trust, and attitude are significant positive determinants of adoption intention.",Perceived usefulness (β=0.576); perceived trust (β=0.116); attitude (β=0.143); perceived ease of use; information-sharing practice,,,
I412,R0817,Barriers and facilitators to the implementation of a new European eHealth solution (SurPass v2.0): the PanCareSurPass Open Space study.,2025,Journal of cancer survivorship : research and practice,10.1007/s11764-023-01498-8,PubMed,fulltext,Qualitative study,Y,Y,Y,Y,4,"U, T, I, O",Lack of LTFU care coordination; HCP knowledge gaps on late effects; system integration uncertainty; data protection and access control concerns; organizational readiness and change management,"Implementation of the digital SurPass v2.0 eHealth system faces multifaceted barriers spanning clinical workflow integration, interoperability with existing health information systems, ethical/legal frameworks around data access, and organizational capacity, alongside facilitators including standardized care protocols and psychosocial support design features.",HCP lack of knowledge about long-term effects; CCS awareness and engagement with LTFU care; usability concerns for patients; training and change management needs,System integration with national/European health systems; automatic data transfer between SurPass and hospital information systems; data format compatibility; system updates and maintenance,Data protection regulations; uncertainty about secondary use of data; legal frameworks for patient access rights; insurance company access restrictions; ethical governance of sensitive information,Lack of LTFU care coordination between centres; absence of standardized LTFU protocols; organizational context and network cooperation; leadership alignment on implementation strategy; resource allocation for IT support
I413,R1478,"""We are doing it together, don't worry"" - A qualitative study on the implementation of electronic medical records in German hospitals.",2025,"Zeitschrift fur Evidenz, Fortbildung und Qualitat im Gesundheitswesen",10.1016/j.zefq.2024.11.009,PubMed,abstract,Qualitative study,Y,Y,Y,Y,4,"U, T, I, O",Contextual adaptation; stakeholder co-production; end-user participation and training; integration into daily routines; continuous Plan-Do-Check-Act cycle,"Five critical preconditions—adaptation, co-production, end-user participation, workflow integration, and continuous review—are necessary for successful EMR implementation in German hospitals, with participation, communication, and support being fundamental to avoid resistance.",End-user participation; training and close support; end-user resistance; acceptance of relative advantages,EMR system alignment with clinical context; integration into daily work processes,Contextual characteristics; social context considerations,"Implementation team composition (nursing, IT, medical, pharmaceutical); stakeholder involvement across professional groups, departments, and hierarchical levels; change management; Plan-Do-Check-Act cycle; continuous review and adjustment"
I414,R0420,A realist review of factors critical for the implementation of eHealth in chronic disease management.,2025,BMC health services research,10.1186/s12913-025-12361-0,PubMed,fulltext,Realist review,Y,Y,Y,Y,4,"U, T, I, O",Digital literacy and usability; Provider training and engagement; Organizational context and workflow integration; Policy and regulatory frameworks; Patient-provider engagement and trust,"eHealth implementation for chronic disease management is driven by complex context-mechanism-outcome configurations involving individual digital literacy, organizational workflows, provider training, policy alignment, and patient engagement rather than technology attributes alone.",Digital literacy barriers; ease of use; user motivation; patient-provider trust; perceived usefulness; clinician acceptance,Technology interoperability; system fragmentation; integration with clinical pathways; peripheral device functionality; data exchange standards,Policy and regulatory frameworks; funding mandates; fee-for-service reimbursement models; NHS fragmentation; streamlined regulatory processes,Team-based care model; program use; change management; stakeholder engagement; implementation strategy tailoring; leadership support
I415,R0741,Interoperability of Health Information Systems in Low and Middle-Income Countries (LMIC): Implementation of Cluster Care System.,2025,Studies in health technology and informatics,10.3233/SHTI250736,PubMed,abstract,Framework/policy analysis,,Y,Y,Y,3,"T, I, O",Standardized data exchange architecture; Digital infrastructure investment; Policy and governance frameworks; System scalability and security; Fragmented legacy system integration,"A modular cluster-based architecture with standardized interoperability standards (Enterprise Service Bus, Master Patient Index) can address HIS fragmentation in LMICs when coupled with infrastructure investment and governance alignment.",,Cluster Enterprise Service Bus; Master Patient Index; HL7/FHIR-compliant data exchange; system interoperability standards,Standardized policies; governance frameworks; collaborative multi-stakeholder efforts; regulatory alignment across clusters,Infrastructure scalability; implementation barriers mitigation; project governance; resource allocation for digital transformation
I416,R0769,Implementation research logic model in the design and execution of eHealth innovations for maternal and newborn healthcare in Ethiopia.,2025,Health research policy and systems,10.1186/s12961-024-01259-8,PubMed,fulltext,Case study,Y,Y,Y,Y,4,"U, T, I, O",Healthcare provider acceptance and digital literacy; System usability and workflow integration; Infrastructure and technical readiness; Policy alignment and stakeholder engagement; Leadership and change management support,"The Implementation Research Logic Model effectively guided identification of 35+ implementation barriers/facilitators and development of 17+ mitigation strategies for eHealth adoption across urban, peri-urban, and remote maternal-newborn healthcare settings in Ethiopia.",HCP acceptability and feasibility assessment; training and hands-on competency; workflow fit with clinical decision support,"System usability evaluation; network infrastructure (LAN, Wi-Fi); ADHERE tool functionality and interoperability; eDecision support system",National eHealth strategy alignment; MCH guidelines and policy documents; stakeholder engagement workshops; outer setting factors,Implementation team structure and roles; supervision and technical support systems; iterative strategy modification; co-creation activities
I417,R0047,Examining implementation outcomes in health information exchange systems: A scoping review.,2025,Journal of biomedical informatics,10.1016/j.jbi.2025.104782,PubMed,abstract,Scoping review,Y,Y,Y,Y,4,"U, T, I, O",Adoption barriers and facilitators; interoperability standards and technical integration; organizational readiness; implementation outcome measurement frameworks,"Implementation outcomes in HIE systems are inconsistently defined and evaluated across studies, with adoption most frequently reported but fidelity and penetration rarely measured, indicating need for standardized implementation science frameworks.",Adoption; user acceptance factors,Interoperability technologies; information exchange across disparate systems; technical integration,Policy frameworks; evaluation standards; regulatory requirements for large-scale implementation,Implementation outcome measurement; project implementation stages; organizational readiness; change management strategies
I418,R1574,Perceived benefits and barriers of medical doctors regarding electronic medical record systems in an Indian private-sector healthcare facility.,2025,BMC health services research,10.1186/s12913-025-12877-5,PubMed,fulltext,Survey/cross-sectional,Y,Y,Y,Y,4,"U, T, I, O",Staff shortages and resistance; lack of IT personnel; insufficient funding; unreliable internet infrastructure; lack of management support,"93% of doctors supported EMRS implementation, but perceived major barriers in staffing (56%), IT personnel (58%), financial constraints (44%), and organizational readiness, requiring tailored strategies for private-sector adoption in resource-limited settings.",Staff resistance (52% major barrier); staff competency concerns (51%); lack of trainers; mixed attitudes on time-saving benefits (46% agreed),Unreliable internet access (42% major barrier); software/hardware incompatibilities (37%); system update concerns; finding convenient system (39%),Concerns about confidentiality breaches (31% major barrier); electronic signature regulations (29%); legal acceptability of EMRS (26%),Lack of IT personnel (58% major barrier); staffing shortages (56%); lack of management support (46%); time management challenges (29%); lack of coordination (48%)
I419,R0605,Exploring electronic health record systems implementation in primary health care centres in Saudi Arabia: pre-post implementation.,2025,Frontiers in medicine,10.3389/fmed.2025.1502184,PubMed,fulltext,Cross-sectional/Pre-post design,Y,Y,Y,Y,4,"U, T, I, O",User readiness and attitudes; training and technical support mechanisms; perceived usefulness and system usability; organizational support and leadership engagement; cultural and contextual factors,"End-user attitudes toward EHRS implementation in Saudi PHCs vary over time, with high perceived usefulness post-implementation (96.6% endorsement) but persistent dissatisfaction regarding training, technical support, and time burdens on less experienced users.",Perceived usefulness; user attitudes; computer skills; training readiness; acceptance of system; digital literacy needs,System usability; technical support mechanisms; system reliability; ease of use; workflow integration,National e-health strategy; Ministry of Health prioritization; policy mandates; funding allocation (4 billion SAR); healthcare system context; cultural and organizational considerations,Organizational support and engagement; change management; training provision; leadership involvement; end-user involvement in implementation process; project management at scale
I420,R0046,25 Years of Electronic Health Record Implementation Processes: Scoping Review.,2025,Journal of medical Internet research,10.2196/60077,PubMed,fulltext,Scoping review,Y,Y,Y,Y,4,"U, T, I, O",Government and policy role; vendor involvement; communication and relationships; training and support; implementation cost and timeline; organizational characteristics,"EHR implementation is a complex, time-consuming process requiring attention to compliance, collaboration, competence development, and cost management across 25 years of practice.",Training provision; staff support; user relationships; communication channels,System interoperability; infrastructure requirements; vendor technical engagement,Government mandate; policy frameworks; regulations; HITECH Act; external deadlines and political considerations,Leadership involvement; change management; project timelines; resource allocation; organizational size and location; procurement arrangements
I421,R1569,Perception and barriers to electronic medical record use among physicians and nurses in General Hospitals in Lagos State.,2025,African health sciences,10.4314/ahs.v25i3.20,PubMed,fulltext,Survey/cross-sectional,Y,Y,Y,,3,"U, T, I","Infrastructure deficiency (computers, power, internet); Hardware/software failure; Healthcare worker perception; Clinical workflow fit; Training and technical support","Despite predominantly positive EMR perception among physicians and nurses in Lagos general hospitals (98.6%), significant technical and infrastructural barriers including insufficient computers, inconsistent power supply, hardware failures, and poor internet connectivity impede adoption and utilization.",Positive perception of EMR usability (52.5% found system easy to learn); Concerns about workflow disruption (31.9% preferred EMR alongside paper records); Cultural acceptability concerns among older generation (37.9%),Insufficient computers (90.8%); Hardware/software failure (85.7%); Poor internet connectivity (84.7%); Inconsistent power supply (87.0%); System reliability issues,Policy framework supporting EMR adoption in Lagos State general hospitals (16 of 28 hospitals using EMR); Ministry of Health Digital Health Unit involvement; Government secondary care delivery mandate,
I422,R0569,Bridging Data Silos in Oncology with Modular Software for Federated Analysis on Fast Healthcare Interoperability Resources: Multisite Implementation Study.,2025,Journal of medical Internet research,10.2196/65681,PubMed,fulltext,Case study,,Y,Y,Y,3,"T, I, O",HL7 FHIR interoperability standard; modular pipeline architecture; federated analysis framework; pseudonymization integration; multi-site system heterogeneity,"A modular data transformation pipeline successfully converted oncological RWD across 6 hospitals into HL7 FHIR format for federated analysis, preserving privacy while enabling multi-institutional research without centralizing patient data.",,HL7 FHIR mapping; oBDS-to-FHIR conversion; interoperability standards; Kafka pipeline; data schema harmonization; Apache Spark; DataSHIELD OPAL database,German cancer registry law (Bundeskrebsregisterdatengesetz); ethics approvals; data protection compliance; pseudonymization requirements; federated privacy-preserving approach,Modular architecture design; Docker containerization; Kubernetes deployment; GitHub distribution; multi-site coordination; software standardization across 6 university hospitals
I423,R0627,"Unveiling practical insights of eHealth implementation in Europe: a grey literature review on legal, ethical, financial, and technological (LEFT) considerations.",2025,Frontiers in digital health,10.3389/fdgth.2025.1575620,PubMed,fulltext,Scoping review,,Y,Y,Y,3,"T, I, O","Legal/regulatory compliance (GDPR, EHDS); Financial sustainability and reimbursement mechanisms; Technological interoperability and data exchange standards; Organizational accountability and responsibility frameworks; Stakeholder involvement and cross-sector collaboration","eHealth implementation in Europe faces interrelated LEFT barriers requiring coordinated cross-sector efforts in legal frameworks, sustainable financing, IT infrastructure standardization, and enhanced stakeholder collaboration.",,Interoperability issues; national IT infrastructure limitations; data exchange standards; system reliability,GDPR compliance; European Health Data Space (EHDS); legal/ethical frameworks; regulatory clarity on accountability; government policy; funding mandates,Lack of clear accountability structures; business model gaps; insufficient reimbursement mechanisms; need for actionable implementation documentation; stakeholder engagement
I424,R0268,Revisiting the rural and urban divide in hospital health information technology adoption: Evidence from 2023.,2025,The Journal of rural health : official journal of the American Rural Health Association and the National Rural Health Care Association,10.1111/jrh.70100,PubMed,fulltext,Survey/cross-sectional,Y,Y,Y,Y,4,"U, T, I, O",Geographic location (rural vs. urban); hospital bed size; teaching designation; health system affiliation; hospital control type,"Rural hospitals lag significantly behind metropolitan hospitals in adopting advanced HIT functionalities including telehealth, patient engagement tools, and health information exchange capabilities, despite pandemic-era policy efforts to narrow the urban-rural digital divide.",,FHIR-based interoperability standards; electronic data query and exchange capabilities; API-configured apps for medical record access,"Pandemic-era federal policy waivers (CARES Act, telehealth expansion); reimbursement barriers; policy initiatives to close HIT adoption gap",Hospital leadership and system affiliation; resource constraints in under-resourced hospitals; implementation barriers in critical access hospitals (CAHs)
I425,R0633,Development and implementation of an interoperable local health information exchange platform for the attainment of universal health coverage in the Philippines.,2025,Frontiers in digital health,10.3389/fdgth.2025.1650273,PubMed,fulltext,Case study,Y,Y,Y,Y,4,"U, T, I, O",Technical interoperability standards (HL7 FHIR); institutional governance and policy alignment; organizational change management and multi-sector collaboration; data integration and elimination of silos; digital health literacy and hands-on training,"SMILHIS demonstrated that LGUs can successfully implement standards-based local health information exchange platforms that reduce data duplication, improve referral coordination, and strengthen both technical capability and governance for universal health coverage.",Hands-on implementation experience; multi-sector collaboration; enhanced digital health governance; human resource capacity building,HL7 FHIR standards; interoperable patient/provider/facility registries; secure data exchange; real-time dashboards; standards-based integration layer; compliance with NHDR/NHDD/PHCDI frameworks,Republic Act 11223 (UHC Act 2019); alignment with national government digital health standards; DOH policy mandates; federated governance model supporting local autonomy; open-source approach to reduce vendor lock-in,Multi-site pilot implementation (3 LGUs); modular architecture enabling local customization; leadership support from local government units; project management across geographically dispersed networks
I426,R0309,Human factors and systems simulation methods to optimize peri-operative EHR design and implementation.,2025,"Advances in simulation (London, England)",10.1186/s41077-025-00349-z,PubMed,fulltext,Quality improvement,Y,Y,Y,Y,4,"U, T, I, O",Usability and human factors alignment with clinical workflows; systems simulation to identify latent safety threats; interprofessional team engagement; EHR customization testing prior to go-live; change management and staff training,"Two cycles of usability testing and in situ simulations using human factors methods identified 475 recommendations to improve EHR safety, efficiency, and usability before implementation, uncovering critical issues and workflow misalignments in the peri-operative setting.",Usability testing with end users across roles; workflow alignment; user feedback integration; staff anxiety and adoption concerns; interprofessional team participation; psychological safety in testing,EHR build customization; system interface design; concurrent documentation capabilities; medication administration workflows; avatar functionality for clinical documentation; system reliability and responsiveness,Quality improvement framework; institutional support from IT and simulation programs; change-based needs assessment; pre-implementation governance and planning,"Project team composition (IT, simulation, EHR analysts, frontline clinicians); external human factors consultancy; change management cycles (PDSA); implementation timeline and phasing; leadership engagement from multiple departments"
I427,R0308,Lower electronic health record adoption and interoperability in rural versus urban physician participants: a cross-sectional analysis from the CMS quality payment program.,2025,BMC health services research,10.1186/s12913-024-12168-5,PubMed,fulltext,Survey/cross-sectional,Y,Y,Y,Y,4,"U, T, I, O",Rural geography; small practitioner status; health professional shortage area location; extreme hardship designation; practice size and resources,"Rural physicians have significantly lower EHR adoption rates (OR 0.79) and interoperability scores compared to urban counterparts, driven by structural barriers including limited resources, workforce constraints, and geographic disadvantages.","Digital literacy gaps, workforce shortages in rural settings, practice capacity constraints","Infrastructure limitations, internet connectivity challenges, certified EHR product availability, health information exchange capability disparities","MACRA/MIPS mandates, Promoting Interoperability program requirements, extreme hardship exemptions, federal policy impact on rural versus urban settings","Practice size and financial constraints, small practitioner status, facility-based versus hospital-based delivery models, resource availability for implementation"
I428,R0544,A structured framework to improve usability in EHR implementation: a user-centered case study in Brazilian mental healthcare.,2025,Frontiers in digital health,10.3389/fdgth.2025.1676631,PubMed,fulltext,Case study,Y,Y,Y,Y,4,"U, T, I, O",User interface usability and navigation; System integration with external tools; Data security and LGPD compliance; Workflow customization and flexibility; User training and digital literacy,"A structured user-centered design framework addressing usability barriers, integration gaps, and security concerns can enhance EHR adoption and effectiveness in mental healthcare contexts through iterative prototyping and stakeholder engagement.",Interface intuitiveness; navigation complexity; user satisfaction; digital literacy variation; workflow fit for mental health professionals,System integration with external systems; data exchange capabilities; infrastructure reliability; encryption and multi-factor authentication; interoperability with third-party solutions,LGPD compliance; data privacy regulations; policy alignment; security protocols; legal framework alignment,Change management through iterative design; stakeholder engagement; design-driven implementation; prototype testing and validation; multidisciplinary collaboration
I429,R0728,Trending in the right direction: critical access hospitals increased adoption of advanced electronic health record functions from 2018 to 2023.,2025,Journal of the American Medical Informatics Association : JAMIA,10.1093/jamia/ocae267,PubMed,abstract,Survey/cross-sectional,,Y,Y,Y,3,"T, I, O",Hospital type/size (CAH vs. non-CAH); FHIR interoperability standards; clinical data analytics capability; patient engagement functionality; policy support for resource-constrained facilities,"Advanced EHR functionality adoption increased substantially among critical access hospitals from 2014–2023, narrowing gaps with non-CAHs, though disparities persist in clinical data analytics and FHIR-based functions.",,FHIR bulk export; clinical data analytics; electronic data viewing/downloading; clinical notes access,Policy programs to support CAHs; policymaker attention to adoption gaps,Hospital size/resource constraints; organizational capacity for advanced functionalities
I430,R1531,"Health professionals' readiness for and factors influencing electronic medical record systems implementation in Southern Oromia, Ethiopia, 2024: a cross-sectional study.",2025,Frontiers in digital health,10.3389/fdgth.2025.1531315,PubMed,fulltext,Survey/cross-sectional,Y,Y,,,2,"U, T",Younger age; personal computer ownership; adequate computer skills; high computer literacy; knowledge of EMR system; favorable attitude towards EMR,"60.4% of health professionals expressed readiness for EMR implementation, with readiness significantly associated with younger age, computer ownership, digital skills, literacy, EMR knowledge, and positive attitudes.","Younger age, adequate computer skills, high computer literacy, favorable attitude towards EMR, knowledge of EMR system, personal computer ownership","Computer availability at office, internet access, IT support staff, standby generator",,
I431,R0758,Factors influencing clinician performance post-electronic health record implementation: an empirical analysis in Moroccan hospitals.,2025,BMC health services research,10.1186/s12913-025-12438-w,PubMed,fulltext,Survey/cross-sectional,Y,Y,,Y,3,"U, T, O",Clinician satisfaction; System quality; Organization; Information quality; IT service quality,"Clinician satisfaction is the strongest determinant of clinician performance post-EHR implementation (β=0.5), followed by organizational factors (β=0.28) and system quality (β=0.17), while environmental factors have no significant impact.",System ease of use and learning; User satisfaction with accuracy and system expectations; Clinician perception of usefulness and job performance impact,"System quality (ease of use, ease of learning); Information quality (relevance, completeness, accuracy); IT service quality (responsiveness, reliability, technical competence)",,Top management support; Supervisor assistance; Peer influence; Organizational conditions affecting clinician satisfaction
I432,R0767,Accelerating European electronic health record exchange format (EEHRxF) implementation across Europe: a policy perspective.,2025,Frontiers in medicine,10.3389/fmed.2025.1648170,PubMed,fulltext,Framework/policy analysis,Y,Y,Y,Y,4,"U, T, I, O",Technical specifications stability and governance; Industry fragmentation and resource constraints; Regulatory compliance scope clarity; Implementation model selection (decentralized vs. centralized vs. hybrid); Stakeholder coordination and capacity building,"Successful EEHRxF implementation across Europe requires coordinated action across all dimensions—harmonized technical specifications with predictable lifecycle, reduced industry fragmentation via a neutral Standards and Policy Hub, clear regulatory scope, appropriate implementation models, and sustained stakeholder engagement and digital health literacy.","Digital health literacy promotion; stakeholder engagement and training resources; adoption kits for citizens, healthcare professionals, and procurers; patient empowerment via Yellow Button concept","HL7 FHIR specifications for priority data categories; European interoperability software components; logging components; standards harmonization via CEN, HL7 Europe, IHE-Europe; X-Bundle registry; specification lifecycle management",EHDS Regulation (March 2025 entry into force); Article 30(1) EHR system compliance mandates; implementing acts deadline (March 2027); phased applicability 2029–2035; Member State obligations; EU funding (Horizon xShare Project GA 101136734),"European EEHRxF Standards and Policy Hub as neutral coordination point; hybrid implementation models; EU-funded project governance (Xt-EHR, xShare, XpanDH); community of excellence for interoperability leaders; SME and provider support with guidance and funding"
I433,R0339,Leadership's role in conflict management during health information technology adoption decisions: qualitative study.,2025,"Leadership in health services (Bradford, England)",10.1108/LHS-11-2024-0138,PubMed,abstract,Qualitative study,Y,Y,Y,Y,4,"U, T, I, O",Leadership conflict management strategies; Resource constraints; Organizational culture and networks; Bureaucratic structure; Stakeholder acceptance,"Hospital leadership uses servant leadership and process/content/motivational controls to manage HIT-related conflicts, with resource constraints and organizational culture shaping conflict complexity and implementation timelines.",Stakeholder acceptance; servant leadership; motivational controls,HIT complexity; system reliability; integration challenges,Resource constraints; regulatory/policy environment; organizational governance,Leadership conflict management; change management strategies; project decision-making; implementation delays
I434,R1467,"Electronic medical record (EMR) pre-deployment assessment for adoption readiness, acceptability, and associated factors at Hiwot Fana comprehensive specialized university hospital.",2025,BMC medical informatics and decision making,10.1186/s12911-025-03169-3,PubMed,fulltext,Survey/cross-sectional,Y,Y,Y,Y,4,"U, T, I, O",Male sex; good computer literacy; good knowledge of EMR; favourable attitude towards EMR; direct engagement with patient care (negative),"Only 52.58% of healthcare providers showed readiness to adopt EMR, with male sex, digital literacy, knowledge, and positive attitude as positive determinants, while direct patient-care engagement was negatively associated.",Digital literacy (48.89% adequate); knowledge of EMR (83.78% good); attitude towards EMR (55.53% favourable); acceptability (52.09%); staff training needs; usability concerns,EMR system design; technical readiness assessment; technology capacity; infrastructure requirements; system reliability,Government EMR deployment mandate; policy framework for national EMR; regulatory standards; funding by USAID/Digital Health Activity; institutional ethics approval,"Leadership support; organizational readiness (9 domains assessed: management capacity, finance, operational capacity, technology capacity, organizational alignment); change management; project implementation strategy; capacity building prioritized"
I435,R0103,Status of Digital Health Technology Adoption in 5 Vietnamese Hospitals: Cross-Sectional Assessment.,2025,JMIR formative research,10.2196/53483,PubMed,fulltext,Survey/cross-sectional,,Y,Y,Y,3,"T, I, O","Technical infrastructure maturity; International standards adoption (HL7, DICOM); Institutional policy frameworks (Vietnam HIT Maturity Model); Hospital IT staffing and capacity; System integration and interoperability capabilities","Five major Vietnamese public hospitals have widely adopted HIS, LIS, and RIS-PACS systems but face barriers in EMR implementation, clinical decision support, and data interoperability despite adoption of international standards like HL7 and DICOM.",,HL7 standards compliance; DICOM adoption; system interoperability gaps; data exchange infrastructure; clinical data repository limitations,Vietnam HIT Maturity Model alignment; national digital health strategy; MoH policy requirements; institutional governance and IT department capacity,IT department staffing ratios (8-50 per 1000 beds); hospital tier and teaching status; system implementation and management practices; change management for paperless transition
I436,R1465,An exploratory study of electronic medical record implementation and recordkeeping culture: the case of hospitals in Indonesia.,2025,BMC health services research,10.1186/s12913-025-12399-0,PubMed,fulltext,Qualitative study,Y,Y,Y,Y,4,"U, T, I, O",Staff digital literacy and training; Technological infrastructure and internet connectivity; Regulatory mandates and national policy; Organizational readiness and recordkeeping culture; Geographic/regional development disparities,"EMR adoption in Indonesian hospitals is significantly influenced by recordkeeping culture and organizational readiness, with Java hospitals showing proactive engagement driven by better infrastructure and training, while Sulawesi hospitals adopted primarily for regulatory compliance, revealing critical gaps in digital literacy and infrastructure across regions.",Low digital literacy among staff; Staff training programs; Healthcare professionals' skills in EMR management; Cultural resistance to change from paper-based systems,Inconsistent internet connectivity; Technological infrastructure differences; Data security and privacy concerns; System reliability and integration challenges,"Government mandate for transition to electronic records by December 31, 2023; National health insurance scheme reforms; Regulatory requirements driving adoption; Legal and regulatory requirements shaping recordkeeping practices",Organizational readiness assessment; Leadership support and institutional values; Change management in hospital operations; Recordkeeping culture framework; Geographic variations in implementation approach
I437,R1007,Implementing a Cross-Border Next-Generation Personal Health Record in the Philippines and Taiwan: An Implementation Case Report Using Health Level 7 International Fast Healthcare Interoperability Resources.,2025,JMIR formative research,10.2196/56272,PubMed,fulltext,Implementation case study,,Y,Y,Y,3,"T, I, O",Technical interoperability standards (FHIR/IPS alignment); regulatory/policy frameworks (21st Century Cures Act); data standardization requirements; cross-border governance and stakeholder engagement; security architecture (OAuth 2.0/SMART on FHIR),"Health insurance data from Taiwan (MHB) and Philippines (CF4) can be mapped to international IPS standards via FHIR, with MHB covering 82.4% and CF4 covering 70.6% of IPS sections, requiring standardization of medical devices, social history, and advanced directives for robust cross-border PHR implementation.",,FHIR mapping to IPS sections; HL7 standards alignment; OAuth 2.0/SMART on FHIR security architecture; data element interoperability; IPS standardized format,21st Century Cures Act encouragement; regulatory updates needed; policy frameworks for cross-border data exchange; national adoption strategy; multiphase stakeholder engagement,Multiphase implementation approach; pilot testing in both countries; stakeholder engagement strategy; data standardization protocols; privacy and security protocol development
I438,R0404,Toward successful eHealth adoption in long-term care: Insights from a national survey of healthcare professionals.,2025,Digital health,10.1177/20552076251376283,PubMed,fulltext,Survey/cross-sectional,Y,Y,,Y,3,"U, T, O",HCP motivation and autonomy; knowledge and training gaps; infrastructure and ICT support; perceived value and usability; organizational implementation barriers,"HCPs in long-term care are autonomously motivated to adopt eHealth but face barriers in underutilized applications due to limited knowledge, poor ICT infrastructure, and lack of training support.","Autonomous motivation (RAI 4.3); limited knowledge of robotics/VR (61-70%); usability concerns with complex applications; perceived added value of websites, video calling, EPR",ICT infrastructure limitations; technical complexity barriers; integration of web portals and electronic patient records; reliability of monitoring technologies,,Organizational support and education needs; change management strategies; implementation barriers; workforce training and competence development; organizational decision to deploy specific applications
I439,R1048,Exploring the impact of an electronic health record implementation on user experiences across clinical programmes in a large Canadian community hospital: a qualitative study.,2025,BMJ open,10.1136/bmjopen-2024-095771,PubMed,fulltext,Qualitative study,Y,Y,Y,Y,4,"U, T, I, O",User interface design and customization; Workflow integration and fit; Communication and collaboration features; Training and skill level; Organizational implementation strategy,"EHR implementation impacts vary significantly across clinical programmes within a single hospital system; customization, iterative codesign, and consideration of diverse programme-specific needs are essential for seamless integration and minimizing user friction.",User training variation; perceived ease/difficulty with transition; information overload from messaging; role-specific interface differences; digital literacy and experience with prior EHRs,Centralized records across multiple sites; electronic messaging and communication features; flowsheets and prepopulated templates; integration challenges with external partners lacking Epic; interface complexity hindering task completion,Configuration decisions by working groups; organizational structure and governance; implementation during COVID-19 pandemic; policies around customization and iterative design,Leadership involvement in implementation; change management approach; iterative codesign with staff; resourcing for training and support; project management across diverse clinical programmes
I440,R1053,"Advancing Care Team Adoption of Electronic Health Record Systems for Cancer Symptom Management: Findings From a Hybrid Type II, Cluster-Randomized, Stepped-Wedge Trial.",2025,JCO oncology practice,10.1200/OP.24.00280,PubMed,fulltext,Mixed-methods,Y,Y,Y,Y,4,"U, T, I, O",Perceived acceptability; Perceived appropriateness; Professional role; Care team location; Feasibility perception,"Oncology care teams reporting higher baseline acceptability and appropriateness of EHR systems had significantly greater odds of adopting EHR functionalities at 3 months, with adoption rates varying by professional role and healthcare setting.",Clinician acceptability; Perceived appropriateness; Professional role differences (oncologists vs. nurses); Staff perception of fit and relevance,EHR-embedded symptom management systems; Best Practice Alerts; Symptom data visualization in EHR; Integration with patient-reported outcomes,"Implementation strategies (practice facilitation, audit and feedback); Clinical champion training; NCI funding mandate; Stepped-wedge trial design",Practice facilitation; Clinical champions as local facilitators; In-person and virtual informational sessions; Site visits for troubleshooting; Change management through multifaceted implementation bundle
I441,R0152,Digital Health Technology Adoption Among Chinese Physicians: Latent Profile Analysis and Cross-Sectional Study.,2025,Journal of medical Internet research,10.2196/77840,PubMed,fulltext,Survey/cross-sectional,Y,,Y,Y,3,"U, I, O",Perceived usefulness; Self-efficacy; Workflow integration; Organizational support and training; Occupational stress and work satisfaction,"Latent profile analysis identified five distinct physician adoption profiles (Negative, Neutral, Reform-Conservative, Reform-Adaptable, Positive) with significant variation by demographics, occupational stress, and work satisfaction, demonstrating heterogeneous adoption patterns requiring tailored implementation strategies.",Perceived utility; Ease of use; Self-efficacy; Digital literacy; Technophobia; Mental models of clinical workflows; Hedonic motivation; Security concerns,,Policy-driven digital health transformation (Healthy China 2030); Regulatory environments; Institutional support systems; Training and technical assistance,Organizational support; Institutional implementation status; Hospital grade (Level-II vs Level-III); Change management; Pilot programs; Tailored intervention strategies
I442,R0236,A Conceptual Framework for a Successful Adoption of Digital Health Systems in Developing Countries.,2025,Studies in health technology and informatics,10.3233/SHTI250742,PubMed,abstract,Mixed-methods,Y,Y,Y,Y,4,"U, T, I, O",Leadership and regulatory frameworks; Infrastructure gaps; Workforce capacity building; Cultural resistance; Organizational memory,"Successful DHS adoption in developing countries requires context-specific solutions addressing the complex interplay of leadership, infrastructure, capacity, cultural, and organizational factors.",Workforce limitations; cultural resistance to change; capacity building; digital literacy,Infrastructure gaps; poor infrastructure,Regulatory frameworks; political instability; evidence-based practices,Leadership; organizational memory; change management; systemic issues
I443,R1338,Barriers to the implementation of electronic medical records in Northwest Ethiopia.,2025,Health SA = SA Gesondheid,10.4102/hsag.v30i0.3010,PubMed,fulltext,Qualitative study,Y,Y,Y,Y,4,"U, T, I, O",Lack of EMR training; Lack of interoperability and data exchange standards; Power interruption and system slowdowns; Absence of incentives and rewards; Lack of system comprehensiveness,"Health workers in Northwest Ethiopia identified software-related factors (interoperability, comprehensiveness), system-related factors (slowdowns, failures), institutional operational factors (training, infrastructure, incentives), and organizational factors as critical barriers to EMR implementation.",Lack of training on EMRs; shortage of trained human resources; usability and interface design challenges,Lack of interoperability with other systems; system slowdowns and failures; power interruption; incomplete terminologies and diagnostic names; low server memory,Absence of incentives and rewards; system run by funded projects; lack of legal enforcement frameworks,Shortage of human resources; lack of management engagement; insufficient technical support; weak project management
I444,R1084,Barriers to the implementation of large-scale electronic health record systems in primary healthcare centers: a mixed-methods study in Saudi Arabia.,2025,Frontiers in medicine,10.3389/fmed.2025.1516714,PubMed,fulltext,Mixed-methods,Y,Y,Y,Y,4,"U, T, I, O",Resistance to change; Insufficient training and technical support; Poor system interoperability; Infrastructure and connectivity limitations; Leadership turnover,"Large-scale EHRS implementation in primary healthcare centers faces multifaceted barriers spanning user readiness, technical interoperability, institutional policy, and organizational execution, with training, technical support, and infrastructure identified as critical determinants of success.",Resistance to change; insufficient training; low digital literacy; usability concerns; end-user engagement; IT skills deficiency,Poor system interoperability; connectivity limitations; infrastructure inadequacy; unclear software selection criteria; system reliability issues,National eHealth strategy alignment; regulatory compliance with international standards; policy frameworks; funding allocation; regional disparities in resource allocation,Leadership turnover; change management; project management challenges; phased regional deployment strategy; workforce training frameworks; resource allocation for technical support
I445,R1095,"Implementation Status and Usability of Digital Health Interventions Among Health Care Workers and End Users at the Primary Health Care Level in Chandigarh, North India: Cross-Sectional Study.",2025,JMIR formative research,10.2196/69824,PubMed,fulltext,Cross-sectional study,Y,Y,Y,Y,4,"U, T, I, O",Implementation infrastructure and staffing; Technical reliability and glitches; User awareness and digital literacy; Workload burden from dual data entry; Training and support availability,"Government-launched digital health interventions showed variable implementation (25%-90% scores) with effective adoption of eVIN and RCH portals, but poor community awareness except for pandemic apps, while healthcare worker usability was hampered by technical issues and dual data entry workload.",Low community awareness (1%-18.3% except pandemic apps); Digital literacy gaps associated with lower socioeconomic status and education; HCW perceived ease of use (66%) despite technical barriers; Underutilization of help desk/feedback options,"Frequent technical glitches (ANMOL 97% failure); System non-operationality due to technical issues; Infrastructure requirements (DEO positioning, connectivity, power); Data quality validation between registers and portals","Government-launched national programs (NDHM, NHP); Policy-driven DHI implementation at primary health centers under Ayushman Bharat Scheme; Maturity classification of systems; Regulatory framework for DHI deployment",Staffing gaps (DEOs not positioned); Dual data entry workload increasing burden on HCWs; Project management of implementation across 34 HWCs; Training availability and competency gaps; Change management challenges affecting operational status
I446,R1320,Does the integrated electronic medical record system have a positive adoption in community hospital settings?,2025,BMC medical informatics and decision making,10.1186/s12911-025-03283-2,PubMed,fulltext,Survey/cross-sectional,Y,Y,Y,Y,4,"U, T, I, O",EMR use duration; system capability; learning acceptability; user education level; departmental workflow fit,"Integrated EMR adoption in community hospitals was positive, with use duration, system capability, learning acceptability, and behavioral intention significantly predicting favorable attitudes toward adoption.",Education level (postgraduate higher adoption); learning acceptability; user behavioral intention; perceived usefulness and job effectiveness,"System capability (speed, reliability, ease of use); open-source Bahmni platform; infrastructure reliability; phased implementation across modules",Public-private-philanthropic (PPP) model; limited government technical support; national eHealth policy context; regulatory environment in Nepal,Phased implementation strategy (18–24 months); departmental rollout sequence; sustained system operationalization (12+ months); hospital management structure
I447,R0158,Assessing the landscape of digital health implementation for data services in Cameroon.,2025,Digital health,10.1177/20552076251395551,PubMed,fulltext,Mixed-methods,Y,Y,Y,Y,4,"U, T, I, O",Governance and policy support; Technical interoperability with DHIS2; Formal training and digital literacy; Infrastructure and system adoption; Leadership and coordination,"Cameroon faces critical gaps in digital health implementation, with 85% unaware of policies, 86.7% reporting inadequate policy support, and 45% experiencing interoperability challenges between systems and DHIS2.",Formal training uptake (63.3%); awareness of DHIS2 (80%); digital literacy among staff,Interoperability challenges with DHIS2 (45%); system integration; HL7/standards alignment; infrastructure reliability,Absence of governing policy framework; lack of national digital health guidelines (85% unaware); policy support disparities by level; regulatory environment gaps,"Governance structures across four health system levels; leadership awareness; coordination between sectors (private, NGO, government); implementation strategy gaps"
I448,R0414,INTEROPERABILITY IN PERUVIAN BLOOD BANKS: PERCEPTION AND CHALLENGES FOR THE IMPLEMENTATION OF AN INTEGRATED INFORMATION SYSTEM.,2025,Georgian medical news,,PubMed,abstract,Survey/cross-sectional,Y,Y,Y,Y,4,"U, T, I, O",Professional acceptance of interoperable systems; Network infrastructure adequacy; Budget constraints; Current system fragmentation; Centralized database governance,"97% of Peruvian blood bank professionals support implementing an interoperable information system, but adoption barriers include insufficient network infrastructure (43%) and budget constraints (31%), with only 22% currently having interconnected systems.",Professional acceptance (97% support); perceived need for traceability; workflow efficiency concerns,Network infrastructure insufficiency (43%); system interconnection status (22%); centralized database technical requirements,Policy recommendations needed; donor traceability governance; transfusion safety regulation,Budget constraints (31%); implementation feasibility; resource allocation across public/social security/private sectors
I449,R0196,Assessing the Fidelity of Electronic Health Record Implementation Using SatuSehat Platform in Indonesia.,2025,Studies in health technology and informatics,10.3233/SHTI251128,PubMed,abstract,Other,Y,Y,Y,Y,4,"U, T, I, O",Submission compliance rates; facility type disparities; regional variation; monitoring and support mechanisms; threshold targets,"SatuSehat implementation revealed significant fidelity gaps across facility types and regions, with submission compliance declining from 58% to lower rates when targets increased, indicating need for targeted support and stronger governance.",Facility capacity to meet submission requirements; workflow integration challenges,Data interoperability standards; platform reliability; encounter and diagnosis data exchange,Mandatory submission deadlines; national policy targets; regulatory thresholds,Monitoring systems; targeted support strategies; implementation oversight across facility types and regions
I450,R1189,Facilitators and Barriers to the Implementation of Digital Health Technologies in Hospital Settings in Lower- and Middle-Income Countries Since the Onset of the COVID-19 Pandemic: Scoping Review.,2025,Journal of medical Internet research,10.2196/63482,PubMed,fulltext,Scoping review,Y,Y,Y,Y,4,"U, T, I, O",Continuous on-the-job training; Digital literacy and skills of patients; Awareness of health care professionals regarding DHTs; Concerns about accuracy of diagnosis/treatment; Cross-infection prevention capability,"In LMICs hospitals, telemedicine and hospital information systems are most frequently implemented, with facilitators centered on training and disease prevention while barriers reflect gaps in digital literacy, professional awareness, and diagnostic trust.",Patient digital literacy and skills; Healthcare professional awareness; Positive previous experiences; End-user perceptions and concerns about diagnostic accuracy,Health information systems; Electronic medical records; Telemedicine infrastructure; System reliability and integration,Policy frameworks for LMICs; Regulatory requirements; Post-pandemic health system strengthening mandates,Continuous on-the-job training; Hospital management support; Implementation strategy in university and public hospitals; Change management during pandemic response
I451,R1233,"Qualitative Study of the Context of Health Information Technology in Sepsis Care Transitions: Facilitators, Barriers, and Strategies for Improvement.",2025,Journal of the American Medical Directors Association,10.1016/j.jamda.2025.105606,PubMed,fulltext,Qualitative study,Y,Y,Y,Y,4,"U, T, I, O",EHR integration and interoperability; Alert fatigue and clinical decision support; Problem list consistency and utilization; Information transfer mechanisms; Workflow alignment and staff behavior,"HIT plays a central role in sepsis care transitions by facilitating identification, documentation, and communication, but fragmented EHR systems, alert fatigue, and inconsistent problem list use create critical barriers to timely post-discharge care coordination.",Alert fatigue reducing clinician responsiveness; Staff preferences for narrative notes over structured documentation; Clinician hesitancy with problem list features,Non-integrated EHR systems requiring dual navigation; Lack of bidirectional communication between acute and post-acute settings; Missing structured data fields for sepsis documentation; Messaging systems scattered across platforms,Financial incentives for adoption; Policy requirements for sepsis documentation; Regulatory frameworks affecting care transitions; Policymaker promotion of interoperable systems,Problem list as optional activity within workflows; Leadership and administrator decision-making on EHR implementation; Care coordinator roles in scheduling and communication; Change management for adoption of sepsis protocols
I452,R1243,"Perceptions of and barriers to health information exchange use among emergency medicine and inpatient internal medicine clinicians in the Atlanta, Georgia metropolitan region.",2025,JAMIA open,10.1093/jamiaopen/ooaf131,PubMed,fulltext,Survey/cross-sectional,Y,Y,,Y,3,"U, T, O",Unavailability of needed information; workflow integration and time burden; ease of reordering tests; usability of HIE systems; clinician awareness and training,"While 80.4% of clinicians reported daily HIE use, major barriers to optimal utilization include information unavailability (66.4%), time burden on patient care (45.5%), and preference for reordering tests (31.6%), suggesting that implementation alone is insufficient without addressing workflow and data completeness issues.",Ease of use perception (53.2% found enterprise HIE easy to use vs 91% for EMR); clinician satisfaction with available technology (49.8% satisfied); awareness gaps about HIE availability (11.7% cited lack of awareness),Information unavailability across systems (66.4% barrier); gaps in accessible data types (only 40.7% could access specialist visit information); interoperability issues with advance directives (only 13.4% could access); state-based HIE usability (14.9% found it easy to use),,Workflow integration barriers (45.5% reported HIE adds time to patient care); implementation of duplicate testing protocols; change management for specialty-specific use patterns (EM vs IM differences in access patterns)
I453,R0421,"Evaluating Clinical Staff Perceptions of EHR Usability, Satisfaction, and Adaptation to a New EHR: A Multisite, Pre-Post Implementation Study.",2025,Applied clinical informatics,10.1055/a-2701-4543,PubMed,fulltext,Survey/cross-sectional,Y,Y,Y,Y,4,"U, T, I, O","Perceived usability (Quality of Work Life, Perceived Usefulness, Perceived Ease of Use, User Control); Cognitive support and situational awareness; Clinical role and specialty; Implementation support (training, helpdesk, leadership)","After EHR implementation, clinical staff perceptions of quality of work life, perceived usefulness, and user control improved, while perceived ease of use and cognitive support declined, with significant variation by clinical role and specialty.",Perceived usefulness; user control; quality of work life; perceived ease of use; clinical role differences (OPs vs RNs); specialty differences (Emergency Medicine vs Critical/Intensive Care),Cognitive support and situational awareness; system reliability and control; transition from multiple legacy systems to unified EpicCare platform,Implementation timing and phasing; organizational transition (merger of two AMCs into single EHR instance); policy context of integrated healthcare system,Leadership assessment; training and education provision; helpdesk and support resources; information dissemination; change management across clinical roles and settings
I454,R0870,Implementation of a complex eHealth intervention by a public-private partnership in clinical practice: a qualitative multicentre analysis using CFIR.,2025,Health education research,10.1093/her/cyaf001,PubMed,fulltext,Qualitative study,Y,Y,Y,Y,4,"U, T, I, O",PPP governance and role clarity; IT integration and infrastructure; implementation strategy adaptability; stakeholder communication and planning; staffing and dedicated leadership,"Successful implementation of complex eHealth interventions by PPPs requires comprehensive approach addressing combined expertise, transparent role definition, sufficient staffing, clear goal communication, and adaptable strategies tailored to PPP dynamics.",Healthcare provider support; user training; workflow streamlining; patient engagement with reward ecosystem,IT integration challenges; digital infrastructure; Personal Health Application features; telerehabilitation platform reliability,"Healthcare policies; organizational alignment; external funding (Heart Foundation, ZonMw); regulatory environment; COVID-19 impact on service delivery",PPP leadership structure; role definition and responsibilities; project management; staffing levels; implementation strategy modification; communication within teams; decision-making responsibilities
I455,R1385,Facilitators and challenges of using eHealth for primary health care delivery during disasters: a qualitative study of health care providers' perceptions and experiences.,2025,BMC primary care,10.1186/s12875-025-03089-1,PubMed,fulltext,Qualitative study,Y,Y,Y,Y,4,"U, T, I, O",Health network infrastructure; Health information system (SIB) functionality; HCP capacity and training; mHealth capabilities; Community engagement; Intersectoral collaborations,"Strengthening health information systems, improving technical infrastructure, fostering intersectoral collaborations, empowering healthcare providers, and increasing community engagement are essential facilitators for resilient eHealth-supported primary health care delivery during disasters.",HCP capacity; trained health workers; health provider acceptance and experience,Health network infrastructure; SIB system integration; mHealth two-way communication; technical challenges; system reliability,National health system adaptability; intersectoral collaborations; policy frameworks for disaster response; governance structures,Senior and mid-level management; change management during COVID-19 response; leadership support for protocol adoption; project implementation during emergencies
I456,R0352,Provider Adoption of an Online Attention Deficit Hyperactivity Disorder eHealth Care Application.,2025,Applied clinical informatics,10.1055/a-2562-1161,PubMed,abstract,Survey/cross-sectional,Y,Y,Y,Y,4,"U, T, I, O",EHR integration; provider age; practice size; Medicaid patient proportion; recredentialing status,"EHR integration of eHealth software was the strongest predictor of provider adoption across account activation, patient registration, and quality improvement cycle completion.",Provider age; recredentialing timing; awareness through word-of-mouth and professional affiliation,EHR integration; software accessibility within existing EHR systems,Medicaid patient population; socioeconomic patient demographics; professional affiliation networks,Practice size; recruitment strategies; account activation rates; Plan-Do-Study-Act cycle completion
I457,R1612,Advancing Digital Health: Strategies for Implementation and Management,2025,"2025 International Conference on Intelligent and Innovative Technologies in Computing, Electrical and Electronics (IITCEE)",10.1109/IITCEE64140.2025.10915449,IEEE,abstract,Mixed-methods,Y,Y,Y,Y,4,"U, T, I, O",Staff training; Connectivity infrastructure; Digital Health Incentive Scheme awareness; Change management communication; Organizational readiness,"Low adoption of Scan and Share system in Karnataka hospitals driven by training gaps, technical connectivity issues, and insufficient awareness of financial incentives, addressable through targeted training and communication strategies.",Limited training; Low awareness of incentive scheme; Staff readiness,Connectivity issues; System reliability,Digital Health Incentive Scheme (DHIS); Policy awareness; Regulatory alignment with ABDM mandate,Targeted training programs; Improved communication; Change management; Hospital-level implementation strategy
I458,R0913,Implementation and ethical issues of an eHealth-facilitated integrated care model in stem cell transplantation: A qualitative process evaluation study.,2025,Digital health,10.1177/20552076251336859,PubMed,fulltext,Qualitative study,Y,Y,Y,Y,4,"U, T, I, O",Clinician and patient acceptance of standardized procedures; eHealth usability and remote monitoring functionality; care coordination practices; organizational leadership and implementation strategy; ethical frameworks for technology deployment,"A transdisciplinary process evaluation using implementation science and applied ethics identified implementation and ethical challenges across individual, intervention, inner setting, and outer setting factors, leading to 17 implementation strategies to improve eHealth-facilitated integrated care adoption in stem cell transplantation.",Clinician and patient perceptions of standardized procedures; perspectives on care coordination; patient compliance and engagement with interventions; acceptance of eHealth tools,"eHealth functionality (SMILeApp, SMILeCare monitoring system); remote patient monitoring capabilities; data recording and transfer mechanisms; system reliability for clinical decision-making",Ethical frameworks (principlism); governance of technology deployment; ethical approval processes; policy considerations for integrated care models; legal and regulatory compliance,Leadership commitment to implementation; change management through APNs; project management across multicenter settings; resource allocation for staff training and technology; iterative software development with agile methodology
I459,R0243,Adoption of Machine Learning in US Hospital Electronic Health Record Systems: Retrospective Observational Study.,2025,Journal of medical Internet research,10.2196/76126,PubMed,fulltext,Retrospective observational study,Y,Y,Y,Y,4,"U, T, I, O",Hospital ownership (not-for-profit vs for-profit); Hospital size (large vs small); Health system affiliation; EHR vendor type (leading vendors); Metropolitan location,"ML adoption in US hospital EHR systems is significantly influenced by organizational resources and strategic priorities, with not-for-profit, large, system-affiliated hospitals using leading EHR vendors showing substantially higher adoption rates, raising concerns about digital inequities.",Staff readiness; organizational culture; IT staffing capacity,EHR vendor capability; system compatibility; technical maturity; infrastructure readiness,Health system affiliation; regulatory oversight; policy context; geographic/environmental enablers,Hospital size; ownership structure; leadership support; financial resources; organizational structure; teaching status
I460,R1607,Towards Federated Health Information Exchange Architecture in Indonesia: Design and Implementation,2025,2025 International Conference on Information Management and Technology (ICIMTech),10.1109/ICIMTech67074.2025.11264924,IEEE,abstract,Case study,,Y,Y,Y,3,"T, I, O",HL7 FHIR standards adoption; federated architecture design; national platform alignment; governance strategies; regional integration,A federated HIE architecture using HL7 FHIR standards and multi-level governance enables real-time bidirectional data exchange across fragmented EHR systems in low- and middle-income countries.,,HL7 FHIR interoperability standards; registry services; business services layer; point-of-service to national integration; standards-based data exchange,national platform alignment (SATUSEHAT); governance strategies; national priorities; policy-aligned scalable model,"iterative prototyping; scenario-based testing; multi-level architecture (point-of-service, regional, national); piloting in Jakarta and East Java; design science methodology"
I461,R0939,Identifying and Optimizing Factors Influencing the Implementation of a Fast Healthcare Interoperability Resources Accelerator: Qualitative Study Using the Consolidated Framework for Implementation Research-Expert Recommendations for Implementing Change Approach.,2025,JMIR medical informatics,10.2196/66421,PubMed,fulltext,Qualitative study,Y,Y,Y,Y,4,"U, T, I, O",Stakeholder engagement; Innovation design and fit; Needs assessment; Local contextual conditions; Access to knowledge and information; Partnerships and connections; Organizational capability; Work infrastructure,"Eight key CFIR influencing factors were identified for FHIR accelerator implementation, mapped to five ERIC strategy clusters (adapt to context, develop stakeholder relations, support participants, train stakeholders, and use iterative evaluation) to optimize adoption of interoperability standards.",Stakeholder engagement; clinician and consumer participation; digital health experience; training and education needs,FHIR standards implementation; interoperability design; technical infrastructure; data exchange capabilities,Policy and regulatory context; federal budget initiatives; governance structures; institutional alignment,Program leadership and management; change management strategies; project delivery and coordination; organizational partnerships and collaboration
I462,R1387,Acceptance of Electronic Medical Records and Associated Factors Among Health Care Workers in Northwest Ethiopia: Cross-Sectional Study.,2025,JMIR medical informatics,10.2196/72030,PubMed,fulltext,Survey/cross-sectional,Y,Y,Y,Y,4,"U, T, I, O",System usability; Work experience over 10 years; Personal computer ownership; EMR-specific training; Perceived ease of use; Perceived usefulness,"System usability is the strongest predictor of EMR acceptance among health care workers, with 73% demonstrating good acceptance when combined with longer work experience, prior training, and access to personal computers.",Perceived usefulness; Perceived ease of use; User motivation; Health worker competence and confidence; Job satisfaction and intention to stay,System usability; Interface design; Data integration; System reliability and automation; Interoperability challenges,Change management strategy; Ministry of Health recommendations; Policy on data generation and use; Strategic planning for EMR implementation; Incentives and performance rewards protocol,Leadership support for EMR rollout; Training provision (EMR-specific and basic HMIS/DHIS2); Implementation planning; Resource access; Organizational readiness
I463,R0885,Impact of the Saudi Health Sector Transformation Program (SHSTP): A Mixed-Methods Evaluation of Patient-Centered Care and Digital Health Adoption.,2025,"Healthcare (Basel, Switzerland)",10.3390/healthcare13222968,PubMed,fulltext,Mixed-methods,Y,Y,Y,Y,4,"U, T, I, O",Digital literacy; Hospital clustering/structural integration; Physician role/engagement; Workforce stability; Change management investment,"Clustered hospitals implementing SHSTP demonstrate significantly higher patient satisfaction, care coordination, digital engagement, and follow-up compliance compared to non-clustered hospitals, with digital literacy and physician involvement as key predictors of success.","Digital literacy (β=4.03, p=0.047); physician role engagement (β=19.92, p<0.001); patient satisfaction (87.6% vs 75.0%); workflow integration challenges; clinician acceptance of telemedicine/Sehat app","EMR adoption; telemedicine usage (0.53 vs 0.30, p<0.05); Sehat app usage (0.55 vs 0.26, p<0.05); electronic health records; technology adoption score; system interoperability",Hospital clustering as structural reform; performance-based contracting; public–private partnerships; Vision 2030 national framework; SHSTP policy mandate; government incentives for integrated care networks,"Hospital clustering implementation; change management; workforce development and stability; care coordination (PCCI 89.4 vs 69.7, p<0.001); project resourcing; leadership engagement in SHSTP rollout"
I464,R0118,Bringing Interoperability into Action: Adoption of Health Terminology Standard in Indonesia.,2025,Studies in health technology and informatics,10.3233/SHTI250806,PubMed,abstract,Case study,,Y,Y,Y,3,"T, I, O","Terminology standard selection (SNOMED CT, LOINC, ICD); local context adaptation; interoperability implementation guides; platform architecture","Indonesia's SATUSEHAT platform adopts international terminology standards with significant local adaptation, revealing tensions between standardization and contextual relevance.",,SNOMED CT for clinical data; LOINC for laboratory data; ICD-10/ICD-9 CM; local terminology standards; semantic interoperability; data exchange standards,National health information exchange platform (SATUSEHAT); published interoperability implementation guides,Platform implementation; multi-use case deployment; standards adoption strategy
I465,R1428,Integration of Screening and Referral Tools for Social Determinants of Health and Modifiable Lifestyle Factors in the Epic Electronic Health Record System: Scoping Review.,2025,Journal of medical Internet research,10.2196/73615,PubMed,fulltext,Scoping review,Y,Y,Y,Y,4,"U, T, I, O","Leadership support and clinical champions; Clinician time and workflow efficiency; Device and staff availability; SDOH screening tool standardization; EHR module usability (MyChart, Best Practice Advisories)","Integration of SDOH and modifiable risk factor screening in Epic EHR is increasingly adopted across US health settings, with implementation success dependent on clinical leadership, workflow optimization, and standardized tool selection, though barriers include time constraints and resource limitations.",Clinician acceptance; workflow fit; MyChart patient acceptance; training needs,"Epic modules (MyChart, Best Practice Advisories); PRAPARE screening tool integration; EHR data exchange; system reliability",Leadership support; policy mandates for equitable health services; regulatory standardization of SDOH domains; incentive structures,Dedicated clinical champions; well-defined roles; change management; workflow modifications; implementation strategies; project resourcing
I466,R0952,Ambient listening implementation in primary care and changes in electronic health record documentation metrics: Pre-post study of an ambient listening tool.,2025,Digital health,10.1177/20552076251403211,PubMed,fulltext,Pre-post study,Y,Y,,Y,3,"U, T, O",Physician adoption rates; ease of integration into existing EHR workflow; time savings in documentation; note quality metrics; voluntary adoption model,Ambient listening technology achieved rapid adoption (15% to 50% in 8 weeks) among primary care physicians and reduced documentation time by 18.6% per note while increasing note length by 5.4%.,Rapid voluntary adoption; widespread physician uptake; integration into existing Epic EHR workflow,Integration with Epic Haiku/Canto EHR apps; AI-enabled summarization and note structuring; Epic Signal metrics for tracking adoption and documentation time,,"Phased rollout strategy (proof-of-concept, pre-pilot, pilot, full rollout); practice leadership invitation model; voluntary adoption by all physicians after week 38"
I467,R1459,Constructing a Digital Bridge: A Systematic Review Assessing Electronic Medical Record and Telehealth Implementation for Neurosurgery in Uganda.,2025,World neurosurgery,10.1016/j.wneu.2025.124048,PubMed,abstract,Systematic review,Y,Y,Y,Y,4,"U, T, I, O",Technical infrastructure reliability; training and competency; systemic operational limitations; human resource capacity; community engagement,"EMR and telehealth adoption in Ugandan neurosurgery is constrained by infrastructure inefficiencies and training deficits, with telehealth particularly vulnerable to human resource limitations and EMR to systemic barriers.",Technical competency deficits; training investment; workforce limitations; digital literacy,Infrastructure inefficiencies; infrastructure reliability; technological gaps; system reliability,Systemic limitations; policy and scalability frameworks; sustainability requirements,Operational limitations; implementation strategy; resource allocation; change management for low-resource settings
I468,R0130,Reframing EHR Policy in China: Towards Balanced Implementation and Ethical Foundations.,2025,Journal of evaluation in clinical practice,10.1111/jep.70273,PubMed,fulltext,Framework/policy analysis,,Y,Y,Y,3,"T, I, O","Policy instrument type (authority, nodality, organization, economic tools); governance structure and policy coordination; institutional development and organizational frameworks; policy objective alignment","Authority tools dominate China's EHR policy (36.88%), particularly for healthcare quality and innovation, but balanced integration of multiple policy instruments with stronger ethical and equity objectives is needed for effective implementation.",,Data interoperability; system reliability; functional sophistication,"Central government mandates; policy instruments (authority, nodality, organization, economic); legal frameworks; health equity safeguards",Institutional development; organizational coordination; government role optimization; synergistic application of policy tools; change management through coordinated policy implementation
I469,R0954,Impacts on quality of care following electronic health record implementation within a large Canadian community hospital: a qualitative study.,2025,BMJ open,10.1136/bmjopen-2024-097646,PubMed,fulltext,Qualitative study,Y,Y,Y,Y,4,"U, T, I, O",Healthcare provider training and support; Workflow integration and system usability; Organizational culture shift and buy-in; Leadership and change management; COVID-19 pandemic context,"EHR implementation improved care quality and patient safety through better information management and clinical guideline adherence, but success depended on providers' ability to integrate the system into workflows, adequate training, and organizational support during implementation.",Training adequacy; super-user mentoring; system usability challenges; learning curve; workflow fit; staff acceptance during COVID-19,Single integrated instance replacing fragmented systems; real-time communication; electronic clinical decision support; mobile device documentation; information accessibility and visibility,Working groups for configuration decisions; organizational policy adaptation; incentives for system adoption; governance structures across three hospital sites,Leadership support; change management strategies; project management during pandemic; resource allocation for training; cultural adaptation to new routines
I470,R0257,Preparing the workforce for the non-linear implementation of health information technology.,2025,Healthcare management forum,10.1177/08404704251345739,PubMed,abstract,Framework/policy analysis,Y,Y,,Y,3,"U, T, O",Workforce technical competencies; Ongoing education and training; Understanding of healthcare system integration; Professional development strategies; Clinical knowledge organization systems,Workforce preparation combining technical competencies with understanding of integrated healthcare system components is critical for non-linear health IT implementation success.,Ongoing education and training; understanding system integration; professional development through universities and vendors; employee comprehension of data ecosystem roles,Clinical knowledge organization systems; data standards; data accuracy and interoperability; AI tool integration,,Title changes; tuition reimbursement; paid time off; increased pay or bonuses; change management through workforce preparation
I471,R0955,Implementation of patient-reported outcome dashboards within the electronic health record to support shared decision-making in serious chronic illness.,2025,BMJ open quality,10.1136/bmjoq-2024-002837,PubMed,fulltext,Case study,Y,Y,,Y,3,"U, T, O","Patient portal engagement and completion rates; Clinician time and workflow integration; Dashboard usability and design; Implementation strategies (training, alerts, reminders); Change management and stakeholder buy-in","An EHR-integrated PRO dashboard for advanced cancer and CKD was clinically appropriate and acceptable, with 77% of patients and 86% of clinicians valuing it for shared decision-making, but sustained engagement required multiple implementation strategies and ongoing support.",Patient portal message reminders; clinician training on dashboard introduction; patient education flyers; telephone reminders; clinician-patient communication support for SDM,EHR integration of PRO dashboard; automated survey invitations and scoring; best practice alerts in patient chart; real-time data visualization; portal accessibility,,Clinician champions (n=6); codesign process with stakeholders; weekly/monthly implementation meetings; continuous quality improvement adaptations; project management over 20 months; clinical research team partnership with clinician leads
I472,R1400,"Nurses' Adoption, Perceived Usability, and Satisfaction with an Updated Electronic Handover Page Within the Electronic Medical Record: A Mixed-Methods Study.",2025,"Nursing reports (Pavia, Italy)",10.3390/nursrep15100369,PubMed,fulltext,Mixed-methods study,Y,Y,Y,Y,4,"U, T, I, O",Perceived usability; nurse satisfaction; workflow fit (need to navigate away); co-design engagement; institutional implementation strategy,"Co-designed EMR handover page update demonstrated improved usability and increased nurse satisfaction, though overall adoption rates did not increase significantly post-update.",Nurse satisfaction with information quality; perceived usability; need to navigate away from page; adoption attitudes; clinical speciality differences,EMR system functionality; interactive view section; automatic population of handover data; page design features reducing navigation,ISBAR framework standardization; organizational handover policy; EMR system-wide implementation; contemporaneous documentation principles; paper-based documentation minimization mandate,Specialist informatics project team; EPIS framework guidance; four-month engagement activities; focus groups and presentations; change management; nurse manager involvement; co-design with nursing staff
I473,R0108,Forecasting the adoption of digital health technologies: The intention-expectation gap.,2025,Evaluation and program planning,10.1016/j.evalprogplan.2025.102670,PubMed,abstract,Survey/cross-sectional,Y,,,Y,2,"U, O",Behavioural intention; Behavioural expectation; Intention-expectation gap; User acceptance; Promotional and educational campaigns,"Behavioural expectation is a stronger predictor of ADHT adoption and use than behavioural intention, and a larger intention-expectation gap correlates with lower initial uptake.",Behavioural intention; behavioural expectation; user acceptance and readiness,,,Educational and promotional campaigns; implementation and adoption planning; scaling strategies
I474,R0589,Lessons Learned From European Health Data Projects With Cancer Use Cases: Implementation of Health Standards and Internet of Things Semantic Interoperability.,2025,Journal of medical Internet research,10.2196/66273,PubMed,fulltext,Framework/policy analysis,,Y,Y,Y,3,"T, I, O","Health standards adoption (HL7 FHIR, DICOM, OMOP-CDM); semantic and technical interoperability; governance frameworks; data quality frameworks; regulatory alignment (AI Act, GDPR)","European cancer data projects require harmonized health standards, governance models, and data quality frameworks aligned with the European Health Data Space and European Interoperability Framework to achieve semantic and technical interoperability.",,HL7 FHIR; DICOM; OMOP-CDM; DCAT-AP; ISO TC 215; W3C DCAT; knowledge graphs; federated approaches; IoT semantic interoperability,European Health Data Space governance; European Interoperability Framework; AI Act compliance; GDPR; regulatory alignment; cross-border policy harmonization,Project collaboration and synergy mechanisms; workshops and knowledge exchange; template design for standards compliance; HSbooster.eu coordination; implementation of recommended standards across six cancer projects
I475,R0536,"Electronic health record use in physiotherapy: adoption, perceived relevance and utilisation patterns-a cross-sectional study.",2026,BMJ health & care informatics,10.1136/bmjhci-2025-101604,PubMed,fulltext,Survey/cross-sectional,Y,Y,Y,Y,4,"U, T, I, O",Adequate time for documentation; Systematic recording for all patients; Multi-professional access to records; Digital literacy; Perceived clinical relevance of documented items,"Physiotherapists report high EHR utilisation (78.3%) but incomplete documentation driven by perceived clinical relevance, with time constraints and standardisation gaps limiting effective implementation and secondary data use.",Digital literacy (86.1%); perceived clinical relevance; intention to use EHR (76.6%); training requirements; workflow integration challenges,Multi-professional access to records (p=0.043); data structure and consistency; standardised terminologies; interoperability barriers; digital format adoption (76.3%),European Health Data Space regulation alignment; national documentation standards; regulatory guidance from professional body; policy frameworks for data standards,Adequate time allocated for documentation (p=0.001); systematic recording practices (p=0.013); change management; project implementation; resource allocation; system design optimisation
I476,R0449,"Accessing the Digital Health Application (DiGA) Market: Key Success Factors, Market Barriers and Strategies for Sustainable Adoption.",2026,"Inquiry : a journal of medical care organization, provision and financing",10.1177/00469580261433432,PubMed,fulltext,Mixed-methods,Y,Y,Y,Y,4,"U, T, I, O",Clinical evidence; Existing professional networks; Awareness at point of care; Regulatory burden; Prescriber access,"Clinical evidence, access to right physicians, and prescriber awareness are core drivers of DiGA adoption, while regulatory burdens and physician unawareness are major barriers to sustainable market success.",Physician awareness; prescriber education; clinical credibility; trust among healthcare professionals,Digital health system integration; evidence-based interventions; mHealth application infrastructure,Regulatory pathways (Fast-Track approval); reimbursement policy; DiGA directory requirements; Digital Healthcare Act; national harmonization of market access,Go-to-market strategies; prescriber access strategies; manufacturer commercialization; professional networks; leadership in DiGA companies
I477,R0543,HeXEHRS: Design and Implementation of a FHIR-Based Cloud EHR and Client for Depopulated Regions with AI and Digital-Twin Integration.,2026,Studies in health technology and informatics,10.3233/SHTI260491,PubMed,abstract,Case study,Y,Y,Y,Y,4,"U, T, I, O","FHIR standards compliance; cloud infrastructure for resource-limited regions; AI/digital-twin integration; workflow support (registration, documentation, ordering, scheduling); JP Core alignment with national policy","A FHIR-based cloud EHR with integrated AI and digital-twin capabilities addresses healthcare delivery determinants in depopulated regions by combining technical interoperability, institutional alignment with Japan's national initiative, organizational implementation via reference architecture, and user-centered workflow design.","Workflow design (registration, documentation, ordering, scheduling); speech recognition; client usability (Svelte implementation); PHR integration",HL7 FHIR R4 standards; JP Core profiles; FHIR cloud server; native validation and terminology services; standards-compliant client,Japan's national scientific infrastructure initiative; JP Core alignment; policy for equitable healthcare in depopulated regions; sustainability focus,Cloud-based architecture; production-grade implementation; reference implementation for Japanese clinics; scalability to nationwide and global contexts
I478,R0393,Africa's Digital Health Revolution: The Digital Fit-Viability Model to Move From Innovation to Scaled Implementation.,2026,Journal of medical Internet research,10.2196/63495,PubMed,fulltext,Framework/policy analysis,Y,Y,Y,Y,4,"U, T, I, O","Digital literacy and device access; Technical infrastructure (electricity, internet, reliability); Task fit and AI bias; Organizational leadership and governance; Economic sustainability and funding models","The digital fit/viability model identifies determinants across user readiness, technical interoperability, institutional alignment, and organizational execution as essential for moving digital health tools from pilot to scaled implementation in sub-Saharan Africa.",Digital literacy levels; device ownership; end-user accessibility assessments; workflow integration with staff,Electricity and internet reliability; cloud infrastructure; offline functionality; hardware durability and local repair capacity; AI dataset representation and bias,National health priorities and policy alignment; legal and ethical frameworks; coordinated national strategies; Ministry of Health integration; regulatory support for infrastructure projects,Leadership support and governance structures; staff turnover and capacity; multidisciplinary team involvement; usability testing; integration with existing systems; blended financing models
I479,R0407,Digital Health Adoption in Laboratory Services in Libya: Patient and Staff Perspectives Using an Extended UTAUT Framework.,2026,Studies in health technology and informatics,10.3233/SHTI260470,PubMed,abstract,Mixed-methods,Y,Y,Y,Y,4,"U, T, I, O",Infrastructure stability; Staff training and support; System integration and interoperability; Patient trust and privacy concerns; Governance and responsibility frameworks,"Digital laboratory result adoption in Libya is constrained primarily by infrastructure reliability, standardization, and governance rather than user willingness, with both patient and staff perspectives revealing interdependent barriers across technical, institutional, and organizational domains.",Patient digital literacy; Staff training gaps; Concerns about misinterpreting results; Preference for faster access,Poor system integration; Power outages; Unstable connectivity; Locally developed or off-the-shelf systems without standardization,Unclear responsibility for releasing results; Privacy and confidentiality protection; Governance frameworks; Regulatory/policy gaps,Partial digitization implementation; Limited organizational support; Change management across public and private laboratories
I480,R0391,"Digital health readiness, technology acceptance, and organisational readiness for nurse-led endocrine care in China.",2026,BMC health services research,10.1186/s12913-026-14779-6,PubMed,abstract,Mixed-methods,Y,Y,Y,Y,4,"U, T, I, O",Digital health training; perceived usefulness and ease of use; organisational support and resources; leadership and implementation vision; exposure to advanced digital tools,"Endocrinology nurses showed positive attitudes towards nurse-led digital care but adoption was constrained by uneven tool exposure, limited structured training, and moderate organisational readiness.",Digital health readiness; technology acceptance; perceived usefulness; perceived ease of use; openness and motivation; digital literacy through training,Exposure to digital tools; telephone follow-up; WeChat communication; video consultations; structured remote monitoring systems,Organisational support; organisational readiness; leadership; shared implementation vision; recognition of digital work in routine care,Recent digital health training; practical training programmes; usable system design; implementation strategy; resource allocation
I481,R0177,"Adoption, barriers and opportunities of interoperability and eHealth standards in Africa: a scoping review.",2026,BMJ health & care informatics,10.1136/bmjhci-2025-101678,PubMed,fulltext,Scoping review,Y,Y,Y,Y,4,"U, T, I, O",Technical capacity and infrastructure; National digital strategies and policy frameworks; Governance and regulatory support; Workforce capabilities and training; Public-private partnerships,"Adoption of eHealth interoperability standards in Africa remains uneven and fragmented, with progress concentrated in countries with established national digital strategies (Uganda, South Africa, Kenya), while common barriers include limited technical capacity, fragmented infrastructure, inadequate regulatory support and weak governance frameworks.",Workforce capabilities; Digital literacy; Staff training needs; Clinician acceptance,HL7/FHIR standards adoption; OpenHIE platforms; Data exchange protocols; Infrastructure fragmentation; Semantic interoperability gaps,National digital health strategies; African Union Digital Health Strategy; Policy alignment; Regulatory frameworks; Legal frameworks for data sharing,Governance structures; Leadership commitment; Change management; Project resourcing; Public-private partnerships; Regional coordination mechanisms
I482,R0350,Understanding digital health technology implementation in rehabilitation and development of the Rehabilitation Technologies Implementation model.,2026,NPJ digital medicine,10.1038/s41746-026-02599-1,PubMed,fulltext,Mixed-methods,Y,Y,Y,Y,4,"U, T, I, O",User digital literacy and support; Technology ease of use and features; Organizational funding and resources; Staff training and willingness; Evidence quality and evaluation,"The RiTe model identifies five integrated domains (Evidence, Technology, Users, Team, Organization) that collectively determine successful implementation of digital rehabilitation technologies in NHS settings.",Digital literacy; service-user beliefs about benefit; staff willingness to use; training and skills; social support for engagement,Ease of use; technology features and suitability; physical environment and connectivity; hardware requirements; user interface clarity,"Funding and procurement processes; policy compliance (information governance, clinical safety); regulatory requirements; institutional support structures",Organizational leadership and resource planning; change management; collaboration between teams; technology provider support; learning from other implementations
I483,R1253,Nurses' Perspective of Barrier Structure and Promotion Strategies for Digital Health Transformation: An Interpretive Structural Modeling Approach.,2026,"Computers, informatics, nursing : CIN",10.1097/CIN.0000000000001470,PubMed,abstract,Qualitative study,Y,Y,Y,Y,4,"U, T, I, O",Organizational culture; Stakeholder collaboration; Nursing acceptance; Infrastructure readiness; Policy alignment,"Organizational culture of nursing plays a fundamental role in digital health transformation, with multilayered barriers requiring coordination across clinical, developmental, and policy levels.",Nursing perspective; staff acceptance; organizational culture,Infrastructure readiness; system reliability,Policy levels; regulatory alignment,Stakeholder collaboration; change management; leadership coordination
I484,R0210,New eHealth Users After COVID-19: Adoption and Resistance in Spain.,2026,"Healthcare (Basel, Switzerland)",10.3390/healthcare14060807,PubMed,fulltext,Survey/cross-sectional,Y,Y,Y,,3,"U, T, I",Age (>65 years as barrier); Digital device use frequency; Education level; Geographic location (rural vs urban); Gender,"eHealth access in Spain increased from 50.2% to 85.4% (2018–2025), with age emerging as the primary barrier in 2025 while frequent digital device use became a key enabler, despite persistent digital divides in older and less-educated populations.",Digital literacy; older adults' concerns about reduced human interaction; gender differences in technological confidence; user empowerment and self-management; perceived usefulness during pandemic necessity,Mobile application adoption (24.4% to 80.2%); smartphone proliferation as entry point; technological competence; digital infrastructure; mHealth platforms,Universal healthcare system with decentralized regional subsystems; General Health Law equity principle; pandemic as systemic shock accelerating digitalization; digital inclusion policy needs; health equity in 21st century redefined to include digital access rights,
I485,R1133,Design and Implementation of a State-Wide Network for Near Real-Time Public Health Surveillance and Research: The Minnesota Electronic Health Record Consortium Experience.,2026,Learning health systems,10.1002/lrh2.70070,PubMed,fulltext,Case study,,Y,Y,Y,3,"T, I, O",Federated data architecture; governance structure and consensus-based decision-making; data standardization and harmonization (OMOP model); funding and sustained resource commitment; multi-stakeholder collaboration and partnerships,"MNEHRC successfully implemented a state-wide EHR consortium serving >90% of Minnesota's population through federated data governance, technical standardization, and institutional alignment with public health agencies and health systems.",,OMOP common data model; privacy-preserving record linkage; secure hash algorithm; federated architecture; data quality assessment tools; standardized mappings across Epic systems,"Governance model with voting members; data use agreements; funding from MDH and CDC; collaboration with state vital statistics, immunization registries, Medicaid; public health surveillance mandate",Executive Committee for day-to-day operations; Administrative Core for coordination and contracts; Technical Assistance Core for data management; 2-year implementation timeline; project-specific appendices and contracting processes
I486,R1079,Interoperability Barriers in the European Health Data Space: A Scoping Review.,2026,Studies in health technology and informatics,10.3233/SHTI260408,PubMed,abstract,Scoping review,,Y,Y,Y,3,"T, I, O","Technical standardization gaps (HL7 FHIR, OMOP adoption); semantic and organizational interoperability barriers; national implementation disparities; legal and regulatory alignment; metadata catalogue absence","EHDS implementation is hindered by persistent technical, organizational, and legal barriers despite regulatory frameworks, with Member States showing inconsistent adoption of interoperability standards.",,HL7 FHIR adoption variability; OMOP implementation inconsistency; EEHRxF standardization; semantic gaps; metadata catalogue deficiency,Regulatory frameworks; legal dimension barriers; Member State coordination gaps; European Health Data Space regulation scope,National implementation disparities; organizational gaps; Member State coordination requirements; standardization strategy prioritization
I487,R1033,Exploring Factors Associated With the Stalled Implementation of a Ground-Up Electronic Health Record System in South Africa: Qualitative Insights From the E-Tick Case Study Using the Consolidated Framework for Implementation Research (CFIR).,2026,JMIR medical informatics,10.2196/73831,PubMed,fulltext,Qualitative study,Y,Y,Y,Y,4,"U, T, I, O","Outer setting factors (funding cuts, political appointments, governance gaps); user engagement and co-design; provincial health department capacity and support; policy alignment; corruption and tender system mismanagement","E-tick implementation stalled despite strong user adoption and co-design due to critical outer setting factors including funding withdrawal, governance instability, and lack of provincial-level institutional support stemming from corruption and capacity gaps.",User adoption; clinician co-design; end-user engagement; iterative development with manager and clinician input,System design for data quality improvement; integration with existing provincial reporting systems; expandability to include diagnosis and lab results,National Digital Health Strategy alignment; provincial health department capacity gaps; political appointments; policy direction; tender system corruption and mistrust,Change of developers; funding cuts; provincial leadership support withdrawal; resistance to leveraging locally-developed systems; top-down versus bottom-up process synergy
I488,R1014,A Complex Digital Health Intervention to Support People With HIV: Organizational Readiness Survey Study and Preimplementation Planning for a Hybrid Effectiveness-Implementation Study.,2026,Journal of medical Internet research,10.2196/76327,PubMed,fulltext,Case study,Y,Y,Y,Y,4,"U, T, I, O","Organizational readiness for change; Provider baseline digital health tool experience; Implementation strategy specification; Framework alignment (RE-AIM, CFIR); Multisite coordination and real-world context adaptation","Prospective hybrid trial planning for complex DHI implementation requires proactive integration of implementation science frameworks and readiness assessment to balance generalizability with internal validity, with organizational readiness scores and provider digital literacy as key preimplementation determinants.",Provider baseline mHealth tool usage; Digital literacy and familiarity with patient-facing components; Organizational readiness commitment and efficacy (ORIC scores: physicians 48.0 vs research assistants 52.5),Multifeature smartphone app architecture; Backend paradata and usage data capture; System interoperability within clinic-embedded context; Integration with existing HIV care workflows,Alignment with DC Cohort Study infrastructure; Ethics review and IRB approval; Mapping to national HIV care guidelines; Hybrid effectiveness-implementation trial design (type II),"18-month preimplementation planning phase; Interdisciplinary team (clinical psychology, program evaluation, implementation research); Iterative framework integration (RE-AIM, CFIR); Implementation strategy step specification; Research assistant role as de facto site implementation leads; Change management and fidelity measurement planning"
I489,R0998,Health Care Worker Perspectives After New Electronic Health Record Implementation in an Oncology Ambulatory Clinic: Qualitative and Quality-Improvement Insights.,2026,JCO clinical cancer informatics,10.1200/CCI-25-00322,PubMed,abstract,Qualitative study,Y,Y,Y,Y,4,"U, T, I, O",Staff training and preparedness; Workflow integration and system usability; Organizational change management and QI response; Clinical communication and safety systems; Peer support and role-specific design,"EHR implementation in ambulatory oncology revealed that staff acceptance and effectiveness depend on comprehensive training, workflow optimization, multidisciplinary change management, and institutional responsiveness to identified safety and efficiency challenges.",Limited training; cognitive overload; peer support; burnout; role-specific needs,Navigation complexity; system integration; multiple programs; imaging delays; order duplication,Regional connectivity; multidisciplinary governance; QI initiatives; institutional responsiveness,Education rounds; working groups; role-specific training; workflow optimization; AI integration
I490,R0985,The Regional Implementation of an Electronic Health Record-Integrated Ambient Scribe in Primary and Secondary Care in England: Real-Time Qualitative Evaluation.,2026,JMIR medical informatics,10.2196/88472,PubMed,fulltext,Qualitative study,Y,Y,Y,Y,4,"U, T, I, O",Workflow integration challenges; clinician adaptation to technology; stand-alone vs integrated system design; organizational readiness for standardization; documentation quality and safety concerns,"Integration pathways present distinct trade-offs: stand-alone systems are easier to adopt but offer limited long-term benefits, while integrated systems require greater effort and standardization yet promise improved efficiency and safety.",Clinician adjustment of speech patterns; patient-clinician interaction quality; technology confidence and openness; note editing burden; workflow fit across primary and secondary care,"EHR integration pathways; template validation across settings; automated note accuracy; system flexibility and interoperability; documentation errors (hallucinations, omissions)",Regulatory oversight needs; procurement strategy alignment; strategic uncertainty in immature market; risk-benefit assessment for health systems,Change management across diverse settings; leadership and project governance; implementation phasing and timeline; organizational standardization requirements; vendor relationship management
I491,R0142,Challenges and facilitators of electronic health record implementation: a scoping review.,2026,International journal of medical informatics,10.1016/j.ijmedinf.2025.106094,PubMed,abstract,Scoping review,Y,Y,Y,Y,4,"U, T, I, O",Leadership and political support; Infrastructure investment; Stakeholder engagement; Adherence to standards (HL7/FHIR/ICD-10); Comprehensive training programs,"EHR implementation success depends on multilevel factors spanning governance, policy, leadership, human resources, infrastructure, and interoperability rather than technology alone.",Comprehensive training programs; stakeholder engagement; skilled personnel,Interoperability issues; infrastructure limitations; standards adherence (ICD-10),Lack of clear policies; weak strategic oversight; governance challenges; policy recommendations; national roadmaps; sustainable funding,Strong leadership and political support; operational guidelines; multi-level collaboration; change management
I492,R0894,"Adoption, digital health literacy, and patient satisfaction of Ayushman Bharat Digital Mission: an analytical cross-sectional study among outpatient department attendees.",2026,BMC health services research,10.1186/s12913-026-14314-7,PubMed,fulltext,Survey/cross-sectional,Y,Y,Y,Y,4,"U, T, I, O",Digital health literacy; Data privacy concerns; Language barriers; Economic constraints (data plan costs); Preference for in-person healthcare,"ABDM adoption remains limited despite operational efficiency, with significant barriers related to digital literacy, privacy concerns, economic constraints, and substantial disparities across gender, age, and education levels.","88% needed training and support; 65.6% difficulty using health apps; 64.0% language difficulties; 58.6% lacked ABDM knowledge despite facility participation; gender, age, educational disparities in digital literacy",81.9% barrier: high data plan costs; technical errors; poor internet connectivity; difficulty understanding digital procedures,Integration with AB-PMJAY scheme; government tertiary care facility implementation; national digital health policy alignment,Limited ABHA registration adoption vs. conventional OPD; need for on-site trained facilitators; multilingual interface simplification; community-based digital literacy programs recommended
I493,R0815,When Tech Meets Touch: Multistakeholder Perspectives and Implementation Strategies for eHealth in Chronic Kidney Disease: A Systematic Review Using Computational Linguistics.,2026,Journal of nursing management,10.1155/jonm/7612011,PubMed,fulltext,Systematic review,Y,Y,Y,Y,4,"U, T, I, O",Stakeholder sentiment and emotional responses; workflow integration and usability; organizational change management; institutional policies and incentives; technical interoperability and infrastructure,"A hybrid computational-qualitative systematic review mapping implementation barriers and facilitators of digital health interventions in CKD management to CFIR domains and ERIC strategies, with sentiment analysis quantifying affective dimensions of stakeholder acceptance.",Clinician acceptance; stakeholder emotional responses; digital literacy; workflow fit; patient empowerment and engagement,System interoperability; technical barriers; infrastructure reliability; data exchange standards; remote monitoring and telehealth platforms,Healthcare policies; regulatory frameworks; funding mandates; institutional governance; incentives for adoption,Change management strategies; leadership support; implementation strategy selection via ERIC; project management; resource allocation
I494,R0794,"Exploring the Dynamics of Actors, Structural Factors, and Bricolage in the Implementation and Sustainability of eHealth Solutions: Qualitative Multiple-Case Study.",2026,Journal of medical Internet research,10.2196/79999,PubMed,fulltext,Qualitative study,Y,Y,Y,Y,4,"U, T, I, O","Actor roles and bricolage capacity; Structural enablers (colocation, supportive management, stable teams, superusers, tailored training); Organizational barriers (silos, leadership shifts, staffing shortages, geographic dispersion); Contextual knowledge and dual expertise","Actors become effective bricoleurs when assigned roles, contextual knowledge, and backstage access enable improvisation in response to unforeseen implementation challenges, with structural conditions either expanding or constraining this adaptive capacity.","Superusers, tailored training, follow-up support activities, informal evaluations, staff acceptance of innovation roles","eHealth solution complexity perceived as challenging, technical infrastructure, integration with existing systems","Policy mandates for eHealth adoption, organizational governance, cross-sectoral collaboration frameworks, regional digitalization strategy alignment","Colocation, supportive management, stable teams, leadership involvement, project management, staffing stability, organizational silos as barriers, high turnover constraints"
I495,R0719,Shoulder-to-shoulder: healthcare professionals' experiences of learning during electronic health record implementation in municipal primary care.,2026,Scandinavian journal of primary health care,10.1080/02813432.2026.2673131,PubMed,fulltext,Qualitative study,Y,Y,Y,Y,4,"U, T, I, O",Formal training alignment with clinical work; peer-based learning and shoulder-to-shoulder support; staffing and time constraints; digital competencies; workplace learning communities,"Peer-based 'shoulder-to-shoulder' learning embedded in everyday work emerged as an adaptive practice essential to EHR implementation success, complementing and sometimes compensating for inadequate formal training in municipal primary care.",Digital competencies; formal training poorly aligned with work; peer support; mutual learning; problem-solving collaboration,System usability; workflow integration; documentation practices; information flow standardization,Regional rollout strategy; Health Platform implementation policy; municipal healthcare structure; training program design by Helseplattformen AS,Leadership support; change management; superuser support structure; staffing levels; resource constraints; implementation coordinator role; department manager involvement
I496,R0661,Feasibility and Implementation of an eHealth Dashboard for the Remote Monitoring of Dutch Patients With Chronic Myeloid Leukemia: Multimethods Approach.,2026,JMIR cancer,10.2196/76096,PubMed,fulltext,Mixed-methods,Y,Y,Y,Y,4,"U, T, I, O",Data integration with EMR; user adoption by patients; workflow integration; data completeness and reliability; perceived added value versus existing systems,"Remote monitoring dashboard for CML shows promise but requires automated EMR integration, improved data completeness, and better clinical workflow alignment before large-scale implementation.",Limited patient app adoption; lack of perceived added value; need for enhanced user training and preparation support,Lack of EMR integration; manual data entry limitations; absence of automated lab data exchange except one hospital; HL7/FHIR interoperability standards being upgraded; additional login procedures required,"Protocol-based care delivery across dispersed facilities; Dutch guidelines for BCR::ABL1 monitoring; regulatory compliance (GDPR, NEN7510); evidence-based CML guideline alignment",HCP involvement in design-thinking development; convenience sampling of 8 HCPs from university and general hospitals; leadership introduction of dashboard; change management through CMyLife team support
I497,R1562,Nurses' Work Satisfaction With Electronic Medical Record Use and Associated Facilitators and Barriers in Palestine.,2026,SAGE open nursing,10.1177/23779608261418586,PubMed,fulltext,Survey/cross-sectional,Y,Y,Y,Y,4,"U, T, I, O",Ease of system use; EMR training; Technical support satisfaction; Age; User-friendliness perception,"Nurses in Palestinian governmental hospitals reported moderate satisfaction (52.1%) with EMR use, with ease of use, training, technical support, and age as significant predictors explaining 23.4% of variance in work satisfaction.",Ease of system navigation; User-friendliness perception; EMR training received; Fear of system disrupting work patterns; Digital literacy concerns,System complexity; Technical support satisfaction; Computer availability; System crashes; System reliability and performance,Healthcare sector challenges from political and financial instability in Palestine; Lack of resources; Staffing shortages; Infrastructure constraints,EMR training provision; Technical support availability; Change management during EMR implementation; Workload and documentation time allocation
I498,R1564,Assessment of the use of electronic medical records system and barriers in Rwanda.,2026,BMC medical informatics and decision making,10.1186/s12911-026-03534-w,PubMed,fulltext,Survey/cross-sectional,Y,Y,Y,Y,4,"U, T, I, O","Infrastructure (electricity, internet); Training and user guides; System reliability and maintenance; Staff capacity and digital literacy; Organizational readiness and resources","District hospitals in Rwanda achieved high EMR adoption (100%), while health centers showed lower utilization (33%), with barriers including infrastructure deficits, inadequate training, system damage, and lack of technical support.",Limited training on EMR use; lack of user guides; staff shortages; preferences for EMRs over paper-based methods; varied digital literacy levels,Internet connectivity challenges; power disruptions; system damage and corrupted files; software glitches; server timeouts; limited computer access,Government support for OpenMRS adoption; policy framework for EMR implementation across health system levels; national ethics committee oversight,Facility-level EMR implementation strategies; leadership engagement with health facility representatives; resource allocation for infrastructure updates; system diversity across facilities
I499,R0608,Incorporating human factors methods into the configuration and implementation of an electronic health record system.,2026,Healthcare management forum,10.1177/08404704251355226,PubMed,abstract,Case study,Y,Y,Y,Y,4,"U, T, I, O",Usability evaluation and human factors integration; Clinical workflow alignment; End-user engagement; Project timeline and resource allocation; Safety optimization,"Systematic incorporation of human factors methods throughout a 7-year EHR implementation identified over 2,000 usability improvements and ensured safety and workflow alignment, though requiring dedicated time and resources in project planning.",Usability evaluations with 400+ clinical end users; workflow fit; clinician acceptance; safety-efficiency optimization,EHR build configuration; technology-related safety risks; system design optimization,Project timeline planning; resource allocation for HF evaluation; implementation governance across 7-year rollout,Human factors team engagement; change management through end-user involvement; project execution strategy; phased implementation across 30 evaluations
I500,R0354,"E-Health implementation in Pakistan: challenges, opportunities, and the path forward.",2026,Frontiers in digital health,10.3389/fdgth.2026.1747740,PubMed,fulltext,Framework/policy analysis,Y,Y,Y,Y,4,"U, T, I, O",Digital infrastructure gaps; workforce digital literacy and training; governance and regulatory misalignment; perceived ease of use and usefulness; stakeholder coordination and funding mechanisms,"E-Health adoption in Pakistan requires integrated sociotechnical transformation addressing policy-practice alignment, digital equity, and user-centered design rather than technology deployment alone.",Low digital literacy among healthcare providers; perceived ease of use barriers; workforce training gaps in EHR and teleconsultation systems; user-centered design deficits,Uneven internet connectivity in rural areas; power supply issues; lack of interoperable health information systems; infrastructure gaps limiting integration and scalability,National Digital Health Framework 2022–2030; fragmented governance across government/private/NGO sectors; weak regulatory frameworks and enforcement mechanisms; limited public health expenditure; data protection and AI governance concerns,"Stakeholder misalignment between government, healthcare providers, technology partners; shortage of coordinated implementation mechanisms; isolated projects lacking systemic integration; inadequate sustained funding for E-Health initiatives"
I501,R0851,ePA4all-Exploring facilitators and barriers to the adoption of the electronic health record in Germany: A study protocol for a mixed-methods analysis.,2026,Digital health,10.1177/20552076251407130,PubMed,fulltext,Mixed-methods,Y,Y,Y,Y,4,"U, T, I, O",Digital health literacy; Privacy and data protection concerns; Usability and workflow integration; Trust in data governance; Administrative burden on healthcare providers,"The study protocol aims to identify structural, organizational, and individual determinants of ePA adoption across patient and healthcare provider perspectives using CFIR framework to inform strategies for successful implementation of Germany's opt-out national electronic health record system.",Digital health literacy; Privacy concerns; Trust in data security; Perceived value and convenience; Patient empowerment and engagement,System interoperability; Telematics infrastructure; Data exchange standards; Usability and interface design; Integration with practice information systems,Opt-out policy mandate; Legal obligations for document upload; Data governance and transparency frameworks; Regulatory requirements; Health insurance coordination,Administrative burden on practices; Workflow integration challenges; Documentation time and cognitive load; Staff training and patient education; Change management strategies
