rec_id,stratum,source_db,title,year,doi,doctype,machine_decision,machine_justification,reviewer_decision,reviewer_corrected_label,reviewer_notes
R0030,A_incl_fulltext,PubMed,Barriers and Facilitators to the Implementation of eHealth Services: Systematic Literature Analysis.,2019,10.2196/14197,"Journal Article; Research Support, Non-U.S. Gov't; Systematic Review",INCLUDE (full text assessed),Systematic literature analysis of barriers and facilitators to adoption/implementation of eHealth services at organizational level; empirical synthesis study directly addressing determinants of eHealth system implementation.,,,
R0043,A_incl_fulltext,PubMed,Adoption of Health Information Technology Among US Nursing Facilities.,2019,10.1016/j.jamda.2018.11.002,"Journal Article; Research Support, N.I.H., Extramural; Research Support, Non-U.S. Gov't",INCLUDE (full text assessed),"Empirical cross-sectional survey of EHR adoption determinants (innovativeness, organizational structure, resources) at organizational level (nursing facilities); directly addresses barriers and facilitators to interoperable health-IT system adoption.",,,
R0061,A_incl_fulltext,PubMed,Adoption factors associated with electronic health record among long-term care facilities: a systematic review.,2015,10.1136/bmjopen-2014-006615,Journal Article; Systematic Review,INCLUDE (full text assessed),"Systematic review of EHR adoption factors (facilitators and barriers) at the organizational level in long-term care facilities, directly addressing determinants of interoperable health-IT system adoption.",,,
R0074,A_incl_fulltext,PubMed,Barriers and opportunities to implementation of sustainable e-Health programmes in Uganda: A literature review.,2017,10.4102/phcfm.v9i1.1277,Journal Article; Review,INCLUDE (full text assessed),Systematic literature review of e-Health implementation barriers and facilitators at national level (Uganda); directly addresses organizational and system-level adoption determinants of health-IT infrastructure.,,,
R0079,A_incl_fulltext,PubMed,Basic electronic health record (EHR) adoption in (**)Türkiye is nearly complete but challenges persist.,2023,10.1186/s12913-023-09859-w,Journal Article,INCLUDE (full text assessed),"Empirical national-level study of EHR adoption determinants and progress in public hospitals across Türkiye, measuring organizational and system-wide adoption using EMRAM with policy and benchmark analysis.",,,
R0083,A_incl_fulltext,PubMed,Electronic health record implementation: how to identify and analyze the possible negative impacts.,2024,10.31744/einstein_journal/2024AO0916,Journal Article,INCLUDE (full text assessed),"Empirical study of EHR implementation at organizational (hospital) level, examining determinants (negative impacts, barriers, criticality classification) and implementation outcomes; directly addresses adoption/implementation of an EHR system.",,,
R0096,A_incl_fulltext,PubMed,Exploring facilitators and barriers of the sustainable acceptance of e-health system solutions in Ethiopia: A systematic review.,2023,10.1371/journal.pone.0287991,Journal Article; Systematic Review,INCLUDE (full text assessed),Systematic review of barriers and facilitators of e-health system adoption at organizational/national level in Ethiopia; empirical studies synthesized; fits PRISMA scope exactly.,,,
R0102,A_incl_fulltext,PubMed,mUzima Mobile Electronic Health Record (EHR) System: Development and Implementation at Scale.,2021,10.2196/26381,"Journal Article; Research Support, Non-U.S. Gov't",INCLUDE (full text assessed),"Empirical study of development and scaled implementation of mUzima, an mHealth extension of OpenMRS (EHR system), across multiple LMICs (Kenya, Rwanda, Uganda, Mozambique); addresses organizational and national-level EHR system adoption, interoperability, and implementation determinants in resource-",,,
R0103,A_incl_fulltext,PubMed,Status of Digital Health Technology Adoption in 5 Vietnamese Hospitals: Cross-Sectional Assessment.,2025,10.2196/53483,Journal Article,INCLUDE (full text assessed),"Empirical cross-sectional assessment of adoption and digital maturity of EHR/EMR, HIS, LIS, RIS-PACS systems across 5 Vietnamese hospitals; examines organizational-level adoption status, barriers (limited EMR, CDR/CDSS implementation, lack of HL7 data sharing), and facilitators (international standa",,,
R0130,A_incl_fulltext,PubMed,Reframing EHR Policy in China: Towards Balanced Implementation and Ethical Foundations.,2025,10.1111/jep.70273,"Journal Article; Research Support, Non-U.S. Gov't",INCLUDE (full text assessed),"Empirical policy analysis of EHR system adoption determinants (barriers, facilitators, policy mechanisms) at national level in China; studies organizational/system-level implementation through policy tool framework.",,,
R0145,A_incl_fulltext,PubMed,Understanding inherent influencing factors to digital health adoption in general practices through a mixed-methods analysis.,2024,10.1038/s41746-024-01049-0,Journal Article,INCLUDE (full text assessed),"Empirical mixed-methods study of adoption barriers and facilitators for digital health systems in general practices (organizational level); examines determinants including GP characteristics, workflow, reimbursement, and training.",,,
R0148,A_incl_fulltext,PubMed,Design propositions for nudging in healthcare: Adoption of national electronic health record systems.,2023,10.1177/20552076231181208,Journal Article,INCLUDE (full text assessed),"Empirical case-study research on determinants (choice architecture, technical, institutional elements) of adoption of national EHR systems across four European countries—directly addresses organizational/national-level EHR adoption.",,,
R0152,A_incl_fulltext,PubMed,Digital Health Technology Adoption Among Chinese Physicians: Latent Profile Analysis and Cross-Sectional Study.,2025,10.2196/77840,Journal Article,INCLUDE (full text assessed),"Empirical cross-sectional study of physician adoption of digital health technologies (DHTs) at organizational level (46 hospitals in China), examining determinants (barriers, benefits, behavioral intention, demographic/occupational factors) of adoption using latent profile analysis.",,,
R0160,A_incl_fulltext,PubMed,Formative Evaluation of the Implementation of eHealth in the Philippines: A Qualitative Study.,2024,10.47895/amp.v58i12.9289,Journal Article,INCLUDE (full text assessed),"Empirical qualitative study of determinants (contextual, process, content factors) influencing eHealth/EMR implementation at organizational level (15 municipalities/cities in Philippines); directly addresses adoption barriers and facilitators.",,,
R0173,A_incl_fulltext,PubMed,Evaluating the E-Health Cloud Computing Systems Adoption in Taiwan's Healthcare Industry.,2021,10.3390/life11040310,Journal Article,INCLUDE (full text assessed),"Empirical study of e-health cloud computing system adoption determinants (barriers, facilitators, success factors) at organizational/national level in Taiwanese healthcare industry using structured decision-making methodology.",,,
R0209,A_incl_fulltext,PubMed,Disparities in Primary Care EHR Adoption Rates.,2016,10.1353/hpu.2016.0016,Journal Article,INCLUDE (full text assessed),"Empirical study of organizational-level EHR adoption determinants (practice size, type, payer mix, community characteristics) across primary care providers in a defined region.",,,
R0232,A_incl_fulltext,PubMed,Healthcare providers' readiness for electronic health record adoption: a cross-sectional study during pre-implementation phase.,2022,10.1186/s12913-022-07688-x,Journal Article,INCLUDE (full text assessed),"Empirical cross-sectional study of healthcare providers' readiness for EHR adoption at organizational level (public hospitals) in Ethiopia, examining determinants (age, computer literacy, attitude, self-efficacy) of adoption in pre-implementation phase.",,,
R0249,A_incl_fulltext,PubMed,Factors affecting the adoption of e-health system in the Kingdom of Saudi Arabia.,2021,10.1093/inthealth/ihaa091,Journal Article,INCLUDE (full text assessed),Empirical study investigating determinants (barriers and facilitators) of e-health system adoption at the national level in Saudi Arabia; addresses organizational/system-level implementation factors.,,,
R0268,A_incl_fulltext,PubMed,Revisiting the rural and urban divide in hospital health information technology adoption: Evidence from 2023.,2025,10.1111/jrh.70100,Journal Article,INCLUDE (full text assessed),"Empirical study of adoption of telehealth, patient engagement, and HIE functionalities across hospitals (organizational level), comparing rural and urban adoption rates with multivariate regression analysis of determinants.",,,
R0308,A_incl_fulltext,PubMed,Lower electronic health record adoption and interoperability in rural versus urban physician participants: a cross-sectional analysis from the CMS quality payment program.,2025,10.1186/s12913-024-12168-5,Comparative Study; Journal Article,INCLUDE (full text assessed),"Empirical cross-sectional study of EHR adoption and interoperability determinants (rural vs. urban disparities, hardship status, practitioner size, HPSA location) at the organizational/system level using national Quality Payment Program data.",,,
R0309,A_incl_fulltext,PubMed,Human factors and systems simulation methods to optimize peri-operative EHR design and implementation.,2025,10.1186/s41077-025-00349-z,Journal Article,INCLUDE (full text assessed),"Empirical quality-improvement study of EHR implementation and design optimization at organizational level (single academic children's hospital), examining adoption barriers/facilitators (usability, workflow integration, safety) through human-factors and simulation methods prior to go-live.",,,
R0322,A_incl_fulltext,PubMed,Factors influencing adoption of eHealth technologies in Ghana.,2019,10.1177/2055207619871425,Journal Article,INCLUDE (full text assessed),"Empirical quantitative study of determinants (institutional characteristics, manager characteristics, performance/effort expectancy) of eHealth technology adoption at organizational level across healthcare centers in Ghana; directly addresses adoption barriers and facilitators with policy recommenda",,,
R0330,A_incl_fulltext,PubMed,Capabilities and Advantages of Cloud Computing in the Implementation of Electronic Health Record.,2018,10.5455/aim.2018.26.24-28,Journal Article,INCLUDE (full text assessed),"Systematic review of cloud computing technology for EHR implementation, examining organizational-level adoption determinants (cost, security, scalability, interoperability, implementation barriers/facilitators).",,,
R0338,A_incl_fulltext,PubMed,Implementation and adoption of a health insurance support tool in the electronic health record: a mixed methods analysis within a randomized trial.,2020,10.1186/s12913-020-05317-z,Journal Article; Randomized Controlled Trial,INCLUDE (full text assessed),Empirical study (RCT with mixed methods) of adoption and implementation of an EHR-integrated tool at the organizational level (CHCs); examines barriers and facilitators to tool utilization using implementation science framework.,,,
R0347,A_incl_fulltext,PubMed,SERIES: eHealth in primary care. Part 4: Addressing the challenges of implementation.,2020,10.1080/13814788.2020.1826431,Journal Article,INCLUDE (full text assessed),"Empirical framework/guidance study on barriers, facilitators, and evidence-based implementation strategies for eHealth (applications) adoption in primary care organizations; directly addresses organizational-level implementation determinants using CFIR.",,,
R0357,A_incl_fulltext,PubMed,NIATx-TI versus typical product training on e-health technology implementation: a clustered randomized controlled trial study protocol.,2020,10.1186/s13012-020-01053-4,"Clinical Trial Protocol; Journal Article; Research Support, N.I.H., Extramural",INCLUDE (full text assessed),"Empirical RCT protocol studying organizational adoption and implementation of an e-health system (A-CHESS mobile app) across multiple SUD treatment organizations, comparing implementation strategies (NIATx-TI vs. typical training) at the organizational level.",,,
R0361,A_incl_fulltext,PubMed,Identification of Factors Influencing the Adoption of Health Information Technology by Nurses Who Are Digitally Lagging: In-Depth Interview Study.,2020,10.2196/15630,"Journal Article; Research Support, Non-U.S. Gov't",INCLUDE (full text assessed),"Empirical qualitative study of HIT adoption determinants (barriers, facilitators) at organizational level in a healthcare setting; identifies factors influencing nurses' adoption of EHR/HIT systems within a hospital context.",,,
R0363,A_incl_fulltext,PubMed,Evaluation of the nation-wide implementation of ALS home monitoring & coaching: an e-health innovation for personalized care for patients with motor neuron disease.,2022,10.1186/s12913-022-08724-6,Journal Article,INCLUDE (full text assessed),"Empirical study of organizational-level adoption and implementation of an eHealth system (ALS home monitoring & coaching) across 10 multidisciplinary rehabilitation settings, evaluating implementation outcomes, barriers, facilitators, and sustainability using implementation science frameworks.",,,
R0370,A_incl_fulltext,PubMed,Evaluation of a Health Information Exchange System for Geriatric Health Care in Rural Areas: Development and Technical Acceptance Study.,2022,10.2196/34568,Journal Article,INCLUDE (full text assessed),Empirical study of regional HIE system development and adoption at organizational/multi-facility level; directly examines adoption facilitators and barriers to implementation of an interoperable health information exchange system in geriatric care.,,,
R0392,A_incl_fulltext,PubMed,Factors affecting sustainable adoption of e-health technology in developing countries: an exploratory survey of Nigerian hospitals from the perspective of healthcare professionals.,2018,10.7717/peerj.4436,Journal Article,INCLUDE (full text assessed),"Empirical study of determinants (barriers, facilitators, professional attitudes) affecting organizational adoption and implementation of e-health technology in Nigerian hospitals; directly addresses adoption at healthcare organization and national system level.",,,
R0411,A_incl_fulltext,PubMed,The Applicability of the Modified Technology Acceptance Model (TAM) on the Sustainable Adoption of eHealth Systems in Resource-Limited Settings.,2020,10.2147/JMDH.S284973,Journal Article,INCLUDE (full text assessed),"Empirical study examining determinants (perceived usefulness, ease of use, technical infrastructure, IT experience, attitude) of health professionals' adoption intention for eHealth systems at organizational level in resource-limited settings; applies modified TAM framework to assess behavioral inte",,,
R0412,A_incl_fulltext,PubMed,Implementation of eMental Health care: viewpoints from key informants from organizations and agencies with eHealth mandates.,2017,10.1186/s12911-017-0474-9,Journal Article,INCLUDE (full text assessed),"Empirical key-informant study of organizational and system-level adoption/implementation determinants (barriers, facilitators, success factors) of eMental Health technology and electronic medical record integration across healthcare organizations in multiple countries.",,,
R0413,A_incl_fulltext,PubMed,Estimating the Impacts of Hospitals' Organisational and Geographical Characteristics on the Adoption of Health Information Technology in Mongolian Hospitals.,2021,10.1155/2021/8836625,Journal Article,INCLUDE (full text assessed),"Empirical cross-sectional study of HIT adoption determinants (barriers/facilitators: organizational size, ownership, teaching status, geography) at the hospital/organizational level in Mongolia; directly addresses system-level adoption of health information technology.",,,
R0449,A_incl_fulltext,PubMed,"Accessing the Digital Health Application (DiGA) Market: Key Success Factors, Market Barriers and Strategies for Sustainable Adoption.",2026,10.1177/00469580261433432,Journal Article,INCLUDE (full text assessed),"Empirical mixed-methods study of determinants (success factors, barriers, strategies) of adoption of a regulated digital health system (DiGA) at organizational/national level in Germany and Europe.",,,
R0507,A_incl_fulltext,PubMed,An iterative approach to developing a multifaceted implementation strategy for a complex eHealth intervention within clinical practice.,2023,10.1186/s12913-023-10439-1,Journal Article,INCLUDE (full text assessed),"Empirical study of implementation strategy development for a complex eHealth system (BENEFIT platform with Personal Health Portal) at organizational level (cardiac care centres), addressing adoption determinants and barriers through iterative theory-practice refinement using established implementati",,,
R0544,A_incl_fulltext,PubMed,A structured framework to improve usability in EHR implementation: a user-centered case study in Brazilian mental healthcare.,2025,10.3389/fdgth.2025.1676631,Journal Article,INCLUDE (full text assessed),"Empirical case study of EHR system usability and implementation barriers at the organizational level (Brazilian mental healthcare facility); focuses on adoption determinants (usability barriers, design framework) and implementation improvement through user-centered design methodology.",,,
R0559,A_incl_fulltext,PubMed,Electronic Health Record Implementation Enhances Financial Performance in High Medicaid Nursing Homes.,2024,10.2147/JMDH.S457420,Journal Article,INCLUDE (full text assessed),"Empirical study of EHR implementation and adoption determinants (financial performance as a facilitator/business case) at the organizational level (nursing homes), directly addressing organizational-level EHR adoption.",,,
R0591,A_incl_fulltext,PubMed,Implementation of the Flexible Assertive Community Treatment (FACT) Model in Norway: eHealth Assessment Study.,2022,10.2196/32220,"Journal Article; Research Support, Non-U.S. Gov't",INCLUDE (full text assessed),"Empirical study examining organizational-level implementation of FACT teams in Norway, with explicit focus on eHealth infrastructure, policy, and regulations as determinants of adoption; health-IT system interoperability is a core barrier identified.",,,
R0623,A_incl_fulltext,PubMed,A Self-help Tool to Facilitate Implementation of eHealth Initiatives in Health Care (E-Ready): Formative Evaluation.,2022,10.2196/17568,Journal Article,INCLUDE (full text assessed),"Empirical study developing and evaluating a tool specifically designed to assess organizational readiness and facilitate eHealth implementation at the healthcare organization level; directly addresses determinants (readiness, engagement, conditions for change) of eHealth system adoption.",,,
R0627,A_incl_fulltext,PubMed,"Unveiling practical insights of eHealth implementation in Europe: a grey literature review on legal, ethical, financial, and technological (LEFT) considerations.",2025,10.3389/fdgth.2025.1575620,Journal Article; Systematic Review,INCLUDE (full text assessed),"Grey literature systematic review of legal, ethical, financial, and technological barriers and facilitators to eHealth (EHR/health-IT) implementation at organizational and national levels across Europe; empirical synthesis of real-world adoption determinants.",,,
R0633,A_incl_fulltext,PubMed,Development and implementation of an interoperable local health information exchange platform for the attainment of universal health coverage in the Philippines.,2025,10.3389/fdgth.2025.1650273,Journal Article,INCLUDE (full text assessed),"Empirical implementation study of organizational/national-level health information exchange (LHIE) system adoption and deployment across multiple LGUs in the Philippines, examining determinants (technical architecture, governance, capacity-building, standards alignment) of successful interoperable E",,,
R0682,A_incl_fulltext,PubMed,A comprehensive eHealth implementation guide constructed on a qualitative case study on barriers and facilitators of the digital care platform CMyLife.,2022,10.1186/s12913-022-08020-3,Journal Article,INCLUDE (full text assessed),"Qualitative case study of organizational-level barriers and facilitators for nationwide implementation of a digital care platform (CMyLife) in clinical practice, with development of an implementation guide—directly addresses determinants of eHealth system adoption at the organizational/national leve",,,
R0724,A_incl_fulltext,PubMed,"IMPLEMENTATION OF THE NATIONWIDE ELECTRONIC HEALTH RECORD SYSTEM IN SERBIA: CHALLENGES, LESSONS LEARNED, AND EARLY OUTCOMES.",2022,10.20471/acc.2022.61.03.14,Journal Article; Review,INCLUDE (full text assessed),"Empirical study (retrospective narrative review) of nationwide EHR system implementation in Serbia, describing adoption determinants (barriers, facilitators, success factors) at the national/system level.",,,
R0739,A_incl_fulltext,PubMed,Adoption and perception of prescribable digital health applications (DiGA) and the advancing digitalization among German internal medicine physicians: a cross-sectional survey study.,2024,10.1186/s12913-024-11807-1,Journal Article,INCLUDE (full text assessed),"Empirical study of adoption, barriers, and facilitators of prescribable digital health applications (DiGAs) among physicians at the organizational/national level in Germany's healthcare system.",,,
R0742,A_incl_fulltext,PubMed,Adoption of electronic health record systems to enhance the quality of healthcare in low-income countries: a systematic review.,2023,10.1136/bmjhci-2022-100704,Journal Article; Systematic Review,INCLUDE (full text assessed),"Systematic review of EHR adoption status, barriers, and facilitators in low-income countries at the national/health system level—directly addresses organizational and system-level determinants of EHR adoption.",,,
R0756,A_incl_fulltext,PubMed,Stakeholders' Perceptions of the Implementation of a Patient-Centric Digital Health Application for Primary Healthcare in India.,2021,10.4258/hir.2021.27.4.315,Journal Article,INCLUDE (full text assessed),Empirical study of adoption/implementation barriers and facilitators of a digital health system (IHIS4PHC) at organizational level (primary health centre); explores stakeholder perceptions of determinants of implementation success.,,,
R0758,A_incl_fulltext,PubMed,Factors influencing clinician performance post-electronic health record implementation: an empirical analysis in Moroccan hospitals.,2025,10.1186/s12913-025-12438-w,Journal Article,INCLUDE (full text assessed),"Empirical study of determinants (satisfaction, organization, system quality, information quality) affecting clinician performance post-EHR implementation at organizational level (three Moroccan hospitals); directly addresses EHR adoption outcomes using validated framework (IS Success Model + TOE); c",,,
R0767,A_incl_fulltext,PubMed,Accelerating European electronic health record exchange format (EEHRxF) implementation across Europe: a policy perspective.,2025,10.3389/fmed.2025.1648170,Journal Article,INCLUDE (full text assessed),"Policy analysis of organizational and national-level EHR system interoperability adoption (EEHRxF) across EU healthcare systems, examining implementation determinants, barriers, and facilitators at the system level.",,,
R0769,A_incl_fulltext,PubMed,Implementation research logic model in the design and execution of eHealth innovations for maternal and newborn healthcare in Ethiopia.,2025,10.1186/s12961-024-01259-8,Journal Article,INCLUDE (full text assessed),"Empirical implementation research study of eHealth system (ADHERE maternal/newborn EHR) adoption across organizational contexts (public healthcare facilities) in Ethiopia; uses implementation research framework to identify adoption barriers, facilitators, and strategies at organizational/system leve",,,
R0770,A_incl_fulltext,PubMed,"Nursing Home Implementation of Health Information Technology: Review of the Literature Finds Inadequate Investment in Preparation, Infrastructure, and Training.",2018,10.1177/0046958018778902,"Journal Article; Research Support, U.S. Gov't, P.H.S.; Review",INCLUDE (full text assessed),"Empirical literature review + qualitative study of HIT implementation processes, barriers (inadequate training, infrastructure), and determinants at the organizational level (nursing homes) with policy implications for system-level adoption.",,,
R0794,A_incl_fulltext,PubMed,"Exploring the Dynamics of Actors, Structural Factors, and Bricolage in the Implementation and Sustainability of eHealth Solutions: Qualitative Multiple-Case Study.",2026,10.2196/79999,Journal Article,INCLUDE (full text assessed),"Empirical qualitative study of determinants (actors, structural factors, bricolage practices) of eHealth implementation and sustainability at organizational level across European health systems; directly addresses adoption barriers and facilitators.",,,
R0795,A_incl_fulltext,PubMed,Implementation of eHealth to Support Assessment and Decision-making for Residents With Dementia in Long-term Care: Systematic Review.,2022,10.2196/29837,"Journal Article; Research Support, Non-U.S. Gov't; Systematic Review",INCLUDE (full text assessed),"Systematic review of eHealth implementation determinants (barriers, facilitators, success factors) in long-term care organizations for dementia residents; uses CFIR framework to identify key factors influencing adoption; directly addresses organizational-level implementation of health-IT systems.",,,
R0803,A_incl_fulltext,PubMed,Learning from digital health investments during COVID-19 vaccine program implementation: a research collaboration and theory of change.,2024,10.1093/oodh/oqae005,Journal Article,INCLUDE (full text assessed),Empirical multi-country study of COVID-19 vaccine digital health investments and their contribution to strengthening the digital health enabling environment and health system at organizational/national level; directly addresses adoption and implementation determinants of digital health infrastructur,,,
R0815,A_incl_fulltext,PubMed,When Tech Meets Touch: Multistakeholder Perspectives and Implementation Strategies for eHealth in Chronic Kidney Disease: A Systematic Review Using Computational Linguistics.,2026,10.1155/jonm/7612011,Journal Article; Review; Systematic Review,INCLUDE (full text assessed),"Systematic review of determinants (barriers, facilitators, stakeholder perspectives) of eHealth system adoption/implementation in a specific clinical context (chronic kidney disease), at organizational and multi-stakeholder levels, with implementation strategies derived from established frameworks.",,,
R0818,A_incl_fulltext,PubMed,Electronic medical record implementation in tertiary care: factors influencing adoption of an electronic medical record in a cancer centre.,2021,10.1186/s12913-020-06015-6,Journal Article,INCLUDE (full text assessed),Empirical qualitative study of EMR adoption barriers and facilitators at a single healthcare organization (cancer centre); directly addresses organizational-level implementation determinants.,,,
R0827,A_incl_fulltext,PubMed,The Impact of Leadership and Management on the Implementation of Electronic Health Record Systems in the Primary Healthcare Centers.,2024,10.3390/healthcare12202013,Journal Article,INCLUDE (full text assessed),"Empirical mixed-methods study of EHR system implementation determinants (leadership, project management, barriers) at organizational level (primary healthcare centers) and national level (Saudi Arabia health system).",,,
R0831,A_incl_fulltext,PubMed,"Applying Implementation Science to Advance Electronic Health Record-Driven Learning Health Systems: Case Studies, Challenges, and Recommendations.",2024,10.2196/55472,Journal Article,INCLUDE (full text assessed),"Empirical case studies of EHR-driven learning health systems implementation using implementation science frameworks; addresses organizational-level adoption, barriers, facilitators, and sustainability of EHR systems within healthcare organizations.",,,
R0850,A_incl_fulltext,PubMed,Perception towards electronic health records & uptake of digital health IDs among the urban residents in northern India: A mixed methods study.,2024,10.25259/ijmr_664_23,"Journal Article; Research Support, Non-U.S. Gov't",INCLUDE (full text assessed),"Empirical mixed-methods study of adoption/uptake of a national-level EHR system (ABDM digital health IDs) in India, examining organizational and population-level barriers and facilitators to implementation.",,,
R0865,A_incl_fulltext,PubMed,Integrated Electronic Health Record System in a Tertiary Care Centre: A Single Centre Implementation Experience.,2022,10.31729/jnma.7445,Journal Article,INCLUDE (full text assessed),"Single-centre implementation study of an integrated EHR system in a tertiary/district hospital, explicitly documenting adoption barriers, implementation steps, and organizational impact—core STAGE-2 eligible material.",,,
R0883,A_incl_fulltext,PubMed,Creation of an Evidence-Based Implementation Framework for Digital Health Technology in the Intensive Care Unit: Qualitative Study.,2022,10.2196/22866,Journal Article,INCLUDE (full text assessed),"Empirical qualitative study of barriers and facilitators to adoption/implementation of a digital health technology (remote patient monitoring platform) at the organizational level (ICU within a hospital), with development of an evidence-based implementation framework.",,,
R0914,A_incl_fulltext,PubMed,Determinants of the implementation of eHealth-based long-term follow-up care for young cancer survivors: a qualitative study.,2024,10.1186/s12885-024-12910-6,Journal Article,INCLUDE (full text assessed),Empirical qualitative study of eHealth implementation determinants (facilitators and barriers) for organizational/clinical adoption of telemedical care systems in cancer aftercare; focuses on implementation factors at healthcare-delivery level.,,,
R0933,A_incl_fulltext,PubMed,The Perceptions of and Factors Associated With the Adoption of the Electronic Health Record Sharing System Among Patients and Physicians: Cross-Sectional Survey.,2020,10.2196/17452,Journal Article,INCLUDE (full text assessed),"Empirical cross-sectional survey of determinants of adoption (barriers, facilitators, patient and physician perceptions) of an electronic health record sharing system (eHRSS) at organizational/national level in Hong Kong healthcare system.",,,
R1031,A_incl_fulltext,PubMed,Implementation of the World Health Organization Minimum Dataset for Emergency Medical Teams to Create Disaster Profiles for the Indonesian SATUSEHAT Platform Using Fast Healthcare Interoperability Resources: Development and Validation Study.,2024,10.2196/59651,Journal Article,INCLUDE (full text assessed),Empirical study of implementing WHO standards and FHIR interoperability for health-IT system (SATUSEHAT platform) adoption at national/organizational level in Indonesia; directly addresses determinants of health information exchange system implementation.,,,
R1033,A_incl_fulltext,PubMed,Exploring Factors Associated With the Stalled Implementation of a Ground-Up Electronic Health Record System in South Africa: Qualitative Insights From the E-Tick Case Study Using the Consolidated Framework for Implementation Research (CFIR).,2026,10.2196/73831,Journal Article,INCLUDE (full text assessed),"Empirical qualitative study of organizational-level EHR adoption barriers and facilitators (E-tick system) in South African primary health clinics, using CFIR framework to analyze implementation determinants across innovation, inner setting, outer setting, and process domains.",,,
R1069,A_incl_fulltext,PubMed,End-users' perspectives on factors affecting implementation and utilization of the Iranian electronic health record system: a qualitative study in a developing country.,2023,10.1186/s12913-023-10033-5,Journal Article,INCLUDE (full text assessed),Empirical qualitative study of determinants (barriers and facilitators) of EHR implementation and utilization at organizational level (hospitals in Iran); directly addresses adoption outcomes.,,,
R1084,A_incl_fulltext,PubMed,Barriers to the implementation of large-scale electronic health record systems in primary healthcare centers: a mixed-methods study in Saudi Arabia.,2025,10.3389/fmed.2025.1516714,Journal Article,INCLUDE (full text assessed),"Empirical mixed-methods study of barriers to adoption and implementation of an Electronic Health Record System (EHRS) at organizational and national scale (2,200 primary healthcare centers across Saudi Arabia); directly addresses determinants of EHR system adoption at healthcare system level.",,,
R1133,A_incl_fulltext,PubMed,Design and Implementation of a State-Wide Network for Near Real-Time Public Health Surveillance and Research: The Minnesota Electronic Health Record Consortium Experience.,2026,10.1002/lrh2.70070,Journal Article,INCLUDE (full text assessed),Descriptive study of state-wide EHR/health-IT infrastructure implementation and governance for interoperable public health surveillance across multiple healthcare organizations and systems in Minnesota.,,,
R1181,A_incl_fulltext,PubMed,Successes and Barriers of Health Information Exchange Participation Across Hospitals in South Carolina From 2014 to 2020: Longitudinal Observational Study.,2023,10.2196/40959,Journal Article; Observational Study,INCLUDE (full text assessed),Empirical longitudinal study of HIE adoption determinants (barriers and facilitators) across hospitals at organizational and state system level.,,,
R1186,A_incl_fulltext,PubMed,Adoption of Electronic Medical Records in Healthcare Facilities in the Emirate of Dubai.,2024,10.4258/hir.2024.30.2.154,Journal Article,INCLUDE (full text assessed),"Empirical organizational-level study of EMR adoption across healthcare facilities in Dubai; assesses implementation status, maturity (EMRAM), and determinants (challenges, interoperability barriers, vendor licensing gaps).",,,
R1199,A_incl_fulltext,PubMed,Overcoming Electronic Medical Records Adoption Challenges in Saudi Arabia.,2024,10.7759/cureus.53827,Journal Article; Review,INCLUDE (full text assessed),"Literature review of EMR adoption determinants (barriers, facilitators) at the national/organizational level in Saudi Arabia, directly within scope.",,,
R1211,A_incl_fulltext,PubMed,Barriers to Creating Scalable Business Models for Digital Health Innovation in Public Systems: Qualitative Case Study.,2020,10.2196/20579,Journal Article,INCLUDE (full text assessed),Empirical qualitative case-study analysis of organizational-level barriers to adoption and integration of digital health systems (EHR/health-IT innovations) within public healthcare systems; addresses determinants and facilitators of system-level implementation.,,,
R1243,A_incl_fulltext,PubMed,"Perceptions of and barriers to health information exchange use among emergency medicine and inpatient internal medicine clinicians in the Atlanta, Georgia metropolitan region.",2025,10.1093/jamiaopen/ooaf131,Journal Article,INCLUDE (full text assessed),"Empirical survey study of clinician adoption/use of HIE systems across multiple healthcare organizations, examining barriers to organizational-level implementation at point of care.",,,
R1271,A_incl_fulltext,PubMed,Technology adoption of electronic medical records in developing economies: A systematic review on physicians' perspective.,2024,10.1177/20552076231224605,Journal Article; Review,INCLUDE (full text assessed),"Systematic review of EMR adoption determinants (barriers, enablers, success factors) at organizational/healthcare-system level in developing economies; empirical synthesis of physicians' perspective on implementation factors.",,,
R1340,A_incl_fulltext,PubMed,Identifying and Addressing Barriers to Implementing Core Electronic Health Record Use Metrics for Ambulatory Care: Virtual Consensus Conference Proceedings.,2023,10.1055/a-2187-3243,"Consensus Statement; Journal Article; Research Support, Non-U.S. Gov't",INCLUDE (full text assessed),"Empirical consensus-building study on barriers and facilitators to organizational-level EHR implementation and use metrics in ambulatory care settings, with multi-stakeholder engagement and actionable solutions for system adoption.",,,
R1345,A_incl_fulltext,PubMed,Determinants predicting the electronic medical record adoption in healthcare: A SEM-Artificial Neural Network approach.,2022,10.1371/journal.pone.0272735,Journal Article,INCLUDE (full text assessed),Empirical study of EMR adoption determinants (barriers/facilitators) at organizational level across multiple healthcare facilities in UAE; applies UTAUT/TAM frameworks to predict system adoption.,,,
R1346,A_incl_fulltext,PubMed,"Reusing routine electronic health record data for nationwide COVID-19 surveillance in nursing homes: barriers, facilitators, and lessons learned.",2024,10.1186/s12911-024-02818-3,Journal Article,INCLUDE (full text assessed),Empirical study of barriers and facilitators to adoption/implementation of a nationwide EHR-based COVID-19 surveillance system in nursing homes; organizational and system-level focus on EHR data reuse for surveillance infrastructure.,,,
R1360,A_incl_fulltext,PubMed,Adoption of electronic medical records in developing countries-A multi-state study of the Nigerian healthcare system.,2022,10.3389/fdgth.2022.1017231,Journal Article,INCLUDE (full text assessed),"Empirical study of EMR adoption determinants (barriers, facilitators, success factors) at organizational level across Nigerian healthcare facilities using quantitative methodology.",,,
R1415,A_incl_fulltext,PubMed,Electronic medical record implementation for a healthcare system caring for homeless people.,2019,10.1093/jamiaopen/ooy046,Journal Article,INCLUDE (full text assessed),"Empirical study of EMR implementation and adoption at an organizational level (Boston Health Care for the Homeless Program), addressing determinants of success (workflow analysis, change management, training strategies, configuration) specific to the healthcare organization's context.",,,
R1428,A_incl_fulltext,PubMed,Integration of Screening and Referral Tools for Social Determinants of Health and Modifiable Lifestyle Factors in the Epic Electronic Health Record System: Scoping Review.,2025,10.2196/73615,Journal Article; Scoping Review,INCLUDE (full text assessed),"Scoping review of organizational adoption and implementation of SDOH/modifiable-risk-factor screening tools integrated into Epic EHR systems across US healthcare organizations; directly addresses barriers, facilitators, workflow modifications, and outcomes of EHR system adoption at organizational le",,,
R1431,A_incl_fulltext,PubMed,Electronic Medical Records implementation in hospital: An empirical investigation of individual and organizational determinants.,2020,10.1371/journal.pone.0234108,Journal Article,INCLUDE (full text assessed),"Empirical study of EMR implementation determinants (individual and organizational factors) at a hospital organization level, examining adoption barriers and facilitators through survey research.",,,
R1448,A_incl_fulltext,PubMed,Implementation of electronic medical records at an Emergency Medicine Department in Tanzania: The information technology perspective.,2019,10.1016/j.afjem.2019.07.002,Journal Article,INCLUDE (full text assessed),"Empirical study of EMR/EDIS implementation and organizational adoption at a hospital department, examining determinants (IT planning, staff training, infrastructure, change management) and lessons learned for healthcare organizations.",,,
R1450,A_incl_fulltext,PubMed,"Benefits, facilitators, and barriers of electronic medical records implementation in outpatient settings: A scoping review.",2024,10.1177/08404704231224070,Journal Article; Scoping Review,INCLUDE (full text assessed),"Scoping review of EMR implementation (benefits, barriers, facilitators) in outpatient organizational settings—directly addresses determinants of health-IT system adoption at the organizational level.",,,
R1453,A_incl_fulltext,PubMed,An Approach to Potentially Increasing Adoption of an Artificial Intelligence-Enabled Electronic Medical Record Encounter in Canadian Primary Care: Protocol for a User-Centered Design.,2024,10.2196/54365,Journal Article,INCLUDE (full text assessed),"Empirical study (protocol-based, with qualitative data collection underway) examining organizational-level adoption determinants of an AI-enabled EMR system in primary care using user-centered design and technology acceptance models.",,,
R1477,A_incl_fulltext,PubMed,Assessment of implementation challenges of electronic medical record in Yekatit 12 hospital medical college.,2025,10.1371/journal.pone.0329896,Journal Article,INCLUDE (full text assessed),"Empirical study assessing organizational-level EMR implementation challenges (barriers, facilitators, user acceptance) at a specific healthcare organization; fits PRISMA scope precisely.",,,
R1487,A_incl_fulltext,PubMed,The Value of Electronic Medical Record Implementation in Mental Health Care: A Case Study.,2017,10.2196/medinform.6512,Journal Article,INCLUDE (full text assessed),"Empirical case study of EMR implementation and adoption at a specialized mental health organization, examining organizational-level outcomes, quality improvement initiatives, and determinants of value—directly within scope of organizational-level eHealth system adoption.",,,
R1497,A_incl_fulltext,PubMed,An Assessment of Success Factors and Challenges in Implementation of Electronic Medical Record System in Referral Hospital in Northern Tanzania.,2023,10.24248/eahrj.v7i2.741,Journal Article,INCLUDE (full text assessed),Empirical study assessing determinants (success factors and challenges) of EMR implementation at an organizational level (regional referral hospital); directly addresses adoption outcomes and barriers in a healthcare setting.,,,
R1547,A_incl_fulltext,PubMed,"A Community-Based, Mobile Electronic Medical Record System App for High-Quality, Integrated Antiretroviral Therapy in Lilongwe, Malawi: Design Process and Pilot Implementation.",2023,10.2196/48671,Journal Article,INCLUDE (full text assessed),"Empirical study of design and pilot implementation of a mobile EMR system (CARES) for organizational adoption in community-based ART delivery; focuses on determinants (HCD process, stakeholder engagement, local optimization) of system adoption at organizational level in a healthcare setting.",,,
R1549,A_incl_fulltext,PubMed,Differences in changes of data completeness after the implementation of an electronic medical record in three surgical departments of a German hospital-a longitudinal comparative document analysis.,2024,10.1186/s12911-024-02667-0,Comparative Study; Journal Article,INCLUDE (full text assessed),Empirical study of organizational-level EHR implementation examining determinants (adoption process stages) of data quality improvements across departments in a healthcare organization.,,,
R1558,A_incl_fulltext,PubMed,"Attitudes toward implementation of electronic medical record and its associated factors among health professional workers in selected public hospitals in Addis Ababa, Ethiopia, 2023: A multi-center cross-sectional study.",2024,10.1177/20552076241277034,Journal Article,INCLUDE (full text assessed),"Empirical study of organizational-level EMR adoption determinants (barriers and facilitators) among health professionals in healthcare facilities; assesses attitudes, budget allocation, infrastructure, and workload as factors influencing implementation at the hospital/system level in Ethiopia.",,,
R1560,A_incl_fulltext,PubMed,"Barriers and facilitators to Electronic Medical Records usage in the Emergency Centre at Komfo Anokye Teaching Hospital, Kumasi-Ghana.",2017,10.1016/j.afjem.2017.05.002,Journal Article,INCLUDE (full text assessed),"Empirical qualitative study of barriers and facilitators to EMR adoption at a specific healthcare organization (Emergency Centre, teaching hospital); directly addresses organizational-level implementation determinants.",,,
R1569,A_incl_fulltext,PubMed,Perception and barriers to electronic medical record use among physicians and nurses in General Hospitals in Lagos State.,2025,10.4314/ahs.v25i3.20,Journal Article,INCLUDE (full text assessed),Empirical study of determinants (barriers and facilitators) of EMR adoption among health workers in organizational settings (general hospitals in Lagos); addresses system-level adoption directly.,,,
R0003,B_incl_abstract,PubMed,HITECH Act Drove Large Gains In Hospital Electronic Health Record Adoption.,2017,10.1377/hlthaff.2016.1651,Journal Article,INCLUDE (abstract assessed),"Empirical study of determinants (policy incentive/HITECH Act) of EHR adoption at organizational level (hospitals), using difference-in-differences design across eligible vs. ineligible facilities.",,,
R0013,B_incl_abstract,PubMed,Selection and Implementation of an Electronic Health Record.,2017,10.1016/j.pmrj.2017.02.007,Journal Article; Review,INCLUDE (abstract assessed),"Empirical review of EHR selection and implementation determinants (vendor fit, team structure, project management, practice-vendor relationship) at organizational level.",,,
R0022,B_incl_abstract,PubMed,Development and Implementation of the DHAPP Military eHealth Information Network System.,2017,10.2174/1570162X15666170517093714,"Journal Article; Research Support, U.S. Gov't, Non-P.H.S.; Review",INCLUDE (abstract assessed),"Empirical study of EMR/eHealth system implementation and adoption across 14 military healthcare organizations at national level, examining determinants (infrastructure challenges, leadership, training) and implementation processes.",,,
R0039,B_incl_abstract,PubMed,The Adoption of the Electronic Health Record by Physicians.,2019,10.1055/s-0039-1695006,Journal Article,INCLUDE (abstract assessed),"Empirical study of EHR adoption determinants (perceived usefulness, ease of use, social influence, resistance to change, training) among physicians at an organizational level (hospital), using a validated theoretical model to identify barriers and facilitators.",,,
R0091,B_incl_abstract,PubMed,Implementation of a Naloxone Best Practice Advisory Into an Electronic Health Record.,2023,10.1097/ADM.0000000000001102,Journal Article,INCLUDE (abstract assessed),Empirical study of EHR alert implementation to improve naloxone coprescribing adoption at organizational/statewide level; examines determinants (clinical decision support) and outcomes of health-IT system use in healthcare delivery.,,,
R0107,B_incl_abstract,PubMed,Challenges and Hurdles of eHealth Implementation in Developing Countries.,2015,,Journal Article,INCLUDE (abstract assessed),"Empirical survey study of determinants (barriers/facilitators) of eHealth implementation at the national/system level in developing countries, examining adoption challenges across economic, cultural, educational, policy, and standards domains.",,,
R0115,B_incl_abstract,PubMed,Assessing electronic health record implementation challenges using item response theory.,2016,,Comparative Study; Journal Article,INCLUDE (abstract assessed),Empirical study of EHR implementation determinants (barriers/challenges) at organizational level using secondary hospital survey data; directly addresses adoption/implementation factors for meeting federal Meaningful Use standards.,,,
R0132,B_incl_abstract,PubMed,Hospital Adoption of Health Information Technology to Support Public Health Infrastructure.,2016,10.1097/PHH.0000000000000198,Journal Article,INCLUDE (abstract assessed),"Empirical cross-sectional study examining hospital adoption of health IT systems (EHR-linked public health reporting capabilities) at the organizational level, identifying determinants (hospital size, rural status, EHR presence) of adoption.",,,
R0153,B_incl_abstract,PubMed,Towards lifetime electronic health record implementation.,2015,,Journal Article,INCLUDE (abstract assessed),"Literature review identifying core implementation factors (culture, regulation, incentives, infrastructure, standards) for lifetime EHR systems at national/system level; directly addresses determinants of EHR adoption.",,,
R0196,B_incl_abstract,PubMed,Assessing the Fidelity of Electronic Health Record Implementation Using SatuSehat Platform in Indonesia.,2025,10.3233/SHTI251128,Journal Article,INCLUDE (abstract assessed),"Empirical study of EHR system adoption/implementation fidelity at national healthcare system level; analyzes determinants (facility type, region) of submission compliance across 33,901 facilities in Indonesia's SatuSehat platform rollout.",,,
R0200,B_incl_abstract,PubMed,The Association of Electronic Health Record Adoption with Staffing Mix in Community Health Centers.,2017,10.1111/1475-6773.12648,Journal Article,INCLUDE (abstract assessed),"Empirical study of EHR adoption determinants (staffing mix changes) at organizational level (community health centers), using administrative data and survey responses.",,,
R0220,B_incl_abstract,PubMed,Recommendations for health information technology implementation in rural hospitals.,2016,10.1108/IJHCQA-09-2015-0115,Journal Article; Observational Study,INCLUDE (abstract assessed),Empirical observational study of HIT system implementation and adoption barriers/facilitators at the organizational level (rural hospital); provides determinants and recommendations for HIT adoption in resource-limited settings.,,,
R0225,B_incl_abstract,PubMed,MHS Genesis Implementation: Strategies in Support of Successful EHR Conversion.,2020,10.1093/milmed/usaa184,Journal Article,INCLUDE (abstract assessed),Narrative literature review of EHR implementation determinants (critical success factors and barriers) at organizational/national level (Military Health System); empirical synthesis with change-management framework.,,,
R0235,B_incl_abstract,PubMed,Implementation of Nationwide Electronic Health Record in Albania: A Case Study.,2017,,Journal Article,INCLUDE (abstract assessed),"Empirical case study of nationwide EHR system implementation at organizational/national level, analyzing adoption determinants (ICT infrastructure, uptake, barriers to clinical use).",,,
R0240,B_incl_abstract,PubMed,Effectiveness of EHR systems on decision support in primary healthcare: a technology acceptance model 3 perspective.,2024,10.1108/JHOM-07-2024-0296,Journal Article,INCLUDE (abstract assessed),"Empirical mixed-methods study of EHR adoption/implementation barriers and facilitators (training, support, usability, integration, system performance) at the organizational level (PHC facilities in Tanzania); directly addresses determinants of EHR system adoption and effectiveness.",,,
R0241,B_incl_abstract,PubMed,Environmental market factors associated with electronic health record adoption among cancer hospitals.,2018,10.1097/HMR.0000000000000149,"Journal Article; Research Support, N.I.H., Extramural",INCLUDE (abstract assessed),"Empirical study examining determinants (environmental market factors) of EHR adoption at the organizational level (cancer hospitals), with clear adoption/implementation focus and quantified outcomes.",,,
R0245,B_incl_abstract,PubMed,Exploring Health Information Exchange Implementation Using Qualitative Assessments of Nursing Home Leaders.,2016,,"Journal Article; Research Support, Non-U.S. Gov't",INCLUDE (abstract assessed),"Empirical qualitative study of HIE implementation and adoption barriers/facilitators at organizational level (nursing homes), examining determinants of system use and operational integration.",,,
R0252,B_incl_abstract,PubMed,"Electronic Health Record Adoption In US Hospitals: Progress Continues, But Challenges Persist.",2015,10.1377/hlthaff.2015.0992,"Journal Article; Research Support, Non-U.S. Gov't",INCLUDE (abstract assessed),"Empirical study of EHR adoption determinants (barriers: cost, physician cooperation, complexity; facilitators: federal incentives) at the organizational level (US hospitals) with national data on adoption trends, meaningful-use progress, and disparities by hospital size and geography.",,,
R0253,B_incl_abstract,PubMed,Implementation of Health Information Exchange at the Pima County Adult Detention Complex: Lessons Learned.,2018,10.1177/1078345818764127,Journal Article,INCLUDE (abstract assessed),"Empirical study (semi-structured interviews with 12 stakeholders) evaluating implementation and determinants (challenges, successes) of HIE system adoption at an organizational level (correctional facility); directly addresses barriers and facilitators to health-IT system implementation.",,,
R0254,B_incl_abstract,PubMed,Variation In Rural Health Information Technology Adoption And Use.,2016,10.1377/hlthaff.2015.0861,Journal Article,INCLUDE (abstract assessed),"Empirical study of health information technology adoption and meaningful-use attestation variation among rural healthcare organizations (hospitals and physicians), directly addressing organizational-level determinants and disparities in EHR/health-IT system adoption.",,,
R0259,B_incl_abstract,PubMed,Human Factors of EHR Adoption in Saudi Primary Healthcare.,2022,10.3233/SHTI220512,Journal Article,INCLUDE (abstract assessed),"Empirical study of human factors and determinants (perceptions, sociodemographic influences) of EHR adoption in primary healthcare organizations at regional level (Riyadh, Saudi Arabia).",,,
R0279,B_incl_abstract,PubMed,Electronic Health Record Adoption among Obstetrician/Gynecologists in the United States: Physician Practices and Satisfaction.,2017,10.1111/jhq.12072,"Comparative Study; Journal Article; Research Support, U.S. Gov't, P.H.S.",INCLUDE (abstract assessed),"Empirical survey study of EHR adoption, barriers, and satisfaction among physicians (ob-gyns) at the organizational/practice level; directly addresses adoption determinants and system-level implementation.",,,
R0299,B_incl_abstract,PubMed,An International Perspective on Health Information Exchange: Adoption in OECD Countries With Different Health Care System Configurations.,2020,10.1177/1077558719858245,Journal Article,INCLUDE (abstract assessed),"Empirical/comparative study of health information exchange (HIE) adoption determinants across OECD countries at the national/system level, analyzing institutional and resource-based factors.",,,
R0300,B_incl_abstract,PubMed,Obstacles to Successful Implementation of eHealth Applications into Clinical Practice.,2018,,Journal Article,INCLUDE (abstract assessed),"Empirical study of barriers to eHealth implementation at organizational level (Dutch healthcare system), addressing adoption determinants across financing, human, and organizational factors.",,,
R0310,B_incl_abstract,PubMed,Accelerated Adoption of Advanced Health Information Technology in Beacon Community Health Centers.,2015,10.3122/jabfm.2015.05.150034,Journal Article; Multicenter Study,INCLUDE (abstract assessed),"Empirical study of organizational-level EHR adoption determinants (Beacon program incentives, technical assistance, community-wide HIE activation) across multiple health centers, with comparative analysis of adoption trends and outcomes.",,,
R0352,B_incl_abstract,PubMed,Provider Adoption of an Online Attention Deficit Hyperactivity Disorder eHealth Care Application.,2025,10.1055/a-2562-1161,"Journal Article; Research Support, U.S. Gov't, Non-P.H.S.",INCLUDE (abstract assessed),"Empirical study of determinants (practice, provider, patient-population factors) predicting adoption of an ADHD eHealth intervention at the organizational level (pediatric practices nationwide); uses EHR integration as a measured predictor of adoption outcomes.",,,
R0353,B_incl_abstract,PubMed,The journey through grief: insights from a qualitative study of electronic health record implementation.,2015,10.1111/1475-6773.12227,"Journal Article; Research Support, Non-U.S. Gov't",INCLUDE (abstract assessed),"Empirical qualitative study of EHR implementation determinants (facilitators, barriers) across six U.S. healthcare organizations; organizational-level adoption focus.",,,
R0368,B_incl_abstract,PubMed,EHR System MojTermin: Implementation and Initial Data Analysis.,2015,,Journal Article,INCLUDE (abstract assessed),"Empirical study of national-level EHR/e-health system implementation with analysis of determinants (socio-cultural phenomena, governance factors) affecting adoption and optimization at the healthcare system level.",,,
R0387,B_incl_abstract,PubMed,Development of a tripolar model of technology acceptance: Hospital-based physicians' perspective on EHR.,2017,10.1016/j.ijmedinf.2017.02.013,Journal Article,INCLUDE (abstract assessed),"Empirical cross-sectional survey studying determinants of physician acceptance of EHR implementation at the organizational level (hospitals), developing a theoretical model of technology adoption.",,,
R0388,B_incl_abstract,PubMed,The Role of Nurse Managers in the Adoption of Health Information Technology: Findings From a Qualitative Study.,2019,10.1097/NNA.0000000000000810,Journal Article,INCLUDE (abstract assessed),Empirical qualitative study of organizational-level health-IT adoption determinants: investigates nurse managers' role and strategies in facilitating point-of-care nurses' adoption of health IT within a healthcare organization (mental health hospital).,,,
R0395,B_incl_abstract,PubMed,A Model of Tradeoffs for Understanding Health Information Technology Implementation.,2015,,Journal Article,INCLUDE (abstract assessed),"Empirical case study examining organizational-level HIT implementation determinants (trade-offs, unintended consequences, design/evaluation implications) using qualitative methodology.",,,
R0414,B_incl_abstract,PubMed,INTEROPERABILITY IN PERUVIAN BLOOD BANKS: PERCEPTION AND CHALLENGES FOR THE IMPLEMENTATION OF AN INTEGRATED INFORMATION SYSTEM.,2025,,Journal Article,INCLUDE (abstract assessed),"Empirical cross-sectional study of organizational-level adoption determinants (barriers, facilitators, acceptance) for an integrated health-IT interoperability system across multiple blood bank organizations in Peru; directly addresses EHR/health-IT system implementation at the organizational/nation",,,
R0417,B_incl_abstract,PubMed,Cultural Problems Associated with the Implementation of eHealth.,2017,,Journal Article,INCLUDE (abstract assessed),"Empirical study of barriers to eHealth implementation at organizational level, identifying cultural determinants of adoption.",,,
R0425,B_incl_abstract,PubMed,eHealth in Wound Care: from conception to implementation.,2015,10.12968/jowc.2015.24.Sup5.S1,Journal Article,INCLUDE (abstract assessed),"Systematic overview of eHealth (telemedicine/telehealth) implementation in wound care, identifying barriers and facilitators to organizational adoption; framework-based analysis of implementation methodology and organizational integration.",,,
R0430,B_incl_abstract,PubMed,Implementation of Fast Healthcare Interoperability Resources for an Integration of Laboratory and Hospital Information Systems.,2018,,Journal Article,INCLUDE (abstract assessed),Empirical study of EHR/HIE system implementation (FHIR-based laboratory–hospital data exchange) at organizational level; demonstrates adoption of health-IT interoperability infrastructure with real-world deployment metrics.,,,
R0431,B_incl_abstract,PubMed,"An Approach for Enhancing Adoption, Use and Utility of Shared Digital Health Records in Rural Australian Communities.",2017,,Journal Article,INCLUDE (abstract assessed),"Empirical study of adoption, use, and utility of a national shared digital health record system (My Health Record) at the organizational/community and national level in rural Australia, with investigation of barriers and an implementation approach.",,,
R0435,B_incl_abstract,PubMed,Are we doing it right? We need to evaluate the current approaches for implementation of digital health systems.,2021,10.1071/AH20289,Journal Article,INCLUDE (abstract assessed),Literature review examining project management approaches and implementation factors for large-scale digital health systems (commercial healthcare IT platforms) across hospitals and health systems; directly addresses organizational/system-level adoption determinants.,,,
R0438,B_incl_abstract,PubMed,Challenges in user-driven optimization of EHR: A case study of a large Epic implementation in Denmark.,2021,10.1016/j.ijmedinf.2021.104394,"Journal Article; Research Support, Non-U.S. Gov't",INCLUDE (abstract assessed),"Empirical case study of organizational-level EHR adoption/optimization challenges in large hospital systems; directly addresses determinants (standardization vs. adaptation, centralized vs. local control) of EHR implementation success.",,,
R0471,B_incl_abstract,PubMed,The Challenge of EHR Acceptance by Physicians.,2015,,Journal Article,INCLUDE (abstract assessed),"Empirical or framework-based study of organizational-level EHR adoption barriers and facilitators (physician acceptance, workflow disruption, change management determinants).",,,
R0479,B_incl_abstract,PubMed,Managing User Needs During the EHR Implementation in Buenos Aires City: The HelpDesk Role.,2017,,Journal Article,INCLUDE (abstract assessed),"Empirical study of organizational-level EHR implementation in Buenos Aires City, examining change management and support mechanisms (HelpDesk) as adoption facilitators during system rollout.",,,
R0483,B_incl_abstract,PubMed,Usage of and Attitudes Toward Health Information Exchange Before and After System Implementation in a VA Medical Center.,2019,,Journal Article,INCLUDE (abstract assessed),"Empirical quality improvement study of HIE system implementation at organizational level (VA Medical Center), measuring adoption outcomes (staff satisfaction, access to records) before/after implementation.",,,
R0533,B_incl_abstract,PubMed,Implementation of an HIV Case Based Surveillance Using Standards-Based Health Information Exchange in Rwanda.,2024,10.3233/SHTI231090,Journal Article,INCLUDE (abstract assessed),"Empirical study of implementation and interoperability of standards-based health information exchange (HL7 FHIR, DHIS-2) for HIV case-based surveillance at national/health system level in Rwanda; documents adoption barriers (workforce capacity) and technical determinants of organizational health-IT ",,,
R0540,B_incl_abstract,PubMed,Adoption of Electronic Health Record System in Community-Based Physiotherapy Clinics: A Pilot Case Study.,2017,,Journal Article,INCLUDE (abstract assessed),"Empirical case study of EHR/iEHR system adoption and implementation at organizational level (community physiotherapy clinics); examines determinants (barriers, facilitators, stakeholder attitudes, change readiness) of adoption with direct analysis of the adoption process and outcomes.",,,
R0558,B_incl_abstract,PubMed,Invisible work and changing roles: Health information technology implementation and reorganization of work practices for the inpatient nursing team.,2019,10.1016/j.socscimed.2019.112387,Journal Article,INCLUDE (abstract assessed),"Empirical study of HIT (health information technology) implementation at organizational level (hospital/health system) examining adoption determinants (barriers: workflow disruption, role reconfiguration; facilitators: staffing realignment) and work practice changes in an inpatient setting.",,,
R0576,B_incl_abstract,PubMed,Recommendations for Enhancing the Implementation and Utility of Shared Digital Health Records in Rural Australian Communities.,2018,,Journal Article,INCLUDE (abstract assessed),"Empirical study of adoption and implementation barriers/facilitators for My Health Record (national shared digital health record system) in rural Australian communities, with recommendations for national rollout—directly addresses organizational/national-level eHealth system adoption determinants.",,,
R0583,B_incl_abstract,PubMed,The implementation of an electronic health record: Comparing preparations for Epic in Norway with experiences from the UK and Denmark.,2019,10.1016/j.ijmedinf.2019.06.026,Comparative Study; Journal Article,INCLUDE (abstract assessed),"Empirical comparative study of EHR (Epic) implementation and adoption determinants across three healthcare systems (UK, Denmark, Norway); focuses on organizational/national-level barriers, facilitators, and implementation experiences.",,,
R0586,B_incl_abstract,PubMed,"Tracking the Implementation of Electronic Medical Records in Dubai, United Arab Emirates, Using an Adoption Benchmarking Tool.",2017,,Journal Article,INCLUDE (abstract assessed),"Empirical study tracking organizational EMR adoption and implementation progress across healthcare facilities in Dubai using a validated benchmarking tool (EMRAM), with comparative system-level data.",,,
R0592,B_incl_abstract,PubMed,Hospital adoption of electronic health record functions to support age-friendly care: results from a national survey.,2020,10.1093/jamia/ocaa129,"Journal Article; Research Support, Non-U.S. Gov't",INCLUDE (abstract assessed),Empirical national survey measuring organizational-level adoption of specific EHR functions across US hospitals; directly studies determinants (barriers/gaps) of EHR capability implementation at the healthcare system level.,,,
R0593,B_incl_abstract,PubMed,Electronic Health Record Adoption and Nurse Reports of Usability and Quality of Care: The Role of Work Environment.,2019,10.1055/s-0039-1678551,"Journal Article; Research Support, N.I.H., Extramural; Research Support, U.S. Gov't, P.H.S.",INCLUDE (abstract assessed),"Empirical study of organizational-level EHR adoption determinants (work environment, sociotechnical factors) and their effects on nurse-reported usability and quality of care outcomes in 353 hospitals.",,,
R0608,B_incl_abstract,PubMed,Incorporating human factors methods into the configuration and implementation of an electronic health record system.,2026,10.1177/08404704251355226,Journal Article,INCLUDE (abstract assessed),"Empirical study of human factors methods integration into large-scale organizational EHR implementation; addresses implementation determinants (usability optimization, workflow alignment, safety) at healthcare organization level.",,,
R0617,B_incl_abstract,PubMed,Barriers to Pediatric Health Information Exchange.,2017,10.1542/peds.2016-2653,Journal Article,INCLUDE (abstract assessed),Title clearly indicates organizational/national health information exchange (HIE) adoption study in pediatric healthcare setting; no abstract present but title is sufficiently specific to warrant inclusion as genuine HIE system adoption research.,,,
R0741,B_incl_abstract,PubMed,Interoperability of Health Information Systems in Low and Middle-Income Countries (LMIC): Implementation of Cluster Care System.,2025,10.3233/SHTI250736,Journal Article,INCLUDE (abstract assessed),"Empirical/framework study of HIS interoperability implementation (Cluster Care System) addressing organizational and national-level adoption barriers, facilitators, and scalability in LMICs—directly aligned with scope.",,,
R0823,B_incl_abstract,PubMed,Development and implementation of a digital health intervention in routine care for long COVID patients: a comprehensive synopsis.,2025,10.3310/GJHG0331,Journal Article; Systematic Review,INCLUDE (abstract assessed),"Empirical study of organizational-level adoption and implementation of a digital health system (EHR/health-IT intervention) within NHS trusts, examining barriers, facilitators, and deployment factors affecting clinician and healthcare system engagement.",,,
R0895,B_incl_abstract,PubMed,Identifying Barriers That Prevent the Usage of Health Information Exchange in Ohio.,2020,10.1177/8755122520924607,Journal Article,INCLUDE (abstract assessed),Empirical study identifying barriers and facilitators to HIE adoption and use by healthcare providers (pharmacists and other providers) at the organizational level within Ohio healthcare system.,,,
R0934,B_incl_abstract,PubMed,Perceived critical success factors of electronic health record system implementation in a dental clinic context: An organisational management perspective.,2017,10.1016/j.ijmedinf.2017.08.007,Journal Article,INCLUDE (abstract assessed),"Empirical study of EHR implementation determinants (critical success factors: usability, change management, training, project organisation) in a healthcare organization (dental clinic) within a national health-IT system context (Brunei's Bru-HIMS).",,,
R0937,B_incl_abstract,PubMed,The new European interoperability framework as a facilitator of digital transformation for citizen empowerment.,2019,10.1016/j.jbi.2019.103166,"Journal Article; Research Support, Non-U.S. Gov't",INCLUDE (abstract assessed),"Policy analysis of European Interoperability Framework as a facilitator for organizational/national-level adoption of interoperable eHealth systems (personal health records, health information exchange) addressing barriers and implementation requirements.",,,
R0942,B_incl_abstract,PubMed,Resource-based view on safety culture's influence on hospital performance: The moderating role of electronic health record implementation.,2020,10.1097/HMR.0000000000000217,Journal Article,INCLUDE (abstract assessed),Empirical study of EHR implementation as a moderator of safety culture's effect on hospital performance outcomes; examines organizational-level adoption and impact of EHR systems.,,,
R0965,B_incl_abstract,PubMed,Legal Barriers to the Growth of Health Information Exchange-Boulders or Pebbles?,2018,10.1111/1468-0009.12313,"Journal Article; Research Support, Non-U.S. Gov't",INCLUDE (abstract assessed),"Empirical policy analysis of legal determinants (barriers and facilitators) of HIE adoption at the national/system level in the United States, examining federal and state regulations and their effect on organizational participation in health information exchange.",,,
R0988,B_incl_abstract,PubMed,Implementation of a Medication Reconciliation Risk Stratification Tool Integrated within an electronic health record: A Case Series of Three Academic Medical Centers.,2022,10.1016/j.hjdsi.2022.100654,Case Reports; Journal Article,INCLUDE (abstract assessed),"Empirical case series study of organizational implementation and adoption of a medication reconciliation tool integrated within an EHR system at three academic medical centers; directly addresses adoption determinants (feasibility, workflow, interdisciplinary coordination) at the organizational leve",,,
R0997,B_incl_abstract,PubMed,Implementation of Electronic Health Record Integration and Clinical Decision Support to Improve Emergency Department Prescription Drug Monitoring Program Use.,2024,10.1016/j.annemergmed.2023.07.002,Journal Article,INCLUDE (abstract assessed),"Empirical study of EHR-PDMP integration and clinical decision support implementation to improve organizational adoption/use of PDMP within emergency departments; directly addresses determinants (barriers, facilitators) of health-IT system adoption at organizational level.",,,
R1059,B_incl_abstract,PubMed,Barriers to Health Information Exchange Among Ambulatory Physicians: Results From a Nationally Representative Sample.,2023,10.1097/JHQ.0000000000000404,Journal Article,INCLUDE (abstract assessed),Empirical study of barriers to adoption of HIE (health information exchange) at the organizational/provider level using nationally representative survey data; directly addresses determinants of HIE adoption.,,,
R1079,B_incl_abstract,PubMed,Interoperability Barriers in the European Health Data Space: A Scoping Review.,2026,10.3233/SHTI260408,Journal Article; Scoping Review,INCLUDE (abstract assessed),Scoping review of interoperability barriers to adoption/implementation of European Health Data Space (health-IT infrastructure system) at national/system level across EU Member States; empirical synthesis of determinants (barriers) to organizational and cross-border health-IT system adoption.,,,
R1081,B_incl_abstract,PubMed,Sustained User Engagement in Health Information Technology: The Long Road from Implementation to System Optimization of Computerized Physician Order Entry and Clinical Decision Support Systems for Prescribing in Hospitals in England.,2017,10.1111/1475-6773.12581,"Journal Article; Research Support, Non-U.S. Gov't",INCLUDE (abstract assessed),"Empirical qualitative study of organizational adoption and implementation of CPOE/CDS systems in hospitals, examining determinants (user engagement, perceived benefits, barriers, workarounds) of sustained system use and optimization.",,,
R1158,B_incl_abstract,PubMed,Investment subsidies and the adoption of electronic medical records in hospitals.,2015,10.1016/j.jhealeco.2015.10.001,Journal Article,INCLUDE (abstract assessed),"Empirical study of organizational-level EMR adoption determinants (financial incentives/subsidies) in hospitals at national scale, measuring adoption rates and cost-effectiveness of HITECH policy intervention.",,,
R1165,B_incl_abstract,PubMed,Barriers and facilitators to a health information exchange system between general practitioners and hospitals: a qualitative study in Southern Switzerland.,2021,10.4414/smw.2021.w30063,Journal Article,INCLUDE (abstract assessed),Empirical qualitative study of barriers and facilitators to HIE system adoption and use by healthcare providers (GPs) at regional organizational level in Switzerland; directly addresses determinants of interoperable eHealth system implementation.,,,
R1204,B_incl_abstract,PubMed,"An evidence-based strategy to achieve equivalency and interoperability for social-behavioral determinants of health assessment, storage, exchange, and use.",2020,10.1177/1460458219882265,Journal Article,INCLUDE (abstract assessed),Empirical strategy paper on interoperable exchange and storage of social-behavioral determinants of health data across healthcare organizational systems; addresses system-level implementation of health-IT infrastructure for data integration and use within a healthcare delivery system.,,,
R1223,B_incl_abstract,PubMed,"Integrating the Electronic Health Record into Behavioral Health Encounters: Strategies, Barriers, and Implications for Practice.",2017,10.1007/s10488-015-0676-3,Journal Article,INCLUDE (abstract assessed),"Qualitative study of EHR adoption and implementation strategies at the organizational/clinical-practice level in behavioral health; examines determinants (barriers, facilitators, optimization) of system integration into clinical workflows.",,,
R1307,B_incl_abstract,PubMed,Regional differences in electronic medical record adoption in Japan: A nationwide longitudinal ecological study.,2018,10.1016/j.ijmedinf.2018.05.002,"Journal Article; Research Support, Non-U.S. Gov't",INCLUDE (abstract assessed),"Nationwide ecological study of EMR adoption determinants at regional/organizational level (secondary medical service areas) in Japan, analyzing barriers and facilitators (income, doctor density, population density) to system adoption across healthcare settings.",,,
R1335,B_incl_abstract,PubMed,Success Factors of an Early EHR System for Child and Adolescent Mental Health: Lessons Learned for Future Practice Data-Driven Decision Aids.,2022,10.3233/SHTI220057,Journal Article,INCLUDE (abstract assessed),"Empirical study of success factors and determinants in adoption/implementation of a national EHR system (BUPdata) for child and adolescent mental health services at organizational and system level, with stakeholder interviews and lessons for future practice.",,,
R1337,B_incl_abstract,PubMed,Implementation of a Regional Standardised Model for Perinatal Electronic Medical Records.,2022,10.1007/s10916-022-01888-y,Journal Article,INCLUDE (abstract assessed),"Empirical study of perinatal EMR implementation and adoption across a regional healthcare system; describes barriers (form completion), facilitators (multidisciplinary redesign), and implementation outcomes at organizational/system level.",,,
R1398,B_incl_abstract,PubMed,The interaction between high-level electronic medical record adoption and hospitalist staffing levels: A focus on value-based purchasing.,2022,10.1177/09514848211001696,Journal Article,INCLUDE (abstract assessed),Empirical study of organizational-level EHR/EMR adoption determinants (capability levels) and their association with hospital performance; examines barriers/facilitators to system effectiveness at the hospital system level.,,,
R1419,B_incl_abstract,PubMed,Factors Influencing Implementation of an Electronic Medical Record in a Tertiary Cancer Centre.,2019,10.3233/SHTI190779,Journal Article,INCLUDE (abstract assessed),"Qualitative empirical study of barriers and enablers to EMR implementation at a tertiary cancer centre (organizational level), 12 months post-implementation, directly addressing adoption determinants.",,,
R1437,B_incl_abstract,PubMed,Exploring Factors Affecting Voluntary Adoption of Electronic Medical Records Among Physicians and Clinical Assistants of Small or Solo Private General Practice Clinics.,2018,10.1007/s10916-018-0971-0,Journal Article,INCLUDE (abstract assessed),"Empirical qualitative study of EMR adoption determinants (barriers, facilitators, factors) at the organizational level (small/solo private clinics), examining physicians' and clinical assistants' experiences during pilot implementation in a healthcare system reform context.",,,
R1441,B_incl_abstract,PubMed,"Implementation of electronic medical records requires more than new software: Lessons on integrating and managing health technologies from Mbarara, Uganda.",2015,10.1016/j.hjdsi.2015.08.006,Journal Article,INCLUDE (abstract assessed),"Empirical study of EMR implementation determinants (barriers, facilitators, change management, stakeholder engagement) at organizational level in a healthcare setting.",,,
R1498,B_incl_abstract,PubMed,Site readiness assessment preceding the implementation of a HIV care and treatment electronic medical record system in Kenya.,2018,10.1016/j.ijmedinf.2017.10.019,Journal Article,INCLUDE (abstract assessed),"Empirical study of EMR readiness assessment and adoption determinants (barriers, facilitators, organizational readiness factors) at multiple healthcare facilities in Kenya preceding KenyaEMR implementation—directly addresses organizational-level EHR/EMR adoption.",,,
R1527,B_incl_abstract,PubMed,Allied health professionals' experiences and lessons learned in response to a big bang electronic medical record implementation: A prospective observational study.,2023,10.1016/j.ijmedinf.2023.105094,Journal Article; Observational Study,INCLUDE (abstract assessed),"Empirical study of EMR adoption determinants (barriers, facilitators, acceptance factors, training needs, workflow impact) at organizational level (three Australian tertiary hospitals); big bang implementation with allied health professionals as primary population.",,,
R1530,B_incl_abstract,PubMed,Haiti’s National HIV Quality Management Program and the Implementation of an Electronic Medical Record to Drive Improvement in Patient Care.,2020,10.1007/978-3-030-43112-9_4,Review; Book Chapter,INCLUDE (abstract assessed),"National-level EHR implementation (iSanté) for HIV care with explicit focus on organizational quality improvement, data-driven decision-making, and system adoption across healthcare facilities.",,,
R1571,B_incl_abstract,PubMed,Understanding nurses' perceptions of barriers and enablers to use of a new electronic medical record system in Australia: A qualitative study.,2022,10.1016/j.ijmedinf.2021.104654,Journal Article,INCLUDE (abstract assessed),Empirical qualitative study of barriers and enablers to EMR adoption at organizational level (acute hospital system); directly addresses nurse adoption of new EHR system during implementation.,,,
R1578,B_incl_abstract,PubMed,Success factors for implementing and sustaining a mature electronic medical record in a low-resource setting: a case study of iSanté in Haiti.,2018,10.1093/heapol/czx171,Journal Article,INCLUDE (abstract assessed),"Empirical case study of organizational/national EMR adoption and maturation (iSanté, Haiti) analyzing implementation success factors and sustainability determinants at system level.",,,
R1587,B_incl_abstract,IEEE,An analysis of the adoption of health information exchange under network effects,2017,10.1109/ICSSSM.2017.7996261,IEEE Conferences,INCLUDE (abstract assessed),"Empirical/analytical study of organizational-level HIE adoption determinants (network effects, competitive dynamics, hospital decision-making) using economic modeling framework.",,,
R1589,B_incl_abstract,IEEE,Barriers and Facilitators of Health Information Exchange (HIE) Adoption in the United States,2015,10.1109/HICSS.2015.356,IEEE Conferences,INCLUDE (abstract assessed),Systematic literature review of barriers and facilitators of HIE adoption at organizational and national (U.S.) level; empirical synthesis study meeting scope.,,,
R1591,B_incl_abstract,IEEE,Implementation of a city-wide Health Information Exchange solution in the largest metropolitan region in China,2016,10.1109/BIBM.2016.7822626,IEEE Conferences,INCLUDE (abstract assessed),"Empirical study of city-wide HIE system implementation and adoption at organizational/regional level (Shanghai), with documented outcomes and determinants of successful deployment.",,,
R1594,B_incl_abstract,IEEE,A Preliminary Implementation of HL7 FHIR to Achieve Interoperability in Indonesia's Local EHR,2020,10.1109/ICT49546.2020.9239534,IEEE Conferences,INCLUDE (abstract assessed),Empirical study of EHR interoperability implementation (HL7 FHIR standard) at organizational level (Indonesian primary health centers); directly addresses adoption/feasibility of health-IT infrastructure for interoperability.,,,
R1596,B_incl_abstract,IEEE,A Cross-Country Comparison of Success Factor Priorities for Health Information Technology Managers: Evidence of Convergence in the Nordic Countries,2015,10.1109/HICSS.2015.342,IEEE Conferences,INCLUDE (abstract assessed),Empirical survey of IT managers across multiple healthcare organizations in Nordic countries examining HIT implementation success factors at the organizational/system level.,,,
R1607,B_incl_abstract,IEEE,Towards Federated Health Information Exchange Architecture in Indonesia: Design and Implementation,2025,10.1109/ICIMTech67074.2025.11264924,IEEE Conferences,INCLUDE (abstract assessed),"Empirical Design Science Research case study of federated HIE architecture adoption and implementation at organizational (regional) and national levels in Indonesia; directly addresses determinants (architectural, governance, interoperability strategies) of health information exchange system impleme",,,
R1623,B_incl_abstract,IEEE,The Country's Implementation and Adoption of Standardized Health Terminologies to Promote Interoperability: A Systematic Literature Review,2023,10.1109/ICIMTech59029.2023.10278050,IEEE Conferences,INCLUDE (abstract assessed),"Systematic review of health-terminology standards adoption for national interoperability; explicitly examines determinants (governance, maintenance, local adaptation) of health-IT system interoperability at organizational and national levels.",,,
R1647,B_incl_abstract,IEEE,Factors Affecting e-Health Adoption in South African Public Hospitals: A Case of Edendale Hospital,2021,,IEEE Conferences,INCLUDE (abstract assessed),"Empirical study of determinants (facilitating conditions, barriers, success factors) of e-health adoption at organizational level (single hospital, generalizable to South African public hospitals); quantitative methodology with 265 respondents; directly addresses adoption of e-health systems in heal",,,
R1665,B_incl_abstract,IEEE,"Legal, Ethical, Financial, and Technological (LEFT) Considerations for eHealth Implementation in Europe: Developing a Roadmap",2024,10.1109/HealthCom60970.2024.10880735,IEEE Conferences,INCLUDE (abstract assessed),"Framework/policy analysis addressing determinants (barriers, facilitators, preconditions) of eHealth system implementation at organizational/national level across legal, ethical, financial, and technological domains; focuses on interoperable eHealth infrastructure adoption.",,,
R0011,C_fulltext_excl,PubMed,"Beyond ""implementation"": digital health innovation and service design.",2018,10.1038/s41746-018-0059-8,Journal Article; Review,EXCLUDE (full-text),"Commentary on organizational-level digital health technology adoption using service design framework; addresses determinants (value proposition, team routines, stakeholder perspectives) of successful EHR/health-IT implementation in healthcare settings.",,,
R0035,C_fulltext_excl,PubMed,Implementation and Analysis of an Institution-Wide EHR-Integrated Handoff Note.,2022,10.3233/SHTI220103,Journal Article,EXCLUDE (full-text),"Empirical study of EHR-integrated handoff note implementation and adoption across multiple clinical services at an institution; describes implementation strategy, uptake patterns (57% continued utilization across service lines), and system evolution post-deployment—core organizational-level EHR adop",,,
R0106,C_fulltext_excl,PubMed,Enhancing nursing home quality through electronic health record implementation.,2025,10.1177/18333583241274010,Journal Article,EXCLUDE (full-text),Empirical study of EHR implementation determinants and impact at organizational level (nursing homes); examines barriers (financial constraints) and outcomes (quality/deficiencies) using panel regression; directly addresses system-level adoption.,,,
R0131,C_fulltext_excl,PubMed,Health Information Technology Adoption in the Emergency Department.,2016,10.1111/1475-6773.12307,"Journal Article; Research Support, Non-U.S. Gov't",EXCLUDE (full-text),Empirical study of health IT system adoption trends in hospital EDs at organizational level; examines determinants (effect on efficiency and resource use) of advanced IT adoption implementation.,,,
R0155,C_fulltext_excl,PubMed,The impact of e-health system implementation on UNWRA health services: an observational study.,2021,10.1016/S0140-6736(21)01503-8,Journal Article,EXCLUDE (full-text),Empirical observational study of EHR system implementation and its impact on health service delivery at organizational level (UNRWA multi-site health system across five operational fields); directly addresses adoption outcomes and system effectiveness on preventive-care indicators.,,,
R0204,C_fulltext_excl,PubMed,"Predicting Electronic Health Record Usability: Scoping Review of Adoption Models, Metrics, and Future Directions.",2026,10.2196/86076,Journal Article; Review; Scoping Review,EXCLUDE (full-text),"Scoping review of empirical research on EHR adoption and usability models, measurement approaches, and analytic methods at the organizational/system level; synthesizes determinants and frameworks (TAM, UTAUT, ISS model) used to assess EHR adoption and usability.",,,
R0207,C_fulltext_excl,PubMed,Acceptance of electronic referrals across the Kingdom of Saudi Arabia: results from a national e-health database.,2024,10.3389/fpubh.2024.1337138,Journal Article,EXCLUDE (full-text),"Empirical study of adoption/uptake of a national e-health system (SMARC e-referral) at the organizational and national level in Saudi Arabia; examines determinants (machinery availability, patient demographics, referral type, sex, geographic unit, internal vs. external referrals) of acceptance/adopt",,,
R0365,C_fulltext_excl,PubMed,"The Relationship Between Magnet Designation, Electronic Health Record Adoption, and Medicare Meaningful Use Payments.",2017,10.1097/CIN.0000000000000336,Journal Article,EXCLUDE (full-text),Empirical study examining organizational-level EHR adoption determinants (Magnet status as a facilitator) across US hospitals using validated adoption metrics and Medicare Meaningful Use outcomes.,,,
R0367,C_fulltext_excl,PubMed,CLUSTERING AND PRIORITIZING PATIENT SAFETY ISSUES DURING EHR IMPLEMENTATION AND UPGRADES IN HOSPITAL SETTINGS.,2017,10.1177/2327857917061028,Journal Article,EXCLUDE (full-text),Empirical study of determinants (barriers/safety issues) affecting EHR implementation and upgrades at the organizational level (hospitals); uses structured elicitation and prioritization methodology.,,,
R0373,C_fulltext_excl,PubMed,"Development, implementation, and initial evaluation of a foundational open interoperability standard for oncology treatment planning and summarization.",2015,10.1093/jamia/ocu015,"Evaluation Study; Journal Article; Research Support, Non-U.S. Gov't",EXCLUDE (full-text),Empirical evaluation of development and implementation of an HL7 interoperability standard (eCOTPS) for oncology health information exchange at the organizational level across multiple healthcare systems; directly addresses adoption and implementation determinants of health-IT infrastructure for cli,,,
R0409,C_fulltext_excl,PubMed,Comparing the Trends of Electronic Health Record Adoption Among Hospitals of the United States and Japan.,2019,10.1007/s10916-019-1361-y,Journal Article,EXCLUDE (full-text),"Empirical comparative study of EHR adoption trends at the organizational level (hospitals) across two national healthcare systems, stratified by hospital characteristics; directly addresses determinants (size, ownership status) of EHR adoption.",,,
R0423,C_fulltext_excl,PubMed,Responding to change: Could co-design overcome the complexities of electronic health record implementation?,2023,10.1111/medu.14990,Comment; Journal Article,EXCLUDE (full-text),"Title suggests organizational EHR implementation with co-design methodology, but absence of abstract and 'Comment' doctype create uncertainty about empirical rigor and actual scope.",,,
R0424,C_fulltext_excl,PubMed,"A Longitudinal Analysis of Institutional Adoption, Use, and Dissemination of an EHR Vendor-Based Data Sharing Program.",2025,10.3233/SHTI250820,Journal Article,EXCLUDE (full-text),"Empirical longitudinal study of organizational adoption, use, and dissemination of a health-IT data-sharing system (Epic Cosmos) across multiple healthcare organizations; directly examines adoption determinants (engagement, user uptake, platform utilization) at organizational/system level.",,,
R0427,C_fulltext_excl,PubMed,Call for implementation research: cross-continental partnership experiences from the Trans-African Digital e-Health Network (i-STARC Project).,2023,10.1136/ijgc-2021-003274,Journal Article,EXCLUDE (full-text),"Title indicates organizational/national e-health implementation and cross-continental partnership in digital health infrastructure (Trans-African Digital e-Health Network, i-STARC Project), suggesting system-level adoption focus; however, absence of abstract and venue specificity to gynecological ca",,,
R0441,C_fulltext_excl,PubMed,"Correspondence to ""Conceptualizing Patient as an Organization with the Adoption of Digital Health"".",2024,10.1177/11795972241293514,Journal Article,EXCLUDE (full-text),Title suggests conceptual/commentary framing on patient engagement with digital health adoption; absent abstract prevents confirmation of organizational/system-level adoption scope versus patient-facing individual acceptance. Correspondence/letter format raises X5 concern.,,,
R0484,C_fulltext_excl,PubMed,Personnel key to successful EHR implementation.,2015,,Journal Article,EXCLUDE (full-text),"Title clearly indicates organizational EHR implementation study; no abstract available but title explicitly names EHR adoption as the subject, meeting scope for determinants of health-IT system implementation at organizational level.",,,
R0491,C_fulltext_excl,PubMed,The heroes among us: Leveraging Africa's youth for effective digital health implementation in communities.,2025,10.1371/journal.pdig.0000954,Journal Article,EXCLUDE (full-text),Title suggests community-level digital health implementation in Africa with youth engagement; no abstract to confirm organizational/system-level adoption focus or empirical methodology. Requires full text review.,,,
R0492,C_fulltext_excl,PubMed,"Digital Health Technology Adoption Depends On Tech Comfort Level, Willingness to Pay.",2015,,Journal Article,EXCLUDE (full-text),"Title suggests individual/consumer-level technology acceptance (tech comfort, willingness to pay) rather than organizational/system-level adoption of EHR/HIE/health-IT infrastructure; absence of abstract prevents confirmation of study level and scope.",,,
R0493,C_fulltext_excl,PubMed,Critical Success Factors for a Successful EHR Implementation for Physicians Practices.,2015,,Journal Article,EXCLUDE (full-text),Title indicates empirical study of EHR implementation determinants (critical success factors) at the organizational level (physician practices); no abstract but title clearly signals organizational EHR adoption as the core topic.,,,
R0495,C_fulltext_excl,PubMed,Effects of HIE/HIT Implementation and Coordination of Care on Health Outcomes and Quality.,2015,,Journal Article,EXCLUDE (full-text),"Title indicates HIT/HIE implementation study, but absent abstract prevents confirmation that focus is organizational/system-level adoption determinants rather than clinical outcomes or system performance as primary outcome.",,,
R0498,C_fulltext_excl,PubMed,HOW FAR TO TRUE INTEROPERABILITY? Efforts ramp up to overcome barriers preventing the exchange of digital health information.,2015,,Journal Article,EXCLUDE (full-text),"Title indicates organizational/system-level health information exchange and interoperability barriers, consistent with scope; no abstract available to confirm empirical study or review methodology; treat as potentially eligible pending full-text review.",,,
R0512,C_fulltext_excl,PubMed,Long-term care needs guidance for the implementation of digital health technologies.,2023,10.1093/ageing/afad223,Journal Article,EXCLUDE (full-text),"Title suggests digital health implementation guidance in long-term care (organizational setting), but absence of abstract prevents confirmation of empirical study, review, or framework analysis vs. opinion/commentary; cannot verify adoption/determinants focus or sufficient methodology.",,,
R0552,C_fulltext_excl,PubMed,Improved Patient Flow and Provider Efficiency After the Implementation of an Electronic Health Record.,2019,10.1097/01.NCN.0000585332.14479.9e,Journal Article,EXCLUDE (full-text),"Title clearly indicates organizational-level EHR implementation study examining adoption outcomes (patient flow, provider efficiency); no abstract available but title scope matches target intervention and level.",,,
R0594,C_fulltext_excl,PubMed,"Adoption of Certified Electronic Health Record Systems and Electronic Information Sharing in Physician Offices: United States, 2013 and 2014.",2016,,Journal Article,EXCLUDE (full-text),"Empirical study of EHR adoption and electronic information sharing (HIE) at the organizational level (physician offices) and national/state level; reports determinants (adoption rates, geographic variation) of certified EHR system uptake.",,,
R0602,C_fulltext_excl,PubMed,Barriers to Adoption of Electronic Health Record Systems from the Perspective of Nurses: A Cross-sectional Study.,2022,10.1097/01.NCN.0000830160.90985.f0,Journal Article,EXCLUDE (full-text),Empirical cross-sectional study of barriers to EHR adoption from organizational perspective (nursing staff); directly addresses adoption determinants at healthcare organization level.,,,
R0629,C_fulltext_excl,PubMed,Electronic health record adoption among adult day services: Findings from the national study of long-term care providers.,2023,10.1111/jgs.18549,Journal Article,EXCLUDE (full-text),Empirical study of EHR adoption at organizational level (adult day services) with national scope; directly addresses adoption determinants in healthcare settings.,,,
R0635,C_fulltext_excl,PubMed,Adolescents Are Still Waiting on a Digital Health Revolution: Accelerating Research-to-Practice Translation Through Design for Implementation.,2022,10.1001/jamapediatrics.2022.0500,Journal Article,EXCLUDE (full-text),"Title suggests digital health implementation focus, but absence of abstract prevents definitive scope confirmation; likely out of scope (adolescent-facing digital health tool rather than organizational EHR/HIE adoption) but cannot exclude with certainty.",,,
R0722,C_fulltext_excl,PubMed,Changes in Medication Errors after Implementation of an Electronic Health Record System in a Canadian Community Hospital.,2026,10.4212/cjhp.3798,Journal Article,EXCLUDE (full-text),"Empirical study of EHR system implementation at organizational level (community hospital), examining adoption outcomes (medication error reduction) and organizational safety initiatives post-implementation.",,,
R0764,C_fulltext_excl,PubMed,Successful Implementation of a Perioperative Data Warehouse Using Another Hospital's Published Specification From Epic's Electronic Health Record System.,2021,10.1213/ANE.0000000000004806,"Journal Article; Research Support, Non-U.S. Gov't",EXCLUDE (full-text),"Empirical study of EHR/health-IT system implementation and adoption at organizational level (University of Miami adopting a perioperative data warehouse specification from Epic EHR); examines determinants of successful implementation (technical adaptation, local configuration, workflow integration) ",,,
R0819,C_fulltext_excl,PubMed,Rapid-Cycle Implementation of a Multi-Organization Registry for Heart Failure with Preserved Ejection Fraction Using Health Information Exchange Standards.,2019,10.3233/SHTI190534,Journal Article,EXCLUDE (full-text),"Empirical study of multi-organization EHR/HIE system implementation using standard interoperability protocols (SNOMED CT, LOINC, HIE) for registry construction—directly addresses organizational-level adoption and operationalization of health-IT infrastructure for data exchange.",,,
R0822,C_fulltext_excl,PubMed,Creation and implementation of an electronic health record note for quality improvement in pediatric epilepsy: Practical considerations and lessons learned.,2021,10.1002/epi4.12480,"Journal Article; Research Support, Non-U.S. Gov't",EXCLUDE (full-text),"Empirical study of EHR implementation (standardized electronic note) for quality improvement at a single healthcare organization (Alberta Children's Hospital); focuses on adoption, usability, and organizational integration of a health-IT system within routine clinical care.",,,
R0832,C_fulltext_excl,PubMed,Implementation of Clinical Pharmacogenomics within a Large Health System: From Electronic Health Record Decision Support to Consultation Services.,2016,10.1002/phar.1786,"Journal Article; Research Support, Non-U.S. Gov't",EXCLUDE (full-text),"Empirical study of organizational-level implementation of pharmacogenomic decision support and clinical services integrated into a large health system's EHR; describes adoption barriers, development processes, and deployment of interoperable health-IT infrastructure for gene-drug interaction informa",,,
R0842,C_fulltext_excl,PubMed,"Implementation of Certified EHR, Patient Portal, and ""Direct"" Messaging Technology in a Radiology Environment Enhances Communication of Radiology Results to Both Referring Physicians and Patients.",2016,10.1007/s10278-015-9845-x,Journal Article,EXCLUDE (full-text),"Empirical study of EHR/Direct-messaging adoption and implementation in a radiology organization, examining interoperability outcomes and patient engagement with system adoption as the primary focus.",,,
R0855,C_fulltext_excl,PubMed,Implementation challenges of the final rule of Title 42 of the Code of Federal Regulations part 2: can privacy endure in an era of electronic health information exchange?,2018,10.1111/ajad.12667,Journal Article,EXCLUDE (full-text),"Title indicates organizational/national health-IT adoption (42 CFR Part 2 privacy rule + EHI exchange implementation), but absence of abstract creates uncertainty about empirical design vs. policy commentary.",,,
R0948,C_fulltext_excl,PubMed,Using digital health to facilitate compliance with standardized pediatric cancer treatment guidelines in Tanzania: protocol for an early-stage effectiveness-implementation hybrid study.,2020,10.1186/s12885-020-6611-3,Journal Article,EXCLUDE (full-text),Empirical implementation study of a digital health system (mNavigator/EHR-like case management platform) designed to improve adoption and compliance with standardized treatment protocols at an organizational level (hospital facility in Tanzania); evaluates implementation barriers/facilitators using ,,,
R0967,C_fulltext_excl,PubMed,Chapter 5: Barriers and facilitators for eHealth.,2015,10.12968/jowc.2015.24.Sup5.S25,Journal Article,EXCLUDE (full-text),"Title indicates eHealth barriers/facilitators (on-scope topic), but absence of abstract and chapter designation create uncertainty about methodology, population level (patient vs. organizational), and empirical vs. narrative nature. Full text needed to confirm organizational/system-level adoption fo",,,
R1035,C_fulltext_excl,PubMed,Barriers and Benefits of EHR Usage in Missouri: A Five-Year Journey.,2017,,Journal Article,EXCLUDE (full-text),Title clearly indicates organizational/national EHR adoption study examining barriers and benefits over a multi-year period; no abstract available but scope is unambiguous.,,,
R1300,C_fulltext_excl,PubMed,Barriers to Local Public Health Chronic Disease Surveillance Through Health Information Exchange: A Capacity Assessment of Health Departments in the Health Information Network of South Texas.,2017,10.1097/PHH.0000000000000465,Journal Article,EXCLUDE (full-text),Empirical study of organizational-level barriers and facilitators to HIE adoption for public health surveillance; health department capacity assessment identifying determinants of system implementation.,,,
R1309,C_fulltext_excl,PubMed,Checklists for Successful Specialty Electronic Medical Record Implementation.,2020,10.1097/01.ASW.0000651948.65952.75,Journal Article,EXCLUDE (full-text),"Title indicates specialty EMR implementation (organizational level), but absent abstract prevents confirmation of whether study focuses on adoption/determinants vs. clinical outcomes or operational use. Cannot definitively exclude.",,,
R1347,C_fulltext_excl,PubMed,Barriers and facilitators to effective electronic health record-based sepsis screening in the pediatric intensive care unit.,2024,10.1093/jamiaopen/ooae048,Journal Article,EXCLUDE (full-text),"Empirical study of barriers and facilitators to adoption/implementation of an EMR-based sepsis screening tool at the organizational level (pediatric ICU), examining end-user experience and system effectiveness factors.",,,
R1413,C_fulltext_excl,PubMed,Implementation and Impact of Psychiatric Electronic Medical Records in a Public Medical Center.,2016,,Comparative Study; Journal Article,EXCLUDE (full-text),"Empirical comparative study of EMR implementation at organizational level (psychiatric outpatient clinic) examining adoption outcomes (documentation quality, barriers, benefits).",,,
R1436,C_fulltext_excl,PubMed,"The Role of a Nurse Practitioner in a ""Big Bang"" Electronic Medical Record Implementation.",2021,10.1097/CIN.0000000000000729,Journal Article,EXCLUDE (full-text),"Organizational-level EHR implementation study; title clearly indicates empirical analysis of nurse practitioner role in a 'Big Bang' EMR adoption at an organization. No abstract, but title scope is unambiguous and within PRISMA criteria.",,,
R1439,C_fulltext_excl,PubMed,Implementation of Best Practice Alert in an Electronic Medical Record to Limit Lower-Value Inpatient Echocardiograms.,2018,10.1016/j.amjcard.2018.07.017,Journal Article,EXCLUDE (full-text),Empirical study of EHR best practice alert implementation to reduce unnecessary imaging orders—directly addresses organizational-level adoption/optimization of EHR functionality for clinical decision support.,,,
R1449,C_fulltext_excl,PubMed,"Navigating medication safety with electronic medical records: insights from a dual-phase implementation in paediatric, neonatal and maternity care.",2025,10.1071/AH24344,Journal Article,EXCLUDE (full-text),"Empirical study of EMR implementation and adoption at organizational level (hospital division), evaluating determinants (workflow disruption, safety event outcomes) of a phased EMR roll-out in a healthcare system.",,,
R1550,C_fulltext_excl,PubMed,Implementation of a cloud-based electronic medical record exchange system in compliance with the integrating healthcare enterprise's cross-enterprise document sharing integration profile.,2017,10.1016/j.ijmedinf.2017.09.001,Journal Article,EXCLUDE (full-text),"Empirical study of organizational/national-level EHR exchange system implementation and adoption, comparing technical approaches for interoperability infrastructure (Taiwan's EEC), with explicit focus on system feasibility and effectiveness at the healthcare-system level.",,,
R1557,C_fulltext_excl,PubMed,Implementation of the Observational Medical Outcomes Partnership Model in Electronic Medical Record Systems: Evaluation Study Using Factor Analysis and Decision-Making Trial and Evaluation Laboratory-Best-Worst Methods.,2024,10.2196/58498,Journal Article,EXCLUDE (full-text),"Empirical study evaluating implementation and organizational adoption factors of OMOP data model integration into EMR systems; assesses determinants (resolution, ease of use, stakeholder priorities) influencing EMR system optimization at the organizational level.",,,
R1590,C_fulltext_excl,IEEE,Research and Implementation of Real World Traditional Chinese Medicine Clinical Scientific Research Information Electronic Medical Record Sharing System,2022,10.1109/BIBM55620.2022.9994972,IEEE Conferences,EXCLUDE (full-text),Empirical study of EHR system implementation and data integration across traditional Chinese medicine organizations to enable clinical data sharing at the organizational/system level.,,,
R1678,C_fulltext_excl,IEEE,Developing Fast Healthcare Interoperability Resources Implementation Guide for Indonesian Health Services,2025,10.1109/ICIMTech67074.2025.11265535,IEEE Conferences,EXCLUDE (full-text),"Empirical study (Action Design Research) developing and implementing a FHIR Implementation Guide for health data interoperability within Indonesia's national SATUSEHAT platform, addressing organizational/national-level health IT infrastructure adoption and implementation.",,,
R0018,D_stage2_excl,PubMed,Implementation of digital health technologies for older adults: a scoping review.,2024,10.3389/fragi.2024.1349520,Journal Article; Scoping Review,"EXCLUDE (Stage 2, X2)","Scoping review of digital health technologies (smartphones, tablets, wearables, AAL systems) for older adults' health outcomes and daily functioning; focuses on technology effectiveness and research quality rather than organizational/system-level adoption of interoperable EHR/EMR/HIE infrastructure.",,,
R0056,D_stage2_excl,PubMed,Physician EHR Time and Visit Volume Following Adoption of Team-Based Documentation Support.,2024,10.1001/jamainternmed.2024.4123,Journal Article,"EXCLUDE (Stage 2, X3)","Uses EHR system as data source to study physician documentation time and visit volume outcomes; does not examine organizational/system-level adoption, barriers, facilitators, or determinants of EHR implementation itself.",,,
R0060,D_stage2_excl,PubMed,Conceptualizing Patient as an Organization With the Adoption of Digital Health.,2024,10.1177/11795972241277292,Journal Article,"EXCLUDE (Stage 2, X1)","Study of individual patients' acceptance and adoption intention of digital health technologies (mobile/wearables) using TAM/HB/UTAUT models, with no organizational or system-level EHR/HIE/health-IT infrastructure adoption lens.",,,
R0062,D_stage2_excl,PubMed,Accelerating implementation of adolescent digital health prevention programs: analysis of insights from Australian stakeholders.,2024,10.3389/fpubh.2024.1389739,Journal Article,"EXCLUDE (Stage 2, X2)","Study evaluates a specific digital health prevention intervention (adolescent chronic disease prevention programs) for public health impact and feasibility, not organizational/system-level adoption of an EHR/EMR/HIE/health-IT infrastructure system.",,,
R0065,D_stage2_excl,PubMed,Using an Extended Technology Acceptance Model to Evaluate Digital Health Services.,2022,10.3233/SHTI220782,Journal Article,"EXCLUDE (Stage 2, X1)","Study of individual citizens' acceptance and intention to use a patient-facing digital health portal (PHIR), with no organizational or system-level adoption lens; evaluates user satisfaction and behavioral intent at the consumer level, not organizational/system-level barriers or facilitators to EHR/",,,
R0082,D_stage2_excl,PubMed,Barriers and facilitators to the adoption of digital health interventions for COPD management: A scoping review.,2023,10.1016/j.hrtlng.2023.02.004,Journal Article; Scoping Review,"EXCLUDE (Stage 2, X2)","Scoping review of digital health interventions (DHI) for COPD management focused on patient and healthcare provider adoption barriers/facilitators, not organizational or system-level EHR/EMR/HIE/health-IT infrastructure adoption.",,,
R0104,D_stage2_excl,PubMed,Implementation Strategies to Enhance the Implementation of eHealth Programs for Patients With Chronic Illnesses: Realist Systematic Review.,2019,10.2196/14255,"Journal Article; Research Support, Non-U.S. Gov't; Systematic Review","EXCLUDE (Stage 2, X2)","Studies implementation strategies for eHealth interventions targeting individual patients with chronic illness at home, not organizational/system-level adoption of EHR/EMR/HIE infrastructure.",,,
R0161,D_stage2_excl,PubMed,Use and Acceptance of Innovative Digital Health Solutions Among Patients and Professionals: Survey Study.,2025,10.2196/60779,Journal Article,"EXCLUDE (Stage 2, X1)","Survey of individual patients' and professionals' acceptance/attitudes toward digital health tools and telemedicine, without organizational or system-level adoption lens; no study of EHR/EMR/HIE/health-IT infrastructure implementation at organizational or national level.",,,
R0168,D_stage2_excl,PubMed,Identifying facilitators of and barriers to the adoption of dynamic consent in digital health ecosystems: a scoping review.,2023,10.1186/s12910-023-00988-9,Journal Article; Scoping Review,"EXCLUDE (Stage 2, X2)",Study focuses on adoption of dynamic consent (a specific digital health tool/intervention) rather than adoption of interoperable eHealth systems (EHR/EMR/HIE/health-IT infrastructure); consent mechanism is not itself a system-level health information technology infrastructure.,,,
R0175,D_stage2_excl,PubMed,Placing equity at the heart of eHealth implementation: a qualitative pilot study.,2022,10.1186/s12939-022-01640-5,"Journal Article; Research Support, Non-U.S. Gov't","EXCLUDE (Stage 2, X1)","Study focuses on patient/consumer equity concerns in eHealth uptake (safety, voice, representation, access barriers for vulnerable clients) rather than organizational or system-level adoption determinants; interviews with health professionals about client experiences, not about institutional/organiz",,,
R0215,D_stage2_excl,PubMed,What are the determinants of older people adopting communicative e-health services: a meta-ethnography.,2024,10.1186/s12913-023-10372-3,Journal Article; Review,"EXCLUDE (Stage 2, X1)","Study focuses on individual older adults' perceptions, barriers, and facilitators to adopting communicative e-health services (patient/consumer-facing portals and tools), without organizational or system-level implementation/adoption analysis.",,,
R0219,D_stage2_excl,PubMed,The Role of Health Information Technology in Pneumococcal Vaccination Uptake Among Adults with Heart Disease.,2022,10.1089/tmj.2021.0333,Journal Article,"EXCLUDE (Stage 2, X3)",Uses HIT as a predictor of individual patient vaccination behavior; studies patient-level health outcome (vaccine uptake) rather than organizational/system-level adoption of EHR/HIE/health-IT infrastructure.,,,
R0246,D_stage2_excl,PubMed,The digital divide: Racial disparities in adoption and utilization of health information technology among patients with lymphoid cancers.,2023,10.1002/cam4.6454,Journal Article,"EXCLUDE (Stage 2, X1)","Patient-level survey of individual patients' awareness, access, and adoption of EMR portal use; no organizational or system-level adoption lens.",,,
R0263,D_stage2_excl,PubMed,Unlocking digital health: inequalities in the adoption of a patient portal.,2026,10.1136/bmjhci-2025-101587,Journal Article,"EXCLUDE (Stage 2, X1)","Study examines patient portal activation and acceptance among individual patients, focusing on demographic/socioeconomic determinants of patient uptake and digital inequalities in consumer engagement with a portal tool, rather than organizational or system-level adoption barriers, facilitators, or i",,,
R0289,D_stage2_excl,PubMed,The Impact of an Integrated Electronic Health Record Adoption on Nursing Care Quality.,2016,10.1097/NNA.0000000000000360,Journal Article,"EXCLUDE (Stage 2, X3)","Uses EHR system as a data source/delivery channel to study clinical outcomes (falls, pressure ulcers, VAP, CLABSI, CAUTI rates, costs, turnover) rather than studying adoption determinants, barriers, or facilitators of the EHR system itself at organizational level.",,,
R0304,D_stage2_excl,PubMed,Adoption and Attitudes of eHealth Among People Living With HIV and Their Physicians: Online Multicenter Questionnaire Study.,2020,10.2196/16140,"Journal Article; Multicenter Study; Research Support, Non-U.S. Gov't","EXCLUDE (Stage 2, X1)","Study of individual patients' (PLHIV) and physicians' acceptance, attitudes, and perceptions of eHealth tools, focused on consumer/patient-facing adoption and use patterns, without organizational or system-level EHR/HIE/health-IT infrastructure adoption.",,,
R0316,D_stage2_excl,PubMed,"Lessons learned from early implementation of the Growing Expertise in E-health Knowledge and Skills (GEEKS) program in Nigeria, 2019 - 2021.",2023,10.11604/pamj.2023.46.81.38588,Journal Article,"EXCLUDE (Stage 2, X2)","Study evaluates a specific capacity-building/training intervention (GEEKS-EPI apprenticeship program) for a single domain (immunization surveillance data quality), not adoption/implementation determinants of an EHR/EMR/HIE/health-IT system at organizational or national level.",,,
R0317,D_stage2_excl,PubMed,A Survey-based Study of Pharmacist Acceptance and Resistance to Health Information Technology.,2019,,Journal Article,"EXCLUDE (Stage 2, X1)","Study of individual user (pharmacist) acceptance and attitudes to EMR use, without organizational-level adoption, implementation, or system-level determinants.",,,
R0332,D_stage2_excl,PubMed,Health Professionals' eHealth Literacy and System Experience Before and 3 Months After the Implementation of an Electronic Health Record System: Longitudinal Study.,2022,10.2196/29780,Journal Article,"EXCLUDE (Stage 2, X3)","Studies health professionals' eHealth literacy and perceived ease of use as outcomes of EHR implementation, rather than determinants/barriers/facilitators of organizational adoption of the EHR system itself.",,,
R0349,D_stage2_excl,PubMed,Design and Hospitalwide Implementation of a Standardized Discharge Summary in an Electronic Health Record.,2016,10.1016/S1553-7250(16)30107-6,Journal Article,"EXCLUDE (Stage 2, X3)","Studies EHR as a platform for standardizing discharge summary content to improve clinical communication outcomes, not adoption/implementation barriers or determinants of the EHR system itself.",,,
R0375,D_stage2_excl,PubMed,Factors Influencing Rural End-Users' Acceptance of e-Health in Developing Countries: A study on Portable Health Clinic in Bangladesh.,2019,10.1089/tmj.2018.0039,"Journal Article; Research Support, Non-U.S. Gov't","EXCLUDE (Stage 2, X1)","Study of individual end-users' acceptance and attitudes toward a portable health clinic e-health tool, using Technology Acceptance Model on rural respondents; no organizational or system-level adoption lens.",,,
R0376,D_stage2_excl,PubMed,"Toward equitable digital health: an integrated framework addressing exclusion, ethics, and implementation across healthcare systems.",2026,10.1186/s12939-026-02903-1,Journal Article; Review,"EXCLUDE (Stage 2, X3)","Narrative review of digital health equity, exclusion patterns, and ethical governance; uses digital health systems as a lens to study equity outcomes and framework development rather than studying organizational/system-level adoption of EHR/EMR/HIE/health-IT infrastructure itself.",,,
R0384,D_stage2_excl,PubMed,A Nationwide Natural Experiment of e-Health Implementation during the COVID-19 Pandemic in Poland: User Satisfaction and the Ease-of-Use of Remote Physician's Visits.,2022,10.3390/ijerph19148338,"Case Reports; Journal Article; Research Support, Non-U.S. Gov't","EXCLUDE (Stage 2, X1)",Study of individual users' satisfaction and ease-of-use perception of remote physician visits during pandemic; no organizational or system-level adoption/implementation analysis.,,,
R0408,D_stage2_excl,PubMed,Digital Health Applications in Dietetic Practice: A Cross-Sectional Online-Survey on Acceptance and Implementation in Austria.,2026,10.3233/SHTI260088,Journal Article,"EXCLUDE (Stage 2, X2)","Study of dietitians' acceptance of specific digital health applications (DiGA) as clinical tools for individual patient care, not organizational/system-level EHR/HIE/health-IT infrastructure adoption.",,,
R0419,D_stage2_excl,PubMed,Beyond usability: Designing digital health interventions for implementation with older adults.,2025,10.1111/jgs.19286,Journal Article,"EXCLUDE (Stage 2, X2)","Title indicates a design/usability study of digital health interventions for older adults, not organizational/system-level adoption of EHR/EMR/HIE/health-IT infrastructure.",,,
R0443,D_stage2_excl,PubMed,Integration of eHealth Tools in the Process of Workplace Health Promotion: Proposal for Design and Implementation.,2018,10.2196/jmir.8769,"Journal Article; Research Support, Non-U.S. Gov't","EXCLUDE (Stage 2, X4)","Workplace health promotion (WHP) is an occupational/employee wellness context, not a healthcare organizational or system-level adoption study of EHR/EMR/HIE/health-IT infrastructure; the eHealth tools described are behavioral-support and wellness platforms, not clinical interoperability systems.",,,
R0450,D_stage2_excl,PubMed,Quality measure performance in small practices before and after electronic health record adoption.,2015,10.13063/2327-9214.1131,Journal Article,"EXCLUDE (Stage 2, X3)","Uses EHR adoption as context but studies clinical quality measure performance (antithrombotic therapy, blood pressure control, smoking cessation) as the primary outcome, not adoption/implementation determinants or barriers/facilitators to EHR adoption itself.",,,
R0463,D_stage2_excl,PubMed,Towards the Implementation of an openEHR-based Open Source EHR Platform (a vision paper).,2015,,Journal Article,"EXCLUDE (Stage 2, X5)","Vision paper / architectural proposal without empirical evaluation of adoption, implementation barriers, facilitators, or determinants at organizational or national level.",,,
R0488,D_stage2_excl,PubMed,Factors that influence the adoption of a school-based eHealth alcohol prevention program among Spanish personnel: a mixed methods study.,2025,10.1186/s12889-025-21574-1,Journal Article,"EXCLUDE (Stage 2, X1)","Study focuses on individual school personnel's adoption intentions and attitudes toward an eHealth alcohol prevention program, not organizational or system-level adoption of interoperable EHR/EMR/HIE infrastructure.",,,
R0489,D_stage2_excl,PubMed,"Corrigendum to: Reconsidering hospital EHR adoption at the dawn of HITECH: implications of the reported 9% adoption of a ""basic"" EHR.",2021,10.1093/jamia/ocab213,Published Erratum,"EXCLUDE (Stage 2, X5)",Published erratum/corrigendum without substantive content; insufficient methodology for a standalone review record.,,,
R0490,D_stage2_excl,PubMed,Implementation of digital health interventions in respiratory medicine: a call to action by the European Respiratory Society m-Health/e-Health Group.,2020,10.1183/23120541.00281-2019,Journal Article,"EXCLUDE (Stage 2, X5)","Action plan / policy document without empirical study, systematic review, or framework analysis of actual adoption determinants.",,,
R0499,D_stage2_excl,PubMed,An international experience of electronic communication and implementation of eHealth solutions in a vascular surgery clinic.,2021,10.1007/s11845-020-02311-6,Journal Article,"EXCLUDE (Stage 2, X1)","Study of patient preferences and acceptance of communication technologies in a clinical setting, with no organizational or system-level adoption of EHR/EMR/HIE examined.",,,
R0501,D_stage2_excl,PubMed,Unraveling the Factors Associated With Digital Health Intervention Uptake: Cross-Sectional Study.,2025,10.2196/63896,Journal Article,"EXCLUDE (Stage 2, X1)","Study examines individual-level uptake of a consumer-facing digital health app (BitHabit) for lifestyle support, focusing on patient/user acceptance and sociodemographic predictors, with no organizational or system-level adoption lens (no EHR/EMR/HIE/health-IT infrastructure implementation).",,,
R0509,D_stage2_excl,PubMed,Stop the Divide: Facilitators and Barriers to Uptake of Digital Health Interventions Among Socially Disadvantaged Populations.,2023,10.31486/toj.22.0101,Journal Article,"EXCLUDE (Stage 2, X1)","Study focuses on patient and provider experience/acceptance of telehealth and digital health tools (portals, messaging, telemedicine visits) without examining organizational or system-level adoption of an interoperable EHR/EMR/HIE infrastructure system.",,,
R0513,D_stage2_excl,PubMed,Design and implementation of a New Blockchain-based digital health passport: A Moroccan case study.,2022,10.1016/j.imu.2022.101125,Journal Article,"EXCLUDE (Stage 2, X4)",Blockchain/cryptographic technology application for a health passport tool; not a study of organizational or national adoption/implementation of an EHR/EMR/HIE/health-IT infrastructure system.,,,
R0517,D_stage2_excl,PubMed,Lessons Learned About Digital Health Tool Acceptability Among Rural Older Adults: Systematic Review Guided by the Technology Acceptance Model.,2026,10.2196/70012,Journal Article; Review; Systematic Review,"EXCLUDE (Stage 2, X2)","Focuses on acceptability and usability of various digital health tools (videoconferencing, telehealth monitoring, telemedicine, computer-based interventions) for a patient population (rural older adults), not on organizational or system-level adoption of interoperable EHR/EMR/HIE infrastructure; no ",,,
R0520,D_stage2_excl,PubMed,Optimising difficult airway documentation: implementation of an automated update in the electronic health record.,2023,10.1016/j.bja.2023.04.003,Letter,"EXCLUDE (Stage 2, X5)",Letter publication type; no abstract provided; insufficient methodology documentation for systematic review inclusion.,,,
R0521,D_stage2_excl,PubMed,Electronic Health Record Implementation Is Associated With a Negligible Change in Outpatient Volume and Billing.,2017,,Journal Article,"EXCLUDE (Stage 2, X3)","Uses EHR implementation as a data source to study billing coding outcomes and up-coding patterns, rather than studying organizational adoption determinants, barriers, or facilitators of the EHR system itself.",,,
R0532,D_stage2_excl,PubMed,Prototypical Clinical Trial Registry Based on Fast Healthcare Interoperability Resources (FHIR): Design and Implementation Study.,2021,10.2196/20470,Journal Article,"EXCLUDE (Stage 2, X4)","Clinical trial registry system using FHIR as a data exchange format for trial management — not an organizational/national EHR/EMR/HIE/health-IT infrastructure adoption study. Focuses on interoperability standards application to trial data harmonization, not determinants of adoption of core health IT",,,
R0546,D_stage2_excl,PubMed,Analysis of the effects of EHR implementation on timeliness of care in a dermatology clinic: a simulation study.,2018,10.1093/jamia/ocy024,Journal Article,"EXCLUDE (Stage 2, X3)","Uses EHR implementation as context to study clinical operational outcomes (wait times, length of stay) via simulation, rather than studying determinants or barriers/facilitators of EHR adoption itself at organizational or system level.",,,
R0556,D_stage2_excl,PubMed,"Hazards for the Implementation and Use of Artificial Intelligence Enabled Digital Health Interventions, a UK Perspective.",2022,10.3233/SHTI210847,Journal Article,"EXCLUDE (Stage 2, X3)","Studies hazard/safety assurance of AI-enabled digital health interventions as a technical/regulatory problem, not adoption/implementation determinants (barriers, facilitators, uptake) of organizational EHR/HIE/health-IT systems.",,,
R0568,D_stage2_excl,PubMed,Facilitators and Barriers of Electronic Health Record Patient Portal Adoption by Older Adults: A Literature Study.,2017,,Journal Article; Review,"EXCLUDE (Stage 2, X1)","Study of individual patients' (older adults') acceptance and adoption of a patient portal, with no organizational or system-level implementation lens; focuses on patient-level determinants of portal use rather than healthcare organization or national EHR/HIE system adoption.",,,
R0570,D_stage2_excl,PubMed,Electronic Health Record Adoption and Its Effects on Healthcare Staff: A Qualitative Study of Well-Being and Workplace Stress.,2024,10.3390/ijerph21111430,Journal Article,"EXCLUDE (Stage 2, X3)",Studies EHR adoption's effects on staff well-being and workplace stress (clinical/employee outcomes) rather than determinants of organizational adoption of EHR systems.,,,
R0611,D_stage2_excl,PubMed,Sustainability of a digital health intervention within Pakistan's remote health system: learning from implementation research.,2025,10.47391/JPMA.10624,Journal Article,"EXCLUDE (Stage 2, X2)",Specific mHealth tool (Hayat) for maternal/child health record-keeping and awareness in remote areas; evaluated for adoption and sustainability of that particular intervention rather than organizational/national EHR/EMR/HIE system adoption.,,,
R0620,D_stage2_excl,PubMed,Implementation of Telemonitoring in Health Care: Facilitators and Barriers for Using eHealth for Older Adults with Chronic Conditions.,2023,10.2147/RMHP.S396495,Journal Article,"EXCLUDE (Stage 2, X2)",Single-intervention telemonitoring tool for chronic disease management in older adults; studied for implementation feasibility and staff acceptance rather than organizational/system-level EHR/HIE/health-IT infrastructure adoption.,,,
R0634,D_stage2_excl,PubMed,Acceptance and perceived usefulness of digital health services in the management of chronic urticaria: a survey of patients and physicians.,2025,10.1186/s12913-025-13043-7,Journal Article,"EXCLUDE (Stage 2, X2)",Single-condition digital-health intervention (apps and video consultations for chronic urticaria management) evaluated for patient/physician acceptance rather than organizational or system-level EHR/HIE/health-IT infrastructure adoption.,,,
R0638,D_stage2_excl,PubMed,E-health. Patterns of use and perceived benefits and barriers among people living with HIV and their physicians. Part 2: Health apps and smart devices.,2020,10.1016/j.medmal.2020.04.005,Journal Article; Multicenter Study,"EXCLUDE (Stage 2, X2)","Study of mHealth apps and smart devices for a single clinical condition (HIV) evaluated for patient/physician acceptance and perceived barriers, not organizational or system-level EHR/EMR/HIE adoption.",,,
R0648,D_stage2_excl,PubMed,"Response to ""Electronic Health Record Implementation Enhances Financial Performance in High Medicaid Nursing Homes"" [Letter].",2024,10.2147/JMDH.S487196,Journal Article,"EXCLUDE (Stage 2, X5)",Letter/response publication type with no abstract; insufficient methodology documentation for eligibility determination.,,,
R0673,D_stage2_excl,PubMed,Trends and Types of Medical Errors Reporting Following the Implementation of Electronic Health Record System.,2026,10.2147/DHPS.S558973,Journal Article,"EXCLUDE (Stage 2, X3)","Uses EHR system as a data source to study medication error patterns and clinical outcomes, rather than studying adoption/implementation/determinants of the EHR system itself.",,,
R0687,D_stage2_excl,PubMed,Clinical Genomic Sequencing Reports in Electronic Health Record Systems Based on International Standards: Implementation Study.,2020,10.2196/15040,"Journal Article; Research Support, Non-U.S. Gov't","EXCLUDE (Stage 2, X3)","Uses EHR system as implementation platform for genomic data standards; primary focus is technical interoperability of sequencing reports and FHIR resources, not organizational/system-level adoption of the EHR itself.",,,
R0688,D_stage2_excl,PubMed,"""Connection"": The Integration of a Person-Centered Narrative Intervention into the Electronic Health Record: An Implementation Study.",2020,10.1089/jpm.2019.0376,"Journal Article; Research Support, N.I.H., Extramural","EXCLUDE (Stage 2, X2)",Study evaluates acceptability/usability of a specific narrative intervention tool for individual patients and bedside nurses in one acute care hospital; focuses on patient-clinician communication and patient experience rather than organizational adoption of an EHR/HIE system itself.,,,
R0697,D_stage2_excl,PubMed,Targeted EHR-based communication of diagnostic uncertainty (TECU) in the emergency department: Protocol for an effectiveness implementation trial.,2025,10.1016/j.cct.2025.107910,Clinical Trial Protocol; Journal Article,"EXCLUDE (Stage 2, X2)","Protocol for a clinical intervention (uncertainty communication checklist and discharge document) targeting individual patient outcomes (reducing patient uncertainty, return ED visits) in a specific clinical context (ED discharge with diagnostic uncertainty), evaluated for clinical effectiveness rat",,,
R0713,D_stage2_excl,PubMed,Influence of eHealth literacy on acceptance of healthcare services with risks in China: chain-mediating effect of general risk propensity and self-efficacy.,2025,10.1016/j.puhe.2025.105891,Journal Article,"EXCLUDE (Stage 2, X3)","Studies acceptance of specific healthcare services (vaccines, telemedicine, home care, brain-computer interfaces) as outcomes, not adoption/implementation of an EHR/EMR/HIE/health-IT system itself; eHealth literacy is a predictor of service acceptance, not a study of organizational or national syste",,,
R0715,D_stage2_excl,PubMed,Implementation of a Digital Health Tool for Patients Awaiting Input From a Specialist Weight Management Team: Observational Study.,2023,10.2196/41256,Journal Article,"EXCLUDE (Stage 2, X1)",Study of patient-level acceptance and engagement with a digital weight-loss app in a specialist clinic waiting list; no organizational or system-level adoption of an EHR/EMR/HIE/health-IT infrastructure system.,,,
R0734,D_stage2_excl,PubMed,Acceptance and use of digital health technologies among physiotherapists in Germany: a web-based cross-sectional survey.,2026,10.1186/s12913-026-14005-3,Journal Article,"EXCLUDE (Stage 2, X1)","Study of individual healthcare professionals' (physiotherapists') acceptance and use of digital health technologies, assessed via personal determinants and UTAUT model; lacks organizational or system-level adoption lens required for this review scope.",,,
R0736,D_stage2_excl,PubMed,Attitudes towards digital health technology for the care of people with chronic kidney disease: A technology acceptance model exploration.,2024,10.1371/journal.pdig.0000614,Journal Article,"EXCLUDE (Stage 2, X1)","Study of individual patients' acceptance and attitudes toward digital health technology, with no organizational or system-level adoption lens; focuses on patient-level intention to use rather than healthcare organization or national system adoption of EHR/HIE infrastructure.",,,
R0754,D_stage2_excl,PubMed,Telemedicine implementation and healthcare utilization in Rwanda: interrupted time series of babyl digital health services from 2015 to 2024.,2026,10.1186/s12875-026-03179-8,Journal Article,"EXCLUDE (Stage 2, X3)",Uses telemedicine system as data source to study healthcare utilization patterns and clinical outcomes (facility-based consultations for specific conditions) rather than studying adoption/implementation determinants of the system itself.,,,
R0761,D_stage2_excl,PubMed,Development and Validation of Electronic Health Record Measures of Safety Planning Practices as Part of Zero Suicide Implementation.,2025,10.1080/13811118.2024.2394676,"Journal Article; Research Support, N.I.H., Extramural; Validation Study","EXCLUDE (Stage 2, X3)",Uses EHR systems as a data source to measure clinical safety planning documentation and suicide prevention practice uptake; focuses on clinical quality metrics and patient outcomes rather than organizational adoption or implementation of the EHR/health-IT system itself.,,,
R0776,D_stage2_excl,PubMed,A Generic Transformation Approach for Complex Laboratory Data Using the Fast Healthcare Interoperability Resources Mapping Language: Method Development and Implementation.,2024,10.2196/57569,"Journal Article; Research Support, Non-U.S. Gov't","EXCLUDE (Stage 2, X3)","Studies data transformation and technical interoperability infrastructure (FHIR mapping, server configuration) rather than organizational or system-level adoption, barriers, facilitators, or implementation determinants of EHR/HIE systems.",,,
R0778,D_stage2_excl,PubMed,Training for the Digital Clinical Environment: Preliminary Findings in Implementation of Electronic Health Record Platform in Medical Education.,2026,10.1007/s10916-026-02411-3,Journal Article,"EXCLUDE (Stage 2, X1)","Study of individual learners' (medical students') usability, satisfaction, and perceived learning with an educational EHR platform, not organizational or system-level adoption of interoperable EHR/HIE systems in healthcare delivery.",,,
R0783,D_stage2_excl,PubMed,Challenges and experiences in digital health equity: a qualitative exploration of the implementation of the Health Code system in China.,2025,10.1186/s12939-025-02720-y,Journal Article,"EXCLUDE (Stage 2, X1)","Study focuses on older adults' individual acceptance, barriers, and use of Health Code and DHTs as end-users, without organizational or system-level adoption lens; primary framing is equity/access for vulnerable populations rather than organizational/national health-IT system adoption.",,,
R0810,D_stage2_excl,PubMed,Implementation of an electronic health record-based tool increases administration of venous thromboembolism chemoprophylaxis in trauma.,2026,10.1016/j.surg.2025.109857,Journal Article,"EXCLUDE (Stage 2, X3)","Uses EHR tool as a delivery channel to improve a clinical outcome (VTE prophylaxis compliance); studies clinical protocol adherence and patient safety metrics, not organizational/system-level adoption of the EHR itself.",,,
R0830,D_stage2_excl,PubMed,Evolution of Nursing Workload Indicators Since the Implementation of the Electronic Health Record at a Tertiary Hospital in Spain.,2021,10.1097/CIN.0000000000000759,Journal Article,"EXCLUDE (Stage 2, X3)","Uses EHR system as data source to study clinical workload/documentation burden outcomes rather than studying organizational adoption, barriers, or facilitators of the EHR system itself.",,,
R0839,D_stage2_excl,PubMed,Real-world Implementation of an eHealth System Based on Artificial Intelligence Designed to Predict and Reduce Emergency Department Visits by Older Adults: Pragmatic Trial.,2022,10.2196/40387,"Journal Article; Multicenter Study; Research Support, Non-U.S. Gov't","EXCLUDE (Stage 2, X3)","Study uses an eHealth system as a delivery channel to evaluate clinical outcomes (ED visit reduction, mortality) rather than studying adoption/implementation determinants of the eHealth system itself at organizational or system level.",,,
R0858,D_stage2_excl,PubMed,Barriers and enablers of uptake and adherence to digital health interventions in older patients with cancer: A systematic review.,2022,10.1016/j.jgo.2022.06.004,Journal Article; Systematic Review,"EXCLUDE (Stage 2, X1)","Studies patient/consumer-facing acceptance and use of digital health interventions (portals, remote access tools) among individual older cancer patients, with no organizational or health-system-level adoption lens.",,,
R0862,D_stage2_excl,PubMed,Evaluation of Nurse-Managed Heparin Nomogram Adherence After Implementation of an Electronic Health Record-Embedded Heparin Calculator: An Antithrombotic Stewardship Initiative.,2026,10.1177/10600280251395053,Journal Article; Multicenter Study; Observational Study,"EXCLUDE (Stage 2, X3)",Uses EHR system as delivery channel to study clinical outcome (heparin dosing adherence and aPTT achievement) rather than studying adoption/implementation/determinants of the EHR/health-IT system itself.,,,
R0887,D_stage2_excl,PubMed,Implementation of an Electronic Health Record Integrated Clinical Pathway Improves Adherence to COVID-19 Hospital Care Guidelines.,2022,10.1097/JMQ.0000000000000036,Journal Article,"EXCLUDE (Stage 2, X3)","Studies EHR system as a delivery channel to improve clinical adherence and treatment outcomes for COVID-19 patients, rather than studying adoption/implementation/barriers/facilitators of the EHR/health-IT system itself at organizational or system level.",,,
R0890,D_stage2_excl,PubMed,"Implementation and Evaluation of a Patient-Focused eHealth Intervention, My Kidneys My Health, in Primary Care and General Nephrology Clinics: Multimethods Study.",2025,10.2196/71832,Journal Article,"EXCLUDE (Stage 2, X1)","Study focuses on implementation of a patient-facing self-management intervention (My Kidneys My Health app/resource) from the provider perspective, but the core outcome is patient engagement and self-management support rather than organizational or system-level adoption of an interoperable eHealth i",,,
R0903,D_stage2_excl,PubMed,"Health literacy, digital health literacy and the implementation of digital health technologies in cancer care: the need for a strategic approach.",2021,10.1002/hpja.387,Journal Article,"EXCLUDE (Stage 2, X2)","Studies digital health literacy as a barrier/enabler to cancer care engagement, not organizational/system-level adoption of an EHR/EMR/HIE infrastructure system; focuses on user capability and design responsiveness rather than institutional implementation determinants.",,,
R0918,D_stage2_excl,PubMed,Patient-Centric Scheduling With the Implementation of Health Information Technology to Improve the Patient Experience and Access to Care: Retrospective Case-Control Analysis.,2020,10.2196/16451,Journal Article,"EXCLUDE (Stage 2, X1)","Study of patient acceptance and utilization of an automated appointment-rescheduling tool (Fast Pass), focused on individual patient uptake and appointment outcomes; no organizational or system-level adoption of EHR/HIE/health-IT infrastructure.",,,
R0920,D_stage2_excl,PubMed,Implementation and Feasibility of an Electronic Health Record-Integrated Patient-Reported Outcomes Symptom and Needs Monitoring Pilot in Ambulatory Oncology.,2022,10.1200/OP.21.00706,"Journal Article; Research Support, N.I.H., Extramural; Research Support, U.S. Gov't, P.H.S.","EXCLUDE (Stage 2, X1)",Patient-facing symptom screening tool evaluated for feasibility and patient completion; no organizational or system-level adoption determinants studied.,,,
R0924,D_stage2_excl,PubMed,Development of an instrument (Cost-IS) to estimate costs of implementation strategies for digital health solutions: a modified e-Delphi study.,2025,10.1186/s13012-025-01423-w,Journal Article,"EXCLUDE (Stage 2, X5)",Instrument development study using modified e-Delphi; focuses on creating a costing tool rather than empirically studying adoption/implementation of an actual EHR/HIE/health-IT system at organizational or national level.,,,
R0929,D_stage2_excl,PubMed,Implementation of a Machine-Learning Algorithm in the Electronic Health Record for Targeted Screening for Familial Hypercholesterolemia: A Quality Improvement Study.,2021,10.1161/CIRCOUTCOMES.120.007641,"Journal Article; Research Support, Non-U.S. Gov't","EXCLUDE (Stage 2, X3)","Uses EHR as a data source/delivery channel to implement a clinical screening algorithm for a specific condition (familial hypercholesterolemia), focused on clinical outcome (targeted screening effectiveness) rather than studying organizational adoption of the EHR/health-IT system itself.",,,
R0944,D_stage2_excl,PubMed,The French eHealth Acceptability Scale Using the Unified Theory of Acceptance and Use of Technology 2 Model: Instrument Validation Study.,2020,10.2196/16520,"Journal Article; Research Support, Non-U.S. Gov't; Validation Study","EXCLUDE (Stage 2, X1)","Study focuses on validation of an acceptability measurement scale for individual technology users' perceptions and intentions, not organizational or system-level adoption of EHR/EMR/HIE infrastructure.",,,
R0959,D_stage2_excl,PubMed,Implementation of an Electronic Health Record Alert to Improve Naloxone Coprescribing for Adult Patients With Cancer at Risk for Opioid Overdose.,2025,10.6004/jadpro.2025.16.7.24,Journal Article,"EXCLUDE (Stage 2, X3)",Uses EHR system as delivery channel to improve a clinical outcome (naloxone coprescribing rates for opioid safety) rather than studying adoption/implementation/determinants of the EHR/health-IT system itself.,,,
R0968,D_stage2_excl,PubMed,"Digital health adoption in nutrition care: A national cross-sectional, Arabic-validated survey and cluster analysis of patient experience and willingness to use telenutrition in Saudi Arabia.",2026,10.1177/20552076261419237,Journal Article,"EXCLUDE (Stage 2, X1)","Study assesses individual patients'/consumers' acceptance, comfort, and willingness to use a direct-to-consumer telenutrition service; no organizational or system-level adoption lens for EHR/EMR/HIE/health-IT infrastructure.",,,
R0989,D_stage2_excl,PubMed,Patterns and Influencing Factors of eHealth Tools Adoption Among Medicaid and Non-Medicaid Populations From the Health Information National Trends Survey (HINTS) 2017-2019: Questionnaire Study.,2021,10.2196/25809,Historical Article; Journal Article,"EXCLUDE (Stage 2, X1)","Study of individual patients'/consumers' adoption and use of eHealth tools (portals, mobile health apps, social media) among Medicaid beneficiaries; no organizational or system-level EHR/EMR/HIE adoption lens.",,,
R0990,D_stage2_excl,PubMed,Examining the Implementation of Digital Health to Strengthen the COVID-19 Pandemic Response and Recovery and Scale up Equitable Vaccine Access in African Countries.,2022,10.2196/34363,Journal Article,"EXCLUDE (Stage 2, X3)","Uses digital health as a tool to address COVID-19 response outcomes (case management, vaccine distribution, disease surveillance) rather than studying adoption/implementation determinants of EHR/HIE/health-IT systems themselves at organizational or national level.",,,
R0993,D_stage2_excl,PubMed,Implementation of an interruptive electronic health record alert improves optimal antibiotic prescribing in ambulatory patients with acute bacterial sinusitis: a quasi-experiment.,2026,10.1017/ash.2025.10283,Journal Article,"EXCLUDE (Stage 2, X3)","Uses EHR alert as a delivery mechanism to study clinical prescribing outcome (antibiotic appropriateness for sinusitis), not organizational adoption of the EHR/health-IT system itself.",,,
R1006,D_stage2_excl,PubMed,Determinants of consent for electronic health information exchange: an observational retrospective study.,2025,10.1186/s12961-025-01377-x,Journal Article; Observational Study,"EXCLUDE (Stage 2, X1)","Study examines individual patient consent decisions for HIE participation, not organizational or system-level adoption/implementation of EHR/HIE infrastructure itself.",,,
R1019,D_stage2_excl,PubMed,Capturing a Patient-Reported Measure of Physical Function Through an Online Electronic Health Record Patient Portal in an Ambulatory Clinic: Implementation Study.,2018,10.2196/medinform.8687,Journal Article,"EXCLUDE (Stage 2, X1)","Study of patient-level adoption and use of a patient portal feature (PROMIS form completion) in individual patients with rheumatoid arthritis, evaluated for implementation barriers and disparities in patient engagement, not organizational or system-level EHR/HIE adoption.",,,
R1025,D_stage2_excl,PubMed,Developing electronic health record-based measures of the 4Ms to support implementation and evidence generation for Age-Friendly Health Systems.,2024,10.1111/jgs.18722,"Journal Article; Research Support, Non-U.S. Gov't","EXCLUDE (Stage 2, X3)","Uses EHR system as a data source to develop and measure adherence to clinical care practices (4Ms framework for geriatric care); focuses on clinical process measurement and implementation evaluation at one institution, not on organizational/system-level adoption determinants of the EHR/health-IT sys",,,
R1045,D_stage2_excl,PubMed,Coproducing Knowledge of the Implementation of Complex Digital Health Interventions for Adults with Acquired Brain Injury and their Communication Partners: Protocol for a Mixed Methods Study.,2022,10.2196/35080,Journal Article,"EXCLUDE (Stage 2, X2)",Study evaluates a specific digital health intervention (Social Brain Toolkit) for a single clinical population (acquired brain injury) focused on implementation feasibility and stakeholder engagement rather than adoption determinants of a generic EHR/EMR/HIE/health-IT system at organizational or nat,,,
R1052,D_stage2_excl,PubMed,Patients' and healthcare providers' perceptions in outpatient palliative cancer care services at a tertiary care hospital in Sri Lanka: prospects for adoption of a digital health intervention.,2026,10.1186/s12913-026-14528-9,Journal Article,"EXCLUDE (Stage 2, X2)","Single-intervention digital health tool (DHI for palliative cancer care) evaluated for feasibility and stakeholder acceptance in a specific clinical context, rather than organizational/system-level adoption of an interoperable EHR/EMR/HIE infrastructure system.",,,
R1064,D_stage2_excl,PubMed,"""Addressing barriers to digital health readiness among a Latino population"".",2024,10.1016/j.pecinn.2024.100336,Journal Article,"EXCLUDE (Stage 2, X1)",Study of individual patients' barriers to personal use of telehealth/digital health tools; no organizational or system-level adoption of EHR/EMR/HIE/health-IT infrastructure.,,,
R1089,D_stage2_excl,PubMed,Willingness of diabetes mellitus patients to use mHealth applications and its associated factors for self-care management in a low-income country: an input for digital health implementation.,2023,10.1136/bmjhci-2023-100761,Journal Article,"EXCLUDE (Stage 2, X1)","Study of individual patients' willingness/acceptance of an mHealth app for diabetes self-care, with no organizational or health-system-level adoption lens; focuses on patient-level determinants of use rather than institutional/national EHR/HIE system implementation.",,,
R1093,D_stage2_excl,PubMed,Implementation of a digital nurse to improve the use of digital health applications (DiGA) for older people with depressive disorders (DiGA4Aged): a randomized proof of concept study.,2025,10.1186/s13063-025-08809-7,Clinical Trial Protocol; Journal Article,"EXCLUDE (Stage 2, X2)","Study evaluates a specific mHealth intervention (digital nurse support + DiGA app) for a single clinical condition (depression in older adults), focused on patient adoption and clinical feasibility rather than organizational or health-system-level EHR/HIE/health-IT infrastructure implementation.",,,
R1101,D_stage2_excl,PubMed,Renal medication-related clinical decision support (CDS) alerts and overrides in the inpatient setting following implementation of a commercial electronic health record: implications for designing more effective alerts.,2021,10.1093/jamia/ocaa222,Journal Article,"EXCLUDE (Stage 2, X3)","Uses EHR/CDS system as a data source to study alert appropriateness and clinical outcomes (adverse drug events), rather than studying adoption, implementation barriers, or determinants of the EHR system itself.",,,
R1105,D_stage2_excl,PubMed,"Clinic-wide depression screening in the waiting room using electronic health record integrated patient health questionnaire surveys: Implementation science outcomes for reach, inequitable reach and perceptions of barriers.",2025,10.1037/ser0000937,Journal Article,"EXCLUDE (Stage 2, X3)","Uses EHR as a delivery channel to study depression screening outcomes and implementation barriers in a single clinic; not studying adoption of the EHR/health-IT system itself, but rather adoption of a specific clinical screening workflow (PHQ administration) embedded within an existing EHR.",,,
R1120,D_stage2_excl,PubMed,Barriers and challenges of using health information technology in home care: A systematic review.,2022,10.1002/hpm.3492,Journal Article; Systematic Review,"EXCLUDE (Stage 2, X4)","Home care IT is a specific care-delivery setting/application, not organizational/national EHR/EMR/HIE/health-IT-infrastructure adoption; barriers study does not address system-level interoperability or health information exchange adoption.",,,
R1123,D_stage2_excl,PubMed,Understanding the multilevel factors influencing the implementation of digital health interventions for supportive care in Adolescents and Young Adult (AYA) cancer survivorship: determinants of adopting mindfulness-based mobile applications.,2024,10.1186/s43058-024-00612-w,Journal Article,"EXCLUDE (Stage 2, X2)","Studies a single-condition, single-intervention digital health tool (mindfulness-based mobile app for AYA cancer survivors) evaluated for feasibility and barriers/facilitators to uptake, not organizational or system-level EHR/HIE/health-IT infrastructure adoption.",,,
R1138,D_stage2_excl,PubMed,Implementing an eHealth Model of Care for Pediatric Patients and Families at the End of Treatment for Acute Lymphoblastic Leukemia (EMERGE): Type 2 Nonrandomized Hybrid Implementation-Effectiveness Trial Study Protocol.,2026,10.2196/85901,Clinical Trial Protocol; Journal Article,"EXCLUDE (Stage 2, X2)",Single-intervention digital-health tool for one clinical condition (end-of-treatment care for pediatric ALL) evaluated for clinical effectiveness and feasibility; not a study of organizational/national EHR/EMR/HIE/health-IT-infrastructure system adoption.,,,
R1149,D_stage2_excl,PubMed,A mixed methods evaluation of patient perspectives on the implementation of an electronic health record-integrated patient-reported symptom and needs monitoring program in cancer care.,2024,10.1186/s41687-024-00742-8,Journal Article,"EXCLUDE (Stage 2, X1)","Study of patient acceptance, perspectives, and engagement with a patient-reported outcomes tool; no organizational or system-level adoption analysis.",,,
R1187,D_stage2_excl,PubMed,Documentation and review of social determinants of health data in the EHR: measures and associated insights.,2021,10.1093/jamia/ocab194,"Journal Article; Research Support, N.I.H., Extramural; Research Support, Non-U.S. Gov't; Research Support, U.S. Gov't, P.H.S.; Review","EXCLUDE (Stage 2, X3)",Uses EHR as data source to study documentation and review patterns of SDOH fields; does not address adoption/implementation/determinants of the EHR system itself.,,,
R1195,D_stage2_excl,PubMed,Using Health Information Technology to Bring Social Determinants of Health into Primary Care: A Conceptual Framework to Guide Research.,2018,10.1353/hpu.2018.0071,"Journal Article; Research Support, N.I.H., Extramural; Research Support, Non-U.S. Gov't; Research Support, U.S. Gov't, P.H.S.","EXCLUDE (Stage 2, X3)",Uses HIT/EHR as a delivery channel to study SDH screening and clinical outcomes; not studying adoption/implementation of the HIT system itself.,,,
R1267,D_stage2_excl,PubMed,Enabling real-world evidence for medication safety in pregnancy: Determinants of research participation and linked EHR data use.,2026,10.1016/j.ijmedinf.2026.106506,Journal Article; Review,"EXCLUDE (Stage 2, X1)","Study focuses on pregnant women's research participation and data-sharing acceptability (individual/patient-level perspectives), not organizational or national adoption of EHR/HIE systems themselves.",,,
R1280,D_stage2_excl,PubMed,"Patient-reported preferences in eHealth-based cardiac rehabilitation: A qualitative investigation of behavior change techniques, barriers and facilitators.",2024,10.1016/j.invent.2024.100728,Journal Article,"EXCLUDE (Stage 2, X1)","Study of individual patients' preferences, acceptance, and engagement with an eHealth cardiac rehabilitation tool; no organizational or system-level adoption lens.",,,
R1292,D_stage2_excl,PubMed,Barriers to digital health services among people living in areas of socioeconomic disadvantage: Research from hospital diabetes and antenatal clinics.,2022,10.1002/hpja.540,Journal Article,"EXCLUDE (Stage 2, X1)","Studies patient-level barriers to access and use of digital health services (patient acceptance, trust, affordability concerns) in individual patients with diabetes and antenatal care, without examining organizational or system-level adoption of an EHR/EMR/HIE system.",,,
R1344,D_stage2_excl,PubMed,"Barriers and Facilitators to Accessing Digital Health Tools Faced by South Asian Canadians in Surrey, British Columbia: Community-Based Participatory Action Exploration Using Photovoice.",2022,10.2196/25863,"Journal Article; Research Support, Non-U.S. Gov't","EXCLUDE (Stage 2, X1)","Study of individual patients'/consumers' acceptance, attitudes, and barriers to using digital health tools (portals, mHealth apps) with no organizational or system-level EHR/HIE/health-IT adoption lens; focuses on community member uptake of generic digital tools rather than institutional implementat",,,
R1351,D_stage2_excl,PubMed,"Acceptability and use determinants of digital health technologies for HIV services: a qualitative study of emergency care patients in Nairobi, Kenya.",2025,10.3389/fdgth.2025.1697814,Journal Article,"EXCLUDE (Stage 2, X1)","Study of individual patient/consumer acceptability and use of a specific mHealth tool (BeSure™) for HIV testing, with no organizational or system-level adoption lens; focuses on individual awareness, barriers, and acceptability rather than organizational implementation of interoperable EHR/HIE/healt",,,
R1356,D_stage2_excl,PubMed,Identification of social determinants of health using multi-label classification of electronic health record clinical notes.,2021,10.1093/jamiaopen/ooaa069,Journal Article,"EXCLUDE (Stage 2, X3)","Uses EHR clinical notes as a data source to develop and validate a machine-learning algorithm for extracting social determinants of health, rather than studying adoption, implementation, or organizational/system-level barriers and facilitators of an EHR or health-IT system itself.",,,
R1367,D_stage2_excl,PubMed,"The Facilitators and Barriers to Digital Health for Managing Nutrition in People With Parkinson's Disease and Their Caregivers: A Formative, Qualitative Study.",2023,10.1016/j.jneb.2023.05.252,"Journal Article; Research Support, Non-U.S. Gov't","EXCLUDE (Stage 2, X1)","Study focuses on patient/caregiver-level acceptance and attitudes toward using a digital health platform, with no organizational or system-level adoption lens; no evidence of organizational implementation, interoperability infrastructure, or healthcare system-level determinants.",,,
R1372,D_stage2_excl,PubMed,EHealth and Its Role in Supporting Audiological Rehabilitation: Patient Perspectives on Barriers and Facilitators of Using a Personal Hearing Support System With Mobile Application as Part of the EVOTION Study.,2021,10.3389/fpubh.2021.669727,"Journal Article; Research Support, Non-U.S. Gov't","EXCLUDE (Stage 2, X1)","Study of individual patients' acceptance, attitudes, and usability perceptions of a hearing aid mobile app; no organizational or system-level adoption lens.",,,
R1409,D_stage2_excl,PubMed,"Investigating When, Which, and Why Users Stop Using a Digital Health Intervention to Promote an Active Lifestyle: Secondary Analysis With A Focus on Health Action Process Approach-Based Psychological Determinants.",2022,10.2196/30583,Journal Article; Randomized Controlled Trial,"EXCLUDE (Stage 2, X1)","Study of individual users' acceptance and attrition from a patient-facing mHealth intervention (activity promotion app), with no organizational or system-level adoption lens; focuses on personal behavior change determinants and individual dropout reasons, not organizational/national EHR/HIE/health-I",,,
R1452,D_stage2_excl,PubMed,Exploring critical factors influencing physicians' acceptance of mobile electronic medical records based on the dual-factor model: a validation in Taiwan.,2015,10.1186/s12911-014-0125-3,"Journal Article; Research Support, Non-U.S. Gov't","EXCLUDE (Stage 2, X1)","Study of individual physicians' acceptance and technology adoption attitudes toward a mobile EMR system, lacking organizational or system-level implementation/adoption analysis.",,,
R1460,D_stage2_excl,PubMed,Development and Implementation of a Trainee-Specific Training Model for the Electronic Medical Record.,2025,10.3233/SHTI251074,Journal Article,"EXCLUDE (Stage 2, X1)","Studies user acceptance and satisfaction with EHR training among individual trainees; lacks organizational/system-level adoption lens. Focus is on trainee experience and burnout mitigation, not determinants of organizational EHR adoption or implementation.",,,
R1476,D_stage2_excl,PubMed,A cancer care electronic medical record highly integrated into clinicians' workflow: users' attitudes pre-post implementation.,2017,10.1111/ecc.12548,Journal Article,"EXCLUDE (Stage 2, X3)","Studies users' attitudes and perceived usefulness of an implemented EMR system, but focuses on clinician acceptance and workflow integration outcomes rather than organizational/system-level adoption determinants, barriers, or facilitators.",,,
R1479,D_stage2_excl,PubMed,Development and implementation of a 'Mental Health Finder' software tool within an electronic medical record system.,2017,10.1007/s11845-016-1541-4,Journal Article,"EXCLUDE (Stage 2, X3)","Uses an EMR system as a data-extraction tool to study prevalence and management patterns of mental health conditions; the focus is epidemiological outcomes (prevalence, prescribing patterns) rather than adoption, implementation barriers, or organizational determinants of the EMR/health-IT system its",,,
R1482,D_stage2_excl,PubMed,"Patient satisfaction with the implementation of electronic medical Records in the Western Region, Saudi Arabia, 2018.",2020,10.1186/s12875-020-1099-0,Journal Article,"EXCLUDE (Stage 2, X1)","Study measures patient-level satisfaction with EMR use during clinical encounters; no organizational or system-level adoption, barriers, facilitators, or implementation determinants examined.",,,
R1483,D_stage2_excl,PubMed,Bundled de-implementation of recurring hospital orders with a novel electronic medical record order set.,2024,10.1136/bmjoq-2024-002889,Journal Article,"EXCLUDE (Stage 2, X3)",Studies clinical/operational outcome (reducing unnecessary orders) using EMR as delivery channel rather than studying organizational adoption/implementation of the EMR system itself.,,,
R1505,D_stage2_excl,PubMed,Implementation of a Cloud-Based Electronic Medical Record to Reduce Gaps in the HIV Treatment Continuum in Rural Kenya.,2015,10.1371/journal.pone.0135361,"Journal Article; Research Support, Non-U.S. Gov't","EXCLUDE (Stage 2, X3)","Uses EMR system as a data source/delivery channel to evaluate clinical outcomes (HIV treatment cascade gaps, ART eligibility) rather than studying adoption/implementation determinants of the EMR system itself.",,,
R1511,D_stage2_excl,PubMed,Implementation of Electronic Medical Record Template Improves Screening for Complications in Children with Type 1 Diabetes Mellitus.,2020,10.2147/PHMT.S233998,Journal Article,"EXCLUDE (Stage 2, X3)","Uses EMR template as a delivery mechanism to improve clinical screening adherence for a specific condition (T1DM complications); studies clinical outcome (guideline adherence for diabetes screening) rather than organizational adoption, implementation determinants, or barriers/facilitators of the EMR",,,
R1542,D_stage2_excl,PubMed,Using Electronic Medical Record Data for Research in a Healthcare Information and Management Systems Society (HIMSS) Analytics Electronic Medical Record Adoption Model (EMRAM) Stage 7 Hospital in Beijing: Cross-sectional Study.,2021,10.2196/24405,Journal Article,"EXCLUDE (Stage 2, X3)","Uses EMR system as a data source to study utilization patterns and researcher behavior; does not address adoption, implementation, or determinants of EMR/health-IT system adoption at organizational or national level.",,,
R1551,D_stage2_excl,PubMed,Evaluation of the role of training in the implementation of a depression screening and treatment protocol in 2 academic outpatient internal medicine clinics utilizing the electronic medical record.,2015,10.1177/1062860614532681,"Evaluation Study; Journal Article; Research Support, Non-U.S. Gov't","EXCLUDE (Stage 2, X2)","Depression screening/treatment protocol for a single clinical condition (depression), evaluated for clinical implementation and compliance rather than organizational/system-level EHR adoption determinants.",,,
R1637,D_stage2_excl,IEEE,Digital Health Innovation: Exploring Adoption of COVID-19 Digital Contact Tracing Apps,2024,10.1109/TEM.2020.3019033,IEEE Journals,"EXCLUDE (Stage 2, X1)","Study of individual consumers' intention to adopt a consumer-facing contact tracing app, with no organizational or health system-level adoption lens.",,,
R1642,D_stage2_excl,IEEE,Explaining acceptance of e-health services: An extension of TAM and health belief model approach,2017,10.1109/CITSM.2017.8089239,IEEE Conferences,"EXCLUDE (Stage 2, X1)","Studies individual consumers' acceptance and intention to use e-health services with no organizational or system-level adoption lens; focus is on personal behavioral factors (TAM, health beliefs) predicting individual use intention, not determinants of organizational/national EHR/HIE/health-IT syste",,,
R0004,E_stage1_excl,PubMed,Standards Adoption Among Health Information Exchange Organizations.,2012,,Review; Book Chapter,"EXCLUDE (Stage 1, E6)",Published 2012; before 2015 empirical search window.,,,
R0007,E_stage1_excl,PubMed,Editorial: Digital health adoption: Looking beyond the role of technology.,2022,10.3389/fdgth.2022.989003,Editorial,"EXCLUDE (Stage 1, E4)",Editorial format lacks empirical data or substantive analytical content required for systematic review inclusion.,,,
R0017,E_stage1_excl,PubMed,e-Health and telemedicine implementation in facial paralysis: challenges and pitfalls.,2021,10.1007/s00238-021-01802-8,Journal Article; Review,"EXCLUDE (Stage 1, E1)","Telemedicine clinical delivery/efficacy for facial paralysis treatment, not eHealth system adoption/implementation/barriers.",,,
R0036,E_stage1_excl,PubMed,"Editorial: Digital health applications: acceptance, benefit assessment, and costs from the perspective of patients and medical professionals.",2024,10.3389/frhs.2024.1501903,Editorial,"EXCLUDE (Stage 1, E4)",Editorial format is insufficient methodology/publication type for systematic review inclusion.,,,
R0055,E_stage1_excl,PubMed,Bibliometric analysis on the adoption of artificial intelligence applications in the e-health sector.,2023,10.1177/20552076221149296,Journal Article; Review,"EXCLUDE (Stage 1, E1)","Bibliometric analysis of AI in e-health focuses on research trends and publication patterns, not on adoption/implementation/barriers/facilitators of eHealth systems themselves.",,,
R0100,E_stage1_excl,PubMed,Implementation of digital health interventions in thyroid cancer care: A scoping review.,2026,10.1016/j.ijmedinf.2025.106221,Journal Article; Scoping Review,"EXCLUDE (Stage 1, E2)","Scoping review of digital health interventions in thyroid cancer care focuses on intervention characteristics, effectiveness, and clinical outcomes (QoL, psychological well-being, adherence) rather than eHealth system adoption, implementation barriers/facilitators at organizational or system level, ",,,
R0129,E_stage1_excl,PubMed,The association between health information technology and influenza vaccine uptake among adults with heart disease.,2022,10.2217/fca-2022-0027,Journal Article,"EXCLUDE (Stage 1, E2)",Studies EHR/HIT usage to predict influenza vaccine uptake (clinical outcome) rather than investigating adoption/implementation/barriers/facilitators of the HIT system itself.,,,
R0162,E_stage1_excl,PubMed,The digital health divide: Understanding telehealth adoption across racial lines in rural Illinois.,2024,10.1016/j.ssmph.2024.101665,Journal Article,"EXCLUDE (Stage 1, E1)",Telehealth clinical delivery adoption study; not about organizational eHealth/EHR/EMR/HIE system adoption or health IT interoperability infrastructure.,,,
R0244,E_stage1_excl,PubMed,Implementation of hyperlinks to medication management policies and guidelines in the electronic health record.,2019,10.1093/ajhp/zxz122,Journal Article,"EXCLUDE (Stage 1, E2)","Uses EHR to deliver content (hyperlinks to policies) without studying adoption, acceptance, barriers, or determinants of EHR/medication management system implementation or uptake.",,,
R0284,E_stage1_excl,PubMed,EHR-Based CDS Tools Supporting Long-Term Implementation of Pharmacogenomics.,2025,10.3233/SHTI251118,Journal Article,"EXCLUDE (Stage 1, E2)","Studies EHR-based CDS tool performance and clinical outcomes (drug-gene interactions, prescribing interventions) rather than adoption, implementation barriers, facilitators, or determinants of PGx-CDS uptake by users or organization.",,,
R0290,E_stage1_excl,PubMed,Implementation of dispense waste functionality with new electronic health record system.,2026,10.1093/ajhp/zxaf334,Journal Article,"EXCLUDE (Stage 1, E2)","Studies EHR system implementation for regulatory compliance with medication waste coding modifiers, but focuses on pharmacy billing/documentation process outcomes rather than adoption determinants, barriers, or facilitators of the eHealth system itself.",,,
R0292,E_stage1_excl,PubMed,Acceptance of Digital Sports: A Study Showing the Rising Acceptance of Digital Health Activities Due to the SARS-CoV-19 Pandemic.,2022,10.3390/ijerph19010596,Journal Article,"EXCLUDE (Stage 1, E1)","Digital sports/fitness apps are consumer health technology, not eHealth systems (EHR/EMR/HIE/clinical interoperability); study examines motivation and behavior change, not organizational or clinical adoption of health IT infrastructure.",,,
R0298,E_stage1_excl,PubMed,The Effect of Adoption of an Electronic Health Record on Duplicate Testing.,2016,10.1155/2016/1950191,Journal Article,"EXCLUDE (Stage 1, E2)",Studies EHR implementation impact on clinical outcome (duplicate testing rates) rather than adoption/implementation/acceptance determinants or barriers.,,,
R0327,E_stage1_excl,PubMed,Design and Implementation of e-Health System Based on Semantic Sensor Network Using IETF YANG.,2018,10.3390/s18020629,Journal Article,"EXCLUDE (Stage 1, E1)","Focus is on technical design of semantic sensor networks and data interoperability standards (YANG modeling, ontology), not on adoption, implementation barriers, acceptance, or determinants of eHealth system uptake by users or organizations.",,,
R0358,E_stage1_excl,PubMed,"Protocol for an intervention development and pilot implementation evaluation study of an e-health solution to improve newborn care quality and survival in two low-resource settings, Malawi and Zimbabwe: Neotree.",2022,10.1136/bmjopen-2021-056605,"Clinical Trial Protocol; Journal Article; Research Support, Non-U.S. Gov't","EXCLUDE (Stage 1, E4)",Protocol-only publication without results; no implementation evaluation data or outcomes reported.,,,
R0396,E_stage1_excl,PubMed,Adherence and barriers in e-health self-control training for enhancing childhood multidisciplinary obesity treatment.,2020,10.1002/cpp.2405,Journal Article; Randomized Controlled Trial,"EXCLUDE (Stage 1, E2)","Studies weight loss outcomes and self-control mechanisms in obesity treatment using e-health as a delivery modality, not eHealth system adoption/implementation/barriers at organizational or clinical workflow level.",,,
R0469,E_stage1_excl,PubMed,Progress and challenges in electronic health record adoption: findings from a national survey of physicians.,2015,10.7326/L15-5060,Letter,"EXCLUDE (Stage 1, E4)",Letter format lacks sufficient methodological detail for systematic review inclusion,,,
R0565,E_stage1_excl,PubMed,Emergency Response to COVID-19 in Canada: Platform Development and Implementation for eHealth in Crisis Management.,2020,10.2196/18995,Journal Article,"EXCLUDE (Stage 1, E4)","Platform development and design study without empirical evaluation of adoption outcomes, barriers, or implementation success factors.",,,
R0615,E_stage1_excl,PubMed,Communication of Incidental Imaging Findings on Inpatient Discharge Summaries After Implementation of Electronic Health Record Notification System.,2024,10.1097/PTS.0000000000001221,Journal Article,"EXCLUDE (Stage 1, E2)","Studies EHR notification system implementation for incidental finding follow-up, but outcome is clinical communication/awareness, not eHealth adoption/implementation/acceptance by providers or organizations.",,,
R0650,E_stage1_excl,PubMed,Provider Access to Legacy Electronic Anesthesia Records Following Implementation of an Electronic Health Record System.,2019,10.1007/s10916-019-1232-6,Journal Article,"EXCLUDE (Stage 1, E2)","Studies provider access patterns to legacy records post-EHR implementation, but outcome is system use/access behavior, not adoption/acceptance/implementation success of the EHR itself; focuses on a technical access problem rather than determinants of EHR adoption.",,,
R0665,E_stage1_excl,PubMed,"Utilization of Digital Health Dashboards in Improving COVID-19 Vaccination Uptake, Accounting for Health Inequities.",2022,10.3233/SHTI220774,Journal Article; Review,"EXCLUDE (Stage 1, E2)","Studies COVID-19 vaccination uptake using dashboards as a public health tool, but lacks empirical evidence of adoption/implementation/barriers to the digital health system itself; focuses on vaccination campaign outcomes rather than eHealth system adoption determinants.",,,
R0699,E_stage1_excl,PubMed,"Evidence assessing the development, evaluation and implementation of digital health technologies in wound care: A rapid scoping review.",2022,10.1016/j.jtv.2022.09.006,Journal Article; Scoping Review,"EXCLUDE (Stage 1, E2)","Scoping review of digital health technologies in wound care focuses on development and evaluation of technologies themselves, not on adoption/implementation/determinants/barriers/facilitators of eHealth system uptake; minimal implementation research (1.3% of studies) and no explicit adoption-outcome",,,
R0718,E_stage1_excl,PubMed,Evaluating the data completeness in the Electronic Health Record after the Implementation of an Outpatient Electronic Health Record.,2015,,Journal Article,"EXCLUDE (Stage 1, E2)","Studies data quality/completeness in EHR post-implementation, not adoption/acceptance/barriers/determinants of EHR uptake itself.",,,
R0738,E_stage1_excl,PubMed,Current Practices and a Novel Operational Framework for Planning Research on Digital Health Promotion Interventions From Development to Implementation: Scoping Review.,2026,10.2196/82611,Journal Article; Review; Scoping Review,"EXCLUDE (Stage 1, E1)","Focus is on research methodology and program planning frameworks for digital health interventions generally, not on determinants of eHealth/EHR/EMR/HIE system adoption; the scope covers health promotion DHIs in adolescents/young adults rather than organizational/clinical IT adoption, implementation ",,,
R0750,E_stage1_excl,PubMed,Pilot-testing an adverse drug event reporting form prior to its implementation in an electronic health record.,2016,10.1186/s40064-016-3382-z,Journal Article,"EXCLUDE (Stage 1, E2)","Studies ADE documentation form design and usability in preparation for EMR integration, not adoption/implementation/barriers of the eHealth system itself.",,,
R0755,E_stage1_excl,PubMed,Design and implementation of a digital health home spirometry intervention for remote monitoring of lung transplant function.,2023,10.1016/j.healun.2023.01.010,"Journal Article; Research Support, Non-U.S. Gov't","EXCLUDE (Stage 1, E2)","Studies clinical intervention outcomes (FEV1 monitoring, complication detection) using EHR-integrated technology without examining adoption, implementation barriers, facilitators, or determinants of the intervention itself.",,,
R0801,E_stage1_excl,PubMed,Implementation of a Clinical Trial Recruitment Support System Based on Fast Healthcare Interoperability Resources (FHIR) in a Cardiology Department.,2022,10.3233/SHTI220497,Journal Article,"EXCLUDE (Stage 1, E1)",Clinical trial recruitment support system focused on technical FHIR implementation and patient matching; not studying adoption/implementation/barriers/determinants of eHealth systems by healthcare organizations or users.,,,
R0838,E_stage1_excl,PubMed,Overcoming barriers of retinal care delivery during a pandemic-attitudes and drivers for the implementation of digital health: a global expert survey.,2021,10.1136/bjophthalmol-2020-316882,Journal Article,"EXCLUDE (Stage 1, E1)","Focus is teleophthalmology clinical service delivery during pandemic; adoption barriers studied are pandemic-specific operational constraints (reimbursement, clinical feasibility) rather than eHealth system adoption determinants (organizational readiness, user acceptance, implementation factors, int",,,
R0852,E_stage1_excl,PubMed,Next-Generation Implementation of Chimeric Antigen Receptor T-Cell Therapy Using Digital Health.,2021,10.1200/CCI.21.00023,Journal Article; Review,"EXCLUDE (Stage 1, E1)","Focuses on clinical implementation of CAR-T therapy using digital tools; digital health is means to deliver oncology care, not the adoption/implementation of eHealth systems themselves (EHR/EMR/HIE/HIT infrastructure).",,,
R0854,E_stage1_excl,PubMed,Evaluating a Digital Health Tool Designed to Improve Low Sexual Desire in Women: Mixed-Methods Implementation Science Study.,2025,10.2196/69828,Journal Article; Multicenter Study; Randomized Controlled Trial,"EXCLUDE (Stage 1, E2)","Studies clinical efficacy/outcomes of a sexual health intervention using implementation science framework, not determinants of digital health system adoption/barriers to organizational eHealth implementation.",,,
R0859,E_stage1_excl,PubMed,Correction: Implementing an electronic health record dashboard for safe anticoagulant management: learning from qualitative interviews with existing and potential users to develop an implementation process.,2023,10.1186/s43058-023-00412-8,Published Erratum,"EXCLUDE (Stage 1, E4)",Published erratum with no abstract; insufficient standalone methodological content to assess eligibility.,,,
R0886,E_stage1_excl,PubMed,A novel extended approach under hesitant fuzzy sets to design a framework for assessing the key challenges of digital health interventions adoption during the COVID-19 outbreak.,2020,10.1016/j.asoc.2020.106613,Journal Article,"EXCLUDE (Stage 1, E1)",Focuses on general digital technology challenges during COVID-19 using fuzzy-set methodology; not about eHealth system adoption (EHR/EMR/HIE/interoperability) or organizational implementation barriers.,,,
R0896,E_stage1_excl,PubMed,Enhancing the interoperability and transparency of real-world data extraction in clinical research: evaluating the feasibility and impact of a ChatGLM implementation in Chinese hospital settings.,2024,10.1093/ehjdh/ztae066,Journal Article,"EXCLUDE (Stage 1, E2)","Focuses on technical feasibility and accuracy of an AI data extraction tool for research data collection, not on organizational adoption, implementation barriers, or determinants of eHealth system uptake.",,,
R0905,E_stage1_excl,PubMed,Determinants of eHealth Literacy among Adults in China.,2020,10.1080/10810730.2020.1776422,"Journal Article; Research Support, Non-U.S. Gov't","EXCLUDE (Stage 1, E2)","Studies determinants of eHealth literacy and user competencies, not adoption/implementation of eHealth systems (EHR/EMR/HIE/HIT infrastructure).",,,
R0923,E_stage1_excl,PubMed,"The Experience of Key Stakeholders During the Implementation and Use of Trauma Therapy via Digital Health for Military, Veteran, and Public Safety Personnel: Qualitative Thematic Analysis.",2021,10.2196/26369,Journal Article,"EXCLUDE (Stage 1, E1)","Focuses on clinical efficacy and provider experience of digital mental health therapy delivery, not on eHealth system (EHR/EMR/HIE) adoption, implementation barriers, or determinants of health IT uptake at organizational/system level.",,,
R0932,E_stage1_excl,PubMed,Effectiveness of an eHealth self-management tool for older adults with multimorbidity (KeepWell): protocol for a hybrid effectiveness-implementation randomised controlled trial.,2021,10.1136/bmjopen-2020-048350,"Clinical Trial Protocol; Journal Article; Research Support, Non-U.S. Gov't","EXCLUDE (Stage 1, E4)",Protocol-only publication without empirical results; effectiveness and adoption outcomes are planned but not reported.,,,
R0941,E_stage1_excl,PubMed,"Digital Health Interventions for Adults with Acquired Brain Injury and Their Close Others: Implementation, Scalability, and Sustainability in the COVID-19 Context.",2023,10.3233/SHTI230379,Journal Article,"EXCLUDE (Stage 1, E1)","Digital health intervention for acquired brain injury communication support; not about eHealth system adoption (EHR/EMR/HIE/interoperability), but about a specialized clinical application without focus on organizational IT system implementation or adoption.",,,
R0951,E_stage1_excl,PubMed,Comment on Lee et al. Empowering Hospitalized Patients With Diabetes: Implementation of a Hospital-Wide CGM Policy With EHR-Integrated Validation for Dosing Insulin. Diabetes Care 2024;47:1838-1845.,2025,10.2337/dc24-2228,Letter,"EXCLUDE (Stage 1, E4)",Letter/comment publication type without abstract; insufficient methodology for systematic review inclusion,,,
R0960,E_stage1_excl,PubMed,Screening for undiagnosed atrial fibrillation using an electronic health record‒based clinical prediction model: clinical pilot implementation initiative.,2024,10.1186/s12911-024-02773-z,Journal Article,"EXCLUDE (Stage 1, E2)","Uses EHR data and a predictive model to screen for a clinical condition (AF diagnosis), but the primary outcome is clinical detection and patient management, not the adoption/implementation of the eHealth system itself.",,,
R0991,E_stage1_excl,PubMed,Preventing diabetes with digital health and coaching for translation and scalability (PREDICTS): A type 1 hybrid effectiveness-implementation trial protocol.,2020,10.1016/j.cct.2019.105877,"Clinical Trial Protocol; Journal Article; Research Support, Non-U.S. Gov't","EXCLUDE (Stage 1, E4)",Protocol-only publication describing planned trial design without empirical results or data on adoption outcomes.,,,
R0995,E_stage1_excl,PubMed,Implementation and evaluation of Stanford Health Care store-and-forward teledermatology consultation workflow built within an existing electronic health record system.,2020,10.1177/1357633X18799805,Journal Article,"EXCLUDE (Stage 1, E1)","Focuses on clinical outcomes (time to diagnosis, resolution rates, visit efficiency) of a teledermatology service rather than determinants of eHealth system adoption, implementation barriers, or organizational uptake factors.",,,
R1000,E_stage1_excl,PubMed,Prompt engineering with a large language model to assist providers in responding to patient inquiries: a real-time implementation in the electronic health record.,2024,10.1093/jamiaopen/ooae080,Journal Article,"EXCLUDE (Stage 1, E2)","Studies EHR use of LLM for clinical communication drafting, not adoption/implementation of eHealth systems themselves; outcome is message utility and sentiment, not determinants of EHR/system adoption.",,,
R1012,E_stage1_excl,PubMed,"Commentary on ""Barriers and Facilitators to the Acceptance of eHealth Interventions by Dutch Pediatric Physical Therapists in Times of the COVID-19 Pandemic: A Mixed-Methods Approach"".",2023,10.1097/PEP.0000000000001013,Comment; Journal Article,"EXCLUDE (Stage 1, E4)",Commentary/editorial format without empirical data or methodology,,,
R1017,E_stage1_excl,PubMed,The Difficult Airway Navigator: Development and Implementation of a Health Care System's Approach to Difficult Airway Documentation Utilizing the Electronic Health Record.,2021,10.1213/XAA.0000000000001455,Journal Article,"EXCLUDE (Stage 1, E2)","Studies EHR use for difficult airway documentation and clinical decision support, not adoption/implementation/acceptance of the EHR system itself.",,,
R1027,E_stage1_excl,PubMed,Current Barriers to Large-scale Interoperability of Traceability Technology in the Seafood Sector.,2017,10.1111/1750-3841.13796,Journal Article,"EXCLUDE (Stage 1, E1)","Focuses on traceability technology interoperability in seafood supply chains, not eHealth/EHR/EMR/HIE/clinical health IT adoption.",,,
R1057,E_stage1_excl,PubMed,Development and implementation of patient-level prediction models of end-stage renal disease for type 2 diabetes patients using fast healthcare interoperability resources.,2022,10.1038/s41598-022-15036-6,Journal Article,"EXCLUDE (Stage 1, E2)","Uses EHR/FHIR data to develop a clinical prediction model for ESRD risk in T2DM patients; the focus is on disease prediction and ML algorithm development, not on studying eHealth system adoption, implementation barriers, facilitators, or determinants of uptake.",,,
R1083,E_stage1_excl,PubMed,"Effectiveness, reach, uptake, and feasibility of digital health interventions for adults with hypertension: a systematic review and meta-analysis of randomised controlled trials.",2023,10.1016/S2589-7500(23)00002-X,"Journal Article; Meta-Analysis; Research Support, Non-U.S. Gov't; Systematic Review","EXCLUDE (Stage 1, E2)","Studies hypertension outcomes (blood pressure reduction) using digital health interventions, not adoption/implementation/barriers/determinants of eHealth system uptake itself.",,,
R1100,E_stage1_excl,PubMed,"Decreasing drug waste, reducing drug costs, and improving workflow efficiency through the implementation of automated chemotherapy dose rounding rules in the electronic health record system.",2022,10.1093/ajhp/zxab479,Journal Article,"EXCLUDE (Stage 1, E2)","Studies EHR implementation for drug cost/waste reduction, not adoption/acceptance/determinants of EHR system uptake itself.",,,
R1106,E_stage1_excl,PubMed,How Health Care Providers Can Use Digital Health Technologies to Inform Human Papillomavirus (HPV) Decision Making and Promote the HPV Vaccine Uptake Among Adolescents and Young Adults.,2019,10.1089/biores.2018.0051,Journal Article,"EXCLUDE (Stage 1, E2)",Studies vaccine uptake as outcome but focuses on patient knowledge/decision-making via technology rather than organizational adoption/implementation of eHealth systems themselves; no adoption determinants of EHR/EMR/HIE/health IT systems.,,,
R1130,E_stage1_excl,PubMed,"Design, implementation and evaluation of a spiral module combining data science, digital health and evidence-based medicine in the undergraduate medical curriculum: A mixed methods study.",2024,10.1016/j.clinme.2024.100207,Journal Article,"EXCLUDE (Stage 1, E1)","Educational curriculum design and teaching implementation; not about eHealth system adoption, implementation barriers, or organizational uptake of EHR/EMR/HIE/clinical IT systems.",,,
R1132,E_stage1_excl,PubMed,Education and electronic health record implementation-better together? An assessment of compliance of oral vancomycin dosing for Clostridioides difficile infection and the impact of different antimicrobial stewardship interventions.,2026,10.1017/ash.2025.10272,Journal Article,"EXCLUDE (Stage 1, E2)","Studies clinical intervention (antimicrobial stewardship) and dosing compliance using EHR data; does not examine EHR/HIT adoption, implementation barriers, or determinants of system uptake.",,,
R1140,E_stage1_excl,PubMed,Implementation of an Enhanced Recovery Pathway for Minimally Invasive Pectus Surgery: A Population-Based Cohort Study Evaluating Short- and Long-Term Outcomes Using eHealth Technology.,2018,10.2196/10996,Journal Article,"EXCLUDE (Stage 1, E2)","Studies clinical outcomes (postoperative pain, nausea, rehabilitation) of pectus surgery using eHealth tools for monitoring, not adoption/implementation/barriers of the eHealth system itself.",,,
R1148,E_stage1_excl,PubMed,Using EHR Data to Identify Social Determinants of Health Affecting Disparities in Cancer Survival.,2022,10.3233/SHTI220224,Journal Article,"EXCLUDE (Stage 1, E2)","Uses EHR data to study cancer survival disparities and social determinants as clinical outcomes, not adoption/implementation/barriers of eHealth systems themselves.",,,
R1159,E_stage1_excl,PubMed,Determinants of Digital Health Literacy: International Cross-Sectional Study.,2025,10.2196/66631,Journal Article,"EXCLUDE (Stage 1, E2)","Studies digital health literacy as an individual health outcome, not eHealth system adoption/implementation/barriers at organizational or health system level.",,,
R1160,E_stage1_excl,PubMed,"Effectiveness, reach, uptake, and feasibility of digital health interventions for adults with type 2 diabetes: a systematic review and meta-analysis of randomised controlled trials.",2023,10.1016/S2589-7500(22)00233-3,"Journal Article; Meta-Analysis; Research Support, Non-U.S. Gov't; Systematic Review","EXCLUDE (Stage 1, E2)","Studies diabetes management outcomes (HbA1c reduction) using digital health tools; adoption/implementation is secondary reporting, not the primary research question.",,,
R1161,E_stage1_excl,PubMed,Digital health literacy as a super determinant of health: More than simply the sum of its parts.,2022,10.1016/j.invent.2022.100500,Journal Article,"EXCLUDE (Stage 1, E2)","Focuses on digital health literacy as an outcome/predictor of health engagement, not on adoption/implementation/barriers of eHealth systems (EHR/EMR/HIE/HIT).",,,
R1175,E_stage1_excl,PubMed,[Addressing the digital determinants of health: Main advantages and challenges of digital health].,2025,10.1016/j.aprim.2025.103311,English Abstract; Journal Article,"EXCLUDE (Stage 1, E2)","Studies social determinants influencing digital health USE rather than organizational/system ADOPTION, implementation, or acceptance of eHealth systems; focus is on patient/provider access inequities and digital divide, not eHealth technology adoption.",,,
R1188,E_stage1_excl,PubMed,Language-Related Barriers to Digital Health Engagement in Pediatric Primary Care.,2025,10.1177/15305627251387193,Journal Article,"EXCLUDE (Stage 1, E2)","Studies digital health engagement outcomes (portal activation, telemedicine use) as dependent variables without examining adoption determinants, barriers, facilitators, or implementation factors; uses EHR data to measure utilization disparities rather than investigating what drives or impedes adopti",,,
R1191,E_stage1_excl,PubMed,Identifying and Addressing Social Determinants of Health with an Electronic Health Record.,2025,10.3122/jabfm.2024.240167R1,Journal Article; Multicenter Study; Observational Study,"EXCLUDE (Stage 1, E2)","Studies EHR use to identify and screen for social determinants, but outcome is clinical/social service delivery, not EHR/HIT adoption, implementation, or acceptance by users/organizations.",,,
R1205,E_stage1_excl,PubMed,Social Determinants of Health in Digital Health Policies: an International Environmental Scan.,2024,10.1055/s-0044-1800759,Journal Article,"EXCLUDE (Stage 1, E2)","Studies SDoH representation in digital health policies, not adoption/implementation/barriers/facilitators of eHealth systems themselves.",,,
R1207,E_stage1_excl,PubMed,Gender-Specific Determinants of eHealth Literacy: Results from an Adolescent Internet Behavior Survey in Taiwan.,2022,10.3390/ijerph19020664,"Journal Article; Observational Study; Research Support, Non-U.S. Gov't","EXCLUDE (Stage 1, E2)","Studies adolescent eHealth literacy and Internet health information-seeking behavior, but does not examine adoption, implementation, acceptance, or barriers/facilitators of eHealth systems (EHR/EMR/HIE/clinical IT); focuses on individual health information literacy outcomes rather than organizationa",,,
R1212,E_stage1_excl,PubMed,"Telehealth Implementation, Treatment Attendance, and Socioeconomic Disparities in Treatment Utilization in a Community Mental Health Setting During the COVID-19 Pandemic: A Retrospective Analysis of Electronic Health Record Data.",2023,10.1089/tmr.2022.0005,Journal Article,"EXCLUDE (Stage 1, E2)","Studies treatment attendance and utilization outcomes using EHR data, not adoption/implementation/acceptance of the telehealth system itself.",,,
R1214,E_stage1_excl,PubMed,"Hypothesis: Is ""Terminator Syndrome"" a Barrier to Democratizing Artificial Intelligence and Public Engagement in Digital Health?",2019,10.1089/omi.2019.0070,Letter,"EXCLUDE (Stage 1, E4)",Letter without abstract; insufficient methodology/publication type for systematic review inclusion.,,,
R1221,E_stage1_excl,PubMed,Determinants of Digital Health Literacy Among Patients With Serious Mental Illness: Cross-Sectional Survey.,2026,10.2196/88700,Journal Article,"EXCLUDE (Stage 1, E1)","Studies digital health literacy as a patient-level outcome among individuals with mental illness, not eHealth system adoption, implementation, or organizational uptake of EHR/EMR/HIE/clinical IT infrastructure.",,,
R1229,E_stage1_excl,PubMed,Advancing Interoperability of Patient-level Social Determinants of Health Data to Support COVID-19 Research.,2022,,Journal Article,"EXCLUDE (Stage 1, E1)","Focuses on technical data mapping and interoperability of SDoH data within research infrastructure (N3C/OMOP), not on adoption/implementation/barriers/determinants of eHealth systems themselves.",,,
R1232,E_stage1_excl,PubMed,Enrichment of a Data Lake to Support Population Health Outcomes Studies Using Social Determinants Linked EHR Data.,2023,,Journal Article,"EXCLUDE (Stage 1, E2)","Uses EHR data linked with SDoH to study health outcomes (chronic conditions), not adoption/implementation/barriers of eHealth systems themselves.",,,
R1244,E_stage1_excl,PubMed,Social determinants of health predict readmission following COVID-19 hospitalization: a health information exchange-based retrospective cohort study.,2024,10.3389/fpubh.2024.1352240,"Journal Article; Research Support, Non-U.S. Gov't","EXCLUDE (Stage 1, E2)","Uses health information exchange data to study COVID-19 readmission predictors, not eHealth/HIE adoption, implementation, or acceptance.",,,
R1255,E_stage1_excl,PubMed,Understanding digital health literacy as a structural determinant of health and public health capability.,2026,10.1186/s44263-025-00236-9,Letter,"EXCLUDE (Stage 1, E4)",Letter format; insufficient methodology/publication type for systematic review inclusion.,,,
R1258,E_stage1_excl,PubMed,"Realizing the potential of social determinants data in EHR systems: A scoping review of approaches for screening, linkage, extraction, analysis, and interventions.",2024,10.1017/cts.2024.571,Journal Article; Scoping Review,"EXCLUDE (Stage 1, E2)","Uses EHR data to study SDoH measurement and health outcomes, not adoption/implementation/barriers to eHealth systems themselves.",,,
R1268,E_stage1_excl,PubMed,Barriers and facilitators to health information exchange in low- and middle-income country settings: a systematic review protocol.,2015,10.14236/jhi.v22i2.98,Journal Article,"EXCLUDE (Stage 1, E4)",Protocol-only publication describing planned systematic review methodology; no empirical results or analysis presented.,,,
R1275,E_stage1_excl,PubMed,Sociodemographic determinants of digital health literacy: A systematic review and meta-analysis.,2023,10.1016/j.ijmedinf.2023.105124,"Journal Article; Meta-Analysis; Research Support, Non-U.S. Gov't; Systematic Review","EXCLUDE (Stage 1, E2)","Focuses on digital health literacy as an outcome/determinant of sociodemographics, not on eHealth system adoption, implementation, or acceptance barriers/facilitators.",,,
R1294,E_stage1_excl,PubMed,Digital health literacy among urban community-dwelling older adults in China: Current status and determinants.,2026,10.1177/20552076261452909,Journal Article,"EXCLUDE (Stage 1, E2)","Studies digital health literacy as an outcome/competency measure in older adults, not adoption/implementation/barriers of eHealth systems themselves; lacks focus on organizational or system-level adoption determinants.",,,
R1295,E_stage1_excl,PubMed,Determinants of digital health literacy among older adult patients with chronic diseases: a qualitative study.,2025,10.3389/fpubh.2025.1568043,Journal Article,"EXCLUDE (Stage 1, E2)","Studies digital health literacy as an outcome/determinant of patient knowledge, not adoption/implementation of eHealth systems by organizations or healthcare settings.",,,
R1329,E_stage1_excl,PubMed,eHealth as a facilitator of equitable access to primary healthcare: the case of caring for non-communicable diseases in rural and refugee settings in Lebanon.,2018,10.1007/s00038-018-1092-8,Journal Article,"EXCLUDE (Stage 1, E2)","Uses eHealth tool to study disease detection and clinical outcomes (NCD screening rates), not adoption/implementation/barriers/facilitators of the eHealth system itself.",,,
R1339,E_stage1_excl,PubMed,Rapid Adoption of a Serious Illness Conversation Electronic Medical Record Template: Lessons Learned and Future Directions.,2020,10.1089/jpm.2019.0420,Letter,"EXCLUDE (Stage 1, E4)",Letter format lacks sufficient empirical methodology or substantive content for systematic review inclusion.,,,
R1348,E_stage1_excl,PubMed,Dissatisfaction and Barriers in Electronic Health Record Use for Patients With Inflammatory Bowel Disease: A Nationwide Survey of Major IBD Centers.,2025,10.14309/ajg.0000000000003598,Journal Article,"EXCLUDE (Stage 1, E2)","Studies clinician dissatisfaction with EHR systems, not adoption/implementation/barriers to uptake by users or organizations.",,,
R1358,E_stage1_excl,PubMed,Older adults' acceptability and perceived barriers to digital health tools integrating nutrition and physical activity: a focus group study.,2026,10.3389/fdgth.2026.1803847,Journal Article,"EXCLUDE (Stage 1, E1)","Focus on older adults' acceptability and preferences for mHealth tools for nutrition/physical activity, not eHealth system adoption (EHR/EMR/HIE/HIT/clinical interoperability).",,,
R1362,E_stage1_excl,PubMed,Social Determinants of Health and After-Hours Electronic Health Record Documentation: A National Survey of US Physicians.,2022,10.1089/pop.2021.0212,Journal Article,"EXCLUDE (Stage 1, E2)","Studies EHR data (SDoH documentation patterns) to characterize physician behavior and work burden, not adoption/implementation/barriers of eHealth systems themselves.",,,
R1381,E_stage1_excl,PubMed,Effective implementation of electronic medical records and health information technologies.,2015,,Journal Article,"EXCLUDE (Stage 1, E2)","Uses EHR/health IT data to study clinical outcome (mortality) without examining adoption, implementation, barriers, or determinants of the technology itself.",,,
R1405,E_stage1_excl,PubMed,Highlights From ACMQ's Annual Meeting Virtual Medical Quality 2020: Real World Digital Health Strategies Impacting Social Determinants of Health and Health Care Disparities.,2021,10.1097/01.JMQ.0000733464.74709.f3,Journal Article,"EXCLUDE (Stage 1, E4)",Conference highlights/summary article without abstract; insufficient methodology detail for systematic review inclusion.,,,
R1423,E_stage1_excl,PubMed,A retrospective evaluation of a health provider electronic health record reminder system to reduce urinary tract infections through enhanced barrier precautions in a skilled nursing facility.,2026,10.1177/17571774261440765,Journal Article,"EXCLUDE (Stage 1, E2)","Studies EHR use to improve clinical outcomes (UTI reduction) without examining adoption, implementation barriers, facilitators, or determinants of the EHR reminder system itself.",,,
R1427,E_stage1_excl,PubMed,Development and implementation of an electronic medical record module to track genetic testing results.,2021,10.1038/s41436-020-01057-x,Journal Article,"EXCLUDE (Stage 1, E2)","Uses EMR to improve genetic testing result tracking and clinical workflow, but does not study adoption, implementation barriers, acceptance, or determinants of eHealth system adoption itself.",,,
R1443,E_stage1_excl,PubMed,"Development of an electronic health record-based Human Immunodeficiency Virus (HIV) risk prediction model for women, incorporating social determinants of health.",2025,10.1186/s12889-025-23460-2,Journal Article,"EXCLUDE (Stage 1, E2)","Uses EHR data to develop a disease risk prediction model; does not study eHealth/EHR adoption, implementation, barriers, or determinants.",,,
R1463,E_stage1_excl,PubMed,Implementation of Indigenous Electronic Medical Record System to Facilitate Care of Sickle Cell Disease Patients in Chhattisgarh.,2016,10.7860/JCDR/2016/16047.7186,Journal Article,"EXCLUDE (Stage 1, E2)","Uses EMR system to store and manage SCD patient data for clinical care and research, but does not study adoption, implementation barriers, facilitators, or determinants of the EMR system itself; focuses on technical development and data management rather than uptake or acceptance outcomes.",,,
R1494,E_stage1_excl,PubMed,Association between Electronic Medical Record Implementation of Default Opioid Prescription Quantities and Prescribing Behavior in Two Emergency Departments.,2018,10.1007/s11606-017-4286-5,"Letter; Multicenter Study; Research Support, N.I.H., Extramural","EXCLUDE (Stage 1, E2)","Uses EMR implementation feature (default opioid quantities) to study prescribing behavior outcomes, not adoption/implementation/acceptance of the eHealth system itself.",,,
R1518,E_stage1_excl,PubMed,Decreased in-hospital mortality rate following implementation of a comprehensive electronic medical record system.,2022,10.1111/jpc.15718,Journal Article,"EXCLUDE (Stage 1, E2)","Studies clinical outcome (mortality) using EMR data without examining adoption, implementation barriers, acceptance, or determinants of the system itself.",,,
R1532,E_stage1_excl,PubMed,Implementation of an electronic medical record tool for early detection of deep vein thrombosis in the ambulatory oncology setting.,2019,10.1002/rth2.12176,Journal Article,"EXCLUDE (Stage 1, E2)","Uses EHR data to study clinical outcomes (DVT detection, VTE morbidity) rather than studying eHealth/EHR adoption, implementation barriers, facilitators, or determinants of system uptake.",,,
R1548,E_stage1_excl,PubMed,An Electronic Medical Record-Derived Individualized Performance Metric to Measure Risk-Adjusted Adherence with Perioperative Prophylactic Bundles for Health Care Disparity Research and Implementation Science.,2020,10.1055/s-0040-1714692,"Journal Article; Research Support, N.I.H., Extramural","EXCLUDE (Stage 1, E2)","Uses EMR data to measure clinician adherence to clinical protocols (antiemetic prophylaxis), not to study eHealth/EHR adoption, implementation, barriers, or determinants.",,,
R1563,E_stage1_excl,PubMed,Next Steps and Barriers for Integration of Artificial Intelligence into Electronic Medical Records and Cardiovascular Health.,2026,10.1016/j.amjcard.2026.05.022,Letter,"EXCLUDE (Stage 1, E4)",Letter format; insufficient methodology/publication type for systematic review inclusion criteria.,,,
R1567,E_stage1_excl,PubMed,Sex Differences in Determinants of Suicide Risk Preceding Psychiatric Admission: An Electronic Medical Record Study.,2022,10.3389/fpsyt.2022.892225,Journal Article,"EXCLUDE (Stage 1, E2)","Uses EMR data to study suicide risk determinants in psychiatric patients, not eHealth/EHR adoption, implementation, or acceptance.",,,
R1573,E_stage1_excl,PubMed,Moving electronic medical records upstream: incorporating social determinants of health.,2015,10.1016/j.amepre.2014.07.009,"Journal Article; Research Support, Non-U.S. Gov't","EXCLUDE (Stage 1, E2)","Uses EHR to study social determinants screening/intervention delivery, not adoption/implementation/barriers of the EHR system itself.",,,
R1575,E_stage1_excl,PubMed,DeepBiomarker2: Prediction of Alcohol and Substance Use Disorder Risk in Post-Traumatic Stress Disorder Patients Using Electronic Medical Records and Multiple Social Determinants of Health.,2024,10.3390/jpm14010094,Journal Article,"EXCLUDE (Stage 1, E2)","Uses EMR data to predict disease outcome (ASUD risk) in a patient population; lacks adoption/implementation focus on eHealth system uptake, acceptance, or determinants of EHR/HIT adoption itself.",,,
R1584,E_stage1_excl,IEEE,Health Record Chain (HRC): Implementation of Mobile Healthcare system using Blockchain to enhance Privacy of Electronic Health Record EHR,2020,10.1109/CSCI51800.2020.00161,IEEE Conferences,"EXCLUDE (Stage 1, E1)","Focus is blockchain technology implementation and privacy mechanisms rather than adoption determinants; no empirical study of EHR/system adoption, barriers, facilitators, or implementation success factors.",,,
R1611,E_stage1_excl,IEEE,The Implementation of CPML for the Improved HIE-FDTD Method,2023,10.1109/MAPCON58678.2023.10464006,IEEE Conferences,"EXCLUDE (Stage 1, E1)","Not about eHealth/EHR/EMR/HIE/HIT adoption; concerns electromagnetic simulation (FDTD finite-difference time-domain methods), not health information exchange or health IT systems.",,,
R1616,E_stage1_excl,IEEE,Implementation of Fog computing for reliable E-health applications,2015,10.1109/ACSSC.2015.7421170,IEEE Conferences,"EXCLUDE (Stage 1, E1)","focuses on fog computing architecture and latency optimization for e-health data processing, not on adoption/implementation/acceptance of eHealth systems",,,
R1617,E_stage1_excl,IEEE,Implementation of an “at-home” e-Health system using heterogeneous devices,2016,10.1109/ISC2.2016.7580865,IEEE Conferences,"EXCLUDE (Stage 1, E1)","Focus is on sensor engineering and smart home architecture for health monitoring, not on eHealth system adoption, implementation barriers, or determinants of uptake by healthcare organizations or clinicians.",,,
R1621,E_stage1_excl,IEEE,Design and implementation of an e-Health system for depression detection,2015,10.1109/ICCE.2015.7066324,IEEE Conferences,"EXCLUDE (Stage 1, E1)","focuses on depression detection system design/engineering rather than eHealth adoption, implementation barriers, or determinants of system uptake",,,
R1625,E_stage1_excl,IEEE,"Challenges in the design and implementation of wireless sensor networks: A holistic approach-development and planning tools, middleware, power efficiency, interoperability",2015,10.1109/MECO.2015.7181857,IEEE Conferences,"EXCLUDE (Stage 1, E1)","focuses on wireless sensor network engineering challenges (power, routing, protocols, security) rather than eHealth/EHR adoption, implementation barriers, or determinants",,,
R1632,E_stage1_excl,IEEE,Implementation and Evaluation of the iHAC Hub Leveraging the Web of Things for Interoperability Between Matter and ECHONET Lite Devices,2026,10.1109/CCNC65079.2026.11366425,IEEE Conferences,"EXCLUDE (Stage 1, E1)",Smart home device interoperability engineering focus; not about eHealth/clinical IT adoption or implementation.,,,
R1634,E_stage1_excl,IEEE,Interoperability Conflict in Data Warehouse Implementation: A Paired Samples T-Test Analysis of Technical Performance and Stakeholder Satisfaction,2026,10.1109/AIEI69164.2026.11497258,IEEE Conferences,"EXCLUDE (Stage 1, E1)",Data warehouse implementation and technical performance optimization; not focused on eHealth/EHR/EMR/HIE/clinical health IT adoption or healthcare system interoperability.,,,
R1635,E_stage1_excl,IEEE,Virtual Testbed Implementation for Interoperability Verification of Multi-Robot Control Frameworks,2025,10.23919/ICCAS66577.2025.11301204,IEEE Conferences,"EXCLUDE (Stage 1, E1)","Focuses on multi-robot control frameworks and interoperability verification in robotics, not eHealth/EHR/EMR/HIE/health IT systems adoption.",,,
R1645,E_stage1_excl,IEEE,Sentiment Classification of Features in e-Health Adoption: A Technical and Security Approach Using Convolutional Neural Network (CNN),2024,10.1109/IoTaIS64014.2024.10799498,IEEE Conferences,"EXCLUDE (Stage 1, E1)","Technical sentiment classification study using CNN on app reviews; not about eHealth adoption determinants, barriers, facilitators, or implementation factors—focuses on NLP model performance for feature sentiment rather than studying what drives or hinders eHealth system adoption.",,,
R1659,E_stage1_excl,IEEE,Evaluating Academic Performance in Health Informatics Post-EHR Implementation,2024,10.1109/ICHI61247.2024.00118,IEEE Conferences,"EXCLUDE (Stage 1, E2)","Studies EHR system use in educational context to measure student academic performance and learning outcomes, not organizational/clinical adoption, implementation barriers, or system acceptance in healthcare practice settings.",,,
R1661,E_stage1_excl,IEEE,Implementation of Lightweight eHealth Applications on a Low-Power Embedded Processor,2020,10.1109/ACCESS.2020.3006901,IEEE Journals,"EXCLUDE (Stage 1, E1)","Engineering-focused work on IoT hardware/software optimization for eHealth devices; does not study adoption, implementation barriers, organizational acceptance, or determinants of eHealth system uptake.",,,
R1662,E_stage1_excl,IEEE,Increasing Engagement in eHealth Interventions Using Personalization and Implementation Intentions,2020,10.1109/SIEDS49339.2020.9106640,IEEE Conferences,"EXCLUDE (Stage 1, E1)","Focuses on clinical intervention efficacy (cognitive bias modification for anxiety treatment) and engagement in a mental health app, not eHealth system adoption, interoperability, or organizational implementation of EHR/EMR/HIE/clinical IT infrastructure.",,,
R1677,E_stage1_excl,IEEE,"A Secondary Control Framework for Microgrid Interoperability With Vendor-Agnostic Grid-Forming Units: Design, Implementation, and Demonstration via Large-Scale Hardware Setup",2025,10.1109/ACCESS.2025.3643737,IEEE Journals,"EXCLUDE (Stage 1, E1)","Technology focus is microgrid control engineering (secondary control framework, voltage/frequency restoration, power sharing), not eHealth/EHR/EMR/HIE/health IT adoption.",,,
