rec_id,stratum,title,year,doi,rater1_first_screen,rater2_claude,rater3_gemini,gemini_reason
R0030,A_incl_fulltext,Barriers and Facilitators to the Implementation of eHealth Services: Systematic Literature Analysis.,2019,10.2196/14197,PASS,PASS,PASS,
R0043,A_incl_fulltext,Adoption of Health Information Technology Among US Nursing Facilities.,2019,10.1016/j.jamda.2018.11.002,PASS,PASS,PARSE_FAIL,
R0061,A_incl_fulltext,Adoption factors associated with electronic health record among long-term care facilities: a systematic review.,2015,10.1136/bmjopen-2014-006615,PASS,PASS,PARSE_FAIL,
R0074,A_incl_fulltext,Barriers and opportunities to implementation of sustainable e-Health programmes in Uganda: A literature review.,2017,10.4102/phcfm.v9i1.1277,PASS,EXCLUDE,EXCLUDE,
R0079,A_incl_fulltext,Basic electronic health record (EHR) adoption in (**)Türkiye is nearly complete but challenges persist.,2023,10.1186/s12913-023-09859-w,PASS,PASS,PARSE_FAIL,
R0083,A_incl_fulltext,Electronic health record implementation: how to identify and analyze the possible negative impacts.,2024,10.31744/einstein_journal/2024AO0916,PASS,PASS,PARSE_FAIL,
R0096,A_incl_fulltext,Exploring facilitators and barriers of the sustainable acceptance of e-health system solutions in Ethiopia: A systematic review.,2023,10.1371/journal.pone.0287991,PASS,EXCLUDE,PARSE_FAIL,"api_error: 429 RESOURCE_EXHAUSTED. {'error': {'code': 429, 'message': 'You exceeded your cu"
R0102,A_incl_fulltext,mUzima Mobile Electronic Health Record (EHR) System: Development and Implementation at Scale.,2021,10.2196/26381,PASS,PASS,PARSE_FAIL,"api_error: 429 RESOURCE_EXHAUSTED. {'error': {'code': 429, 'message': 'You exceeded your cu"
R0103,A_incl_fulltext,Status of Digital Health Technology Adoption in 5 Vietnamese Hospitals: Cross-Sectional Assessment.,2025,10.2196/53483,PASS,PASS,PARSE_FAIL,"api_error: 429 RESOURCE_EXHAUSTED. {'error': {'code': 429, 'message': 'You exceeded your cu"
R0130,A_incl_fulltext,Reframing EHR Policy in China: Towards Balanced Implementation and Ethical Foundations.,2025,10.1111/jep.70273,PASS,PASS,PARSE_FAIL,"api_error: 429 RESOURCE_EXHAUSTED. {'error': {'code': 429, 'message': 'You exceeded your cu"
R0145,A_incl_fulltext,Understanding inherent influencing factors to digital health adoption in general practices through a mixed-methods analysis.,2024,10.1038/s41746-024-01049-0,PASS,EXCLUDE,PARSE_FAIL,"api_error: 429 RESOURCE_EXHAUSTED. {'error': {'code': 429, 'message': 'You exceeded your cu"
R0148,A_incl_fulltext,Design propositions for nudging in healthcare: Adoption of national electronic health record systems.,2023,10.1177/20552076231181208,PASS,PASS,PARSE_FAIL,"api_error: 429 RESOURCE_EXHAUSTED. {'error': {'code': 429, 'message': 'You exceeded your cu"
R0152,A_incl_fulltext,Digital Health Technology Adoption Among Chinese Physicians: Latent Profile Analysis and Cross-Sectional Study.,2025,10.2196/77840,PASS,EXCLUDE,PARSE_FAIL,"api_error: 429 RESOURCE_EXHAUSTED. {'error': {'code': 429, 'message': 'You exceeded your cu"
R0160,A_incl_fulltext,Formative Evaluation of the Implementation of eHealth in the Philippines: A Qualitative Study.,2024,10.47895/amp.v58i12.9289,PASS,PASS,PARSE_FAIL,"api_error: 429 RESOURCE_EXHAUSTED. {'error': {'code': 429, 'message': 'You exceeded your cu"
R0173,A_incl_fulltext,Evaluating the E-Health Cloud Computing Systems Adoption in Taiwan's Healthcare Industry.,2021,10.3390/life11040310,PASS,PASS,PARSE_FAIL,"api_error: 429 RESOURCE_EXHAUSTED. {'error': {'code': 429, 'message': 'You exceeded your cu"
R0209,A_incl_fulltext,Disparities in Primary Care EHR Adoption Rates.,2016,10.1353/hpu.2016.0016,PASS,PASS,PARSE_FAIL,"api_error: 429 RESOURCE_EXHAUSTED. {'error': {'code': 429, 'message': 'You exceeded your cu"
R0232,A_incl_fulltext,Healthcare providers' readiness for electronic health record adoption: a cross-sectional study during pre-implementation phase.,2022,10.1186/s12913-022-07688-x,PASS,PASS,PARSE_FAIL,"api_error: 429 RESOURCE_EXHAUSTED. {'error': {'code': 429, 'message': 'You exceeded your cu"
R0249,A_incl_fulltext,Factors affecting the adoption of e-health system in the Kingdom of Saudi Arabia.,2021,10.1093/inthealth/ihaa091,PASS,EXCLUDE,PARSE_FAIL,"api_error: 429 RESOURCE_EXHAUSTED. {'error': {'code': 429, 'message': 'You exceeded your cu"
R0268,A_incl_fulltext,Revisiting the rural and urban divide in hospital health information technology adoption: Evidence from 2023.,2025,10.1111/jrh.70100,PASS,PASS,PARSE_FAIL,"api_error: 429 RESOURCE_EXHAUSTED. {'error': {'code': 429, 'message': 'You exceeded your cu"
R0308,A_incl_fulltext,Lower electronic health record adoption and interoperability in rural versus urban physician participants: a cross-sectional analysis from the CMS quality payment program.,2025,10.1186/s12913-024-12168-5,PASS,PASS,PARSE_FAIL,"api_error: 429 RESOURCE_EXHAUSTED. {'error': {'code': 429, 'message': 'You exceeded your cu"
R0309,A_incl_fulltext,Human factors and systems simulation methods to optimize peri-operative EHR design and implementation.,2025,10.1186/s41077-025-00349-z,PASS,EXCLUDE,PARSE_FAIL,"api_error: 429 RESOURCE_EXHAUSTED. {'error': {'code': 429, 'message': 'You exceeded your cu"
R0322,A_incl_fulltext,Factors influencing adoption of eHealth technologies in Ghana.,2019,10.1177/2055207619871425,PASS,PASS,PARSE_FAIL,"api_error: 429 RESOURCE_EXHAUSTED. {'error': {'code': 429, 'message': 'You exceeded your cu"
R0330,A_incl_fulltext,Capabilities and Advantages of Cloud Computing in the Implementation of Electronic Health Record.,2018,10.5455/aim.2018.26.24-28,PASS,PASS,PARSE_FAIL,"api_error: 429 RESOURCE_EXHAUSTED. {'error': {'code': 429, 'message': 'You exceeded your cu"
R0338,A_incl_fulltext,Implementation and adoption of a health insurance support tool in the electronic health record: a mixed methods analysis within a randomized trial.,2020,10.1186/s12913-020-05317-z,PASS,EXCLUDE,PARSE_FAIL,"api_error: 429 RESOURCE_EXHAUSTED. {'error': {'code': 429, 'message': 'You exceeded your cu"
R0347,A_incl_fulltext,SERIES: eHealth in primary care. Part 4: Addressing the challenges of implementation.,2020,10.1080/13814788.2020.1826431,PASS,EXCLUDE,PARSE_FAIL,"api_error: 429 RESOURCE_EXHAUSTED. {'error': {'code': 429, 'message': 'You exceeded your cu"
R0357,A_incl_fulltext,NIATx-TI versus typical product training on e-health technology implementation: a clustered randomized controlled trial study protocol.,2020,10.1186/s13012-020-01053-4,PASS,EXCLUDE,PARSE_FAIL,"api_error: 429 RESOURCE_EXHAUSTED. {'error': {'code': 429, 'message': 'You exceeded your cu"
R0361,A_incl_fulltext,Identification of Factors Influencing the Adoption of Health Information Technology by Nurses Who Are Digitally Lagging: In-Depth Interview Study.,2020,10.2196/15630,PASS,EXCLUDE,PARSE_FAIL,"api_error: 429 RESOURCE_EXHAUSTED. {'error': {'code': 429, 'message': 'You exceeded your cu"
R0363,A_incl_fulltext,Evaluation of the nation-wide implementation of ALS home monitoring & coaching: an e-health innovation for personalized care for patients with motor neuron disease.,2022,10.1186/s12913-022-08724-6,PASS,EXCLUDE,PARSE_FAIL,"api_error: 429 RESOURCE_EXHAUSTED. {'error': {'code': 429, 'message': 'You exceeded your cu"
R0370,A_incl_fulltext,Evaluation of a Health Information Exchange System for Geriatric Health Care in Rural Areas: Development and Technical Acceptance Study.,2022,10.2196/34568,PASS,PASS,PARSE_FAIL,"api_error: 429 RESOURCE_EXHAUSTED. {'error': {'code': 429, 'message': 'You exceeded your cu"
R0392,A_incl_fulltext,Factors affecting sustainable adoption of e-health technology in developing countries: an exploratory survey of Nigerian hospitals from the perspective of healthcare professionals.,2018,10.7717/peerj.4436,PASS,PASS,PARSE_FAIL,"api_error: 429 RESOURCE_EXHAUSTED. {'error': {'code': 429, 'message': 'You exceeded your cu"
R0411,A_incl_fulltext,The Applicability of the Modified Technology Acceptance Model (TAM) on the Sustainable Adoption of eHealth Systems in Resource-Limited Settings.,2020,10.2147/JMDH.S284973,PASS,EXCLUDE,PARSE_FAIL,"api_error: 429 RESOURCE_EXHAUSTED. {'error': {'code': 429, 'message': 'You exceeded your cu"
R0412,A_incl_fulltext,Implementation of eMental Health care: viewpoints from key informants from organizations and agencies with eHealth mandates.,2017,10.1186/s12911-017-0474-9,PASS,EXCLUDE,PARSE_FAIL,"api_error: 429 RESOURCE_EXHAUSTED. {'error': {'code': 429, 'message': 'You exceeded your cu"
R0413,A_incl_fulltext,Estimating the Impacts of Hospitals' Organisational and Geographical Characteristics on the Adoption of Health Information Technology in Mongolian Hospitals.,2021,10.1155/2021/8836625,PASS,PASS,PARSE_FAIL,"api_error: 429 RESOURCE_EXHAUSTED. {'error': {'code': 429, 'message': 'You exceeded your cu"
R0449,A_incl_fulltext,"Accessing the Digital Health Application (DiGA) Market: Key Success Factors, Market Barriers and Strategies for Sustainable Adoption.",2026,10.1177/00469580261433432,PASS,EXCLUDE,PARSE_FAIL,"api_error: 429 RESOURCE_EXHAUSTED. {'error': {'code': 429, 'message': 'You exceeded your cu"
R0507,A_incl_fulltext,An iterative approach to developing a multifaceted implementation strategy for a complex eHealth intervention within clinical practice.,2023,10.1186/s12913-023-10439-1,PASS,EXCLUDE,EXCLUDE,
R0544,A_incl_fulltext,A structured framework to improve usability in EHR implementation: a user-centered case study in Brazilian mental healthcare.,2025,10.3389/fdgth.2025.1676631,PASS,EXCLUDE,PARSE_FAIL,
R0559,A_incl_fulltext,Electronic Health Record Implementation Enhances Financial Performance in High Medicaid Nursing Homes.,2024,10.2147/JMDH.S457420,PASS,EXCLUDE,PARSE_FAIL,"api_error: 429 RESOURCE_EXHAUSTED. {'error': {'code': 429, 'message': 'You exceeded your cu"
R0591,A_incl_fulltext,Implementation of the Flexible Assertive Community Treatment (FACT) Model in Norway: eHealth Assessment Study.,2022,10.2196/32220,PASS,EXCLUDE,PARSE_FAIL,"api_error: 429 RESOURCE_EXHAUSTED. {'error': {'code': 429, 'message': 'You exceeded your cu"
R0623,A_incl_fulltext,A Self-help Tool to Facilitate Implementation of eHealth Initiatives in Health Care (E-Ready): Formative Evaluation.,2022,10.2196/17568,PASS,EXCLUDE,PARSE_FAIL,
R0627,A_incl_fulltext,"Unveiling practical insights of eHealth implementation in Europe: a grey literature review on legal, ethical, financial, and technological (LEFT) considerations.",2025,10.3389/fdgth.2025.1575620,PASS,PASS,PARSE_FAIL,"api_error: 429 RESOURCE_EXHAUSTED. {'error': {'code': 429, 'message': 'You exceeded your cu"
R0633,A_incl_fulltext,Development and implementation of an interoperable local health information exchange platform for the attainment of universal health coverage in the Philippines.,2025,10.3389/fdgth.2025.1650273,PASS,PASS,PARSE_FAIL,"api_error: 429 RESOURCE_EXHAUSTED. {'error': {'code': 429, 'message': 'You exceeded your cu"
R0682,A_incl_fulltext,A comprehensive eHealth implementation guide constructed on a qualitative case study on barriers and facilitators of the digital care platform CMyLife.,2022,10.1186/s12913-022-08020-3,PASS,EXCLUDE,PARSE_FAIL,"api_error: 429 RESOURCE_EXHAUSTED. {'error': {'code': 429, 'message': 'You exceeded your cu"
R0724,A_incl_fulltext,"IMPLEMENTATION OF THE NATIONWIDE ELECTRONIC HEALTH RECORD SYSTEM IN SERBIA: CHALLENGES, LESSONS LEARNED, AND EARLY OUTCOMES.",2022,10.20471/acc.2022.61.03.14,PASS,PASS,PARSE_FAIL,"api_error: 429 RESOURCE_EXHAUSTED. {'error': {'code': 429, 'message': 'You exceeded your cu"
R0739,A_incl_fulltext,Adoption and perception of prescribable digital health applications (DiGA) and the advancing digitalization among German internal medicine physicians: a cross-sectional survey study.,2024,10.1186/s12913-024-11807-1,PASS,EXCLUDE,PARSE_FAIL,"api_error: 429 RESOURCE_EXHAUSTED. {'error': {'code': 429, 'message': 'You exceeded your cu"
R0742,A_incl_fulltext,Adoption of electronic health record systems to enhance the quality of healthcare in low-income countries: a systematic review.,2023,10.1136/bmjhci-2022-100704,PASS,PASS,PARSE_FAIL,"api_error: 429 RESOURCE_EXHAUSTED. {'error': {'code': 429, 'message': 'You exceeded your cu"
R0756,A_incl_fulltext,Stakeholders' Perceptions of the Implementation of a Patient-Centric Digital Health Application for Primary Healthcare in India.,2021,10.4258/hir.2021.27.4.315,PASS,PASS,PARSE_FAIL,"api_error: 429 RESOURCE_EXHAUSTED. {'error': {'code': 429, 'message': 'You exceeded your cu"
R0758,A_incl_fulltext,Factors influencing clinician performance post-electronic health record implementation: an empirical analysis in Moroccan hospitals.,2025,10.1186/s12913-025-12438-w,PASS,PASS,PARSE_FAIL,"api_error: 429 RESOURCE_EXHAUSTED. {'error': {'code': 429, 'message': 'You exceeded your cu"
R0767,A_incl_fulltext,Accelerating European electronic health record exchange format (EEHRxF) implementation across Europe: a policy perspective.,2025,10.3389/fmed.2025.1648170,PASS,PASS,PASS,
R0769,A_incl_fulltext,Implementation research logic model in the design and execution of eHealth innovations for maternal and newborn healthcare in Ethiopia.,2025,10.1186/s12961-024-01259-8,PASS,PASS,PARSE_FAIL,
R0770,A_incl_fulltext,"Nursing Home Implementation of Health Information Technology: Review of the Literature Finds Inadequate Investment in Preparation, Infrastructure, and Training.",2018,10.1177/0046958018778902,PASS,PASS,PARSE_FAIL,
R0794,A_incl_fulltext,"Exploring the Dynamics of Actors, Structural Factors, and Bricolage in the Implementation and Sustainability of eHealth Solutions: Qualitative Multiple-Case Study.",2026,10.2196/79999,PASS,EXCLUDE,PASS,
R0795,A_incl_fulltext,Implementation of eHealth to Support Assessment and Decision-making for Residents With Dementia in Long-term Care: Systematic Review.,2022,10.2196/29837,PASS,EXCLUDE,EXCLUDE,
R0803,A_incl_fulltext,Learning from digital health investments during COVID-19 vaccine program implementation: a research collaboration and theory of change.,2024,10.1093/oodh/oqae005,PASS,EXCLUDE,PARSE_FAIL,
R0815,A_incl_fulltext,When Tech Meets Touch: Multistakeholder Perspectives and Implementation Strategies for eHealth in Chronic Kidney Disease: A Systematic Review Using Computational Linguistics.,2026,10.1155/jonm/7612011,PASS,EXCLUDE,PARSE_FAIL,
R0818,A_incl_fulltext,Electronic medical record implementation in tertiary care: factors influencing adoption of an electronic medical record in a cancer centre.,2021,10.1186/s12913-020-06015-6,PASS,PASS,PARSE_FAIL,"api_error: 429 RESOURCE_EXHAUSTED. {'error': {'code': 429, 'message': 'You exceeded your cu"
R0827,A_incl_fulltext,The Impact of Leadership and Management on the Implementation of Electronic Health Record Systems in the Primary Healthcare Centers.,2024,10.3390/healthcare12202013,PASS,PASS,PARSE_FAIL,"api_error: 429 RESOURCE_EXHAUSTED. {'error': {'code': 429, 'message': 'You exceeded your cu"
R0831,A_incl_fulltext,"Applying Implementation Science to Advance Electronic Health Record-Driven Learning Health Systems: Case Studies, Challenges, and Recommendations.",2024,10.2196/55472,PASS,PASS,PARSE_FAIL,"api_error: 429 RESOURCE_EXHAUSTED. {'error': {'code': 429, 'message': 'You exceeded your cu"
R0850,A_incl_fulltext,Perception towards electronic health records & uptake of digital health IDs among the urban residents in northern India: A mixed methods study.,2024,10.25259/ijmr_664_23,PASS,EXCLUDE,PARSE_FAIL,"api_error: 429 RESOURCE_EXHAUSTED. {'error': {'code': 429, 'message': 'You exceeded your cu"
R0865,A_incl_fulltext,Integrated Electronic Health Record System in a Tertiary Care Centre: A Single Centre Implementation Experience.,2022,10.31729/jnma.7445,PASS,PASS,PARSE_FAIL,"api_error: 429 RESOURCE_EXHAUSTED. {'error': {'code': 429, 'message': 'You exceeded your cu"
R0883,A_incl_fulltext,Creation of an Evidence-Based Implementation Framework for Digital Health Technology in the Intensive Care Unit: Qualitative Study.,2022,10.2196/22866,PASS,EXCLUDE,PARSE_FAIL,"api_error: 429 RESOURCE_EXHAUSTED. {'error': {'code': 429, 'message': 'You exceeded your cu"
R0914,A_incl_fulltext,Determinants of the implementation of eHealth-based long-term follow-up care for young cancer survivors: a qualitative study.,2024,10.1186/s12885-024-12910-6,PASS,EXCLUDE,PARSE_FAIL,"api_error: 429 RESOURCE_EXHAUSTED. {'error': {'code': 429, 'message': 'You exceeded your cu"
R0933,A_incl_fulltext,The Perceptions of and Factors Associated With the Adoption of the Electronic Health Record Sharing System Among Patients and Physicians: Cross-Sectional Survey.,2020,10.2196/17452,PASS,PASS,PARSE_FAIL,"api_error: 429 RESOURCE_EXHAUSTED. {'error': {'code': 429, 'message': 'You exceeded your cu"
R1031,A_incl_fulltext,Implementation of the World Health Organization Minimum Dataset for Emergency Medical Teams to Create Disaster Profiles for the Indonesian SATUSEHAT Platform Using Fast Healthcare Interoperability Resources: Development and Validation Study.,2024,10.2196/59651,PASS,PASS,PARSE_FAIL,"api_error: 429 RESOURCE_EXHAUSTED. {'error': {'code': 429, 'message': 'You exceeded your cu"
R1033,A_incl_fulltext,Exploring Factors Associated With the Stalled Implementation of a Ground-Up Electronic Health Record System in South Africa: Qualitative Insights From the E-Tick Case Study Using the Consolidated Framework for Implementation Research (CFIR).,2026,10.2196/73831,PASS,PASS,PARSE_FAIL,"api_error: 429 RESOURCE_EXHAUSTED. {'error': {'code': 429, 'message': 'You exceeded your cu"
R1069,A_incl_fulltext,End-users' perspectives on factors affecting implementation and utilization of the Iranian electronic health record system: a qualitative study in a developing country.,2023,10.1186/s12913-023-10033-5,PASS,PASS,PARSE_FAIL,"api_error: 429 RESOURCE_EXHAUSTED. {'error': {'code': 429, 'message': 'You exceeded your cu"
R1084,A_incl_fulltext,Barriers to the implementation of large-scale electronic health record systems in primary healthcare centers: a mixed-methods study in Saudi Arabia.,2025,10.3389/fmed.2025.1516714,PASS,PASS,PARSE_FAIL,"api_error: 429 RESOURCE_EXHAUSTED. {'error': {'code': 429, 'message': 'You exceeded your cu"
R1133,A_incl_fulltext,Design and Implementation of a State-Wide Network for Near Real-Time Public Health Surveillance and Research: The Minnesota Electronic Health Record Consortium Experience.,2026,10.1002/lrh2.70070,PASS,PASS,PARSE_FAIL,"api_error: 429 RESOURCE_EXHAUSTED. {'error': {'code': 429, 'message': 'You exceeded your cu"
R1181,A_incl_fulltext,Successes and Barriers of Health Information Exchange Participation Across Hospitals in South Carolina From 2014 to 2020: Longitudinal Observational Study.,2023,10.2196/40959,PASS,PASS,PARSE_FAIL,"api_error: 429 RESOURCE_EXHAUSTED. {'error': {'code': 429, 'message': 'You exceeded your cu"
R1186,A_incl_fulltext,Adoption of Electronic Medical Records in Healthcare Facilities in the Emirate of Dubai.,2024,10.4258/hir.2024.30.2.154,PASS,PASS,PARSE_FAIL,"api_error: 429 RESOURCE_EXHAUSTED. {'error': {'code': 429, 'message': 'You exceeded your cu"
R1199,A_incl_fulltext,Overcoming Electronic Medical Records Adoption Challenges in Saudi Arabia.,2024,10.7759/cureus.53827,PASS,PASS,PARSE_FAIL,"api_error: 429 RESOURCE_EXHAUSTED. {'error': {'code': 429, 'message': 'You exceeded your cu"
R1211,A_incl_fulltext,Barriers to Creating Scalable Business Models for Digital Health Innovation in Public Systems: Qualitative Case Study.,2020,10.2196/20579,PASS,EXCLUDE,PARSE_FAIL,"api_error: 429 RESOURCE_EXHAUSTED. {'error': {'code': 429, 'message': 'You exceeded your cu"
R1243,A_incl_fulltext,"Perceptions of and barriers to health information exchange use among emergency medicine and inpatient internal medicine clinicians in the Atlanta, Georgia metropolitan region.",2025,10.1093/jamiaopen/ooaf131,PASS,PASS,PARSE_FAIL,"api_error: 429 RESOURCE_EXHAUSTED. {'error': {'code': 429, 'message': 'You exceeded your cu"
R1271,A_incl_fulltext,Technology adoption of electronic medical records in developing economies: A systematic review on physicians' perspective.,2024,10.1177/20552076231224605,PASS,PASS,PARSE_FAIL,"api_error: 429 RESOURCE_EXHAUSTED. {'error': {'code': 429, 'message': 'You exceeded your cu"
R1340,A_incl_fulltext,Identifying and Addressing Barriers to Implementing Core Electronic Health Record Use Metrics for Ambulatory Care: Virtual Consensus Conference Proceedings.,2023,10.1055/a-2187-3243,PASS,EXCLUDE,PARSE_FAIL,"api_error: 429 RESOURCE_EXHAUSTED. {'error': {'code': 429, 'message': 'You exceeded your cu"
R1345,A_incl_fulltext,Determinants predicting the electronic medical record adoption in healthcare: A SEM-Artificial Neural Network approach.,2022,10.1371/journal.pone.0272735,PASS,PASS,PARSE_FAIL,"api_error: 429 RESOURCE_EXHAUSTED. {'error': {'code': 429, 'message': 'You exceeded your cu"
R1346,A_incl_fulltext,"Reusing routine electronic health record data for nationwide COVID-19 surveillance in nursing homes: barriers, facilitators, and lessons learned.",2024,10.1186/s12911-024-02818-3,PASS,PASS,PARSE_FAIL,"api_error: 429 RESOURCE_EXHAUSTED. {'error': {'code': 429, 'message': 'You exceeded your cu"
R1360,A_incl_fulltext,Adoption of electronic medical records in developing countries-A multi-state study of the Nigerian healthcare system.,2022,10.3389/fdgth.2022.1017231,PASS,PASS,PARSE_FAIL,"api_error: 429 RESOURCE_EXHAUSTED. {'error': {'code': 429, 'message': 'You exceeded your cu"
R1415,A_incl_fulltext,Electronic medical record implementation for a healthcare system caring for homeless people.,2019,10.1093/jamiaopen/ooy046,PASS,PASS,PARSE_FAIL,"api_error: 429 RESOURCE_EXHAUSTED. {'error': {'code': 429, 'message': 'You exceeded your cu"
R1428,A_incl_fulltext,Integration of Screening and Referral Tools for Social Determinants of Health and Modifiable Lifestyle Factors in the Epic Electronic Health Record System: Scoping Review.,2025,10.2196/73615,PASS,EXCLUDE,PARSE_FAIL,"api_error: 429 RESOURCE_EXHAUSTED. {'error': {'code': 429, 'message': 'You exceeded your cu"
R1431,A_incl_fulltext,Electronic Medical Records implementation in hospital: An empirical investigation of individual and organizational determinants.,2020,10.1371/journal.pone.0234108,PASS,PASS,PARSE_FAIL,"api_error: 429 RESOURCE_EXHAUSTED. {'error': {'code': 429, 'message': 'You exceeded your cu"
R1448,A_incl_fulltext,Implementation of electronic medical records at an Emergency Medicine Department in Tanzania: The information technology perspective.,2019,10.1016/j.afjem.2019.07.002,PASS,PASS,PARSE_FAIL,"api_error: 429 RESOURCE_EXHAUSTED. {'error': {'code': 429, 'message': 'You exceeded your cu"
R1450,A_incl_fulltext,"Benefits, facilitators, and barriers of electronic medical records implementation in outpatient settings: A scoping review.",2024,10.1177/08404704231224070,PASS,PASS,PARSE_FAIL,"api_error: 429 RESOURCE_EXHAUSTED. {'error': {'code': 429, 'message': 'You exceeded your cu"
R1453,A_incl_fulltext,An Approach to Potentially Increasing Adoption of an Artificial Intelligence-Enabled Electronic Medical Record Encounter in Canadian Primary Care: Protocol for a User-Centered Design.,2024,10.2196/54365,PASS,EXCLUDE,PARSE_FAIL,"api_error: 429 RESOURCE_EXHAUSTED. {'error': {'code': 429, 'message': 'You exceeded your cu"
R1477,A_incl_fulltext,Assessment of implementation challenges of electronic medical record in Yekatit 12 hospital medical college.,2025,10.1371/journal.pone.0329896,PASS,PASS,PARSE_FAIL,"api_error: 429 RESOURCE_EXHAUSTED. {'error': {'code': 429, 'message': 'You exceeded your cu"
R1487,A_incl_fulltext,The Value of Electronic Medical Record Implementation in Mental Health Care: A Case Study.,2017,10.2196/medinform.6512,PASS,EXCLUDE,PARSE_FAIL,"api_error: 429 RESOURCE_EXHAUSTED. {'error': {'code': 429, 'message': 'You exceeded your cu"
R1497,A_incl_fulltext,An Assessment of Success Factors and Challenges in Implementation of Electronic Medical Record System in Referral Hospital in Northern Tanzania.,2023,10.24248/eahrj.v7i2.741,PASS,PASS,PARSE_FAIL,"api_error: 429 RESOURCE_EXHAUSTED. {'error': {'code': 429, 'message': 'You exceeded your cu"
R1547,A_incl_fulltext,"A Community-Based, Mobile Electronic Medical Record System App for High-Quality, Integrated Antiretroviral Therapy in Lilongwe, Malawi: Design Process and Pilot Implementation.",2023,10.2196/48671,PASS,EXCLUDE,PARSE_FAIL,"api_error: 429 RESOURCE_EXHAUSTED. {'error': {'code': 429, 'message': 'You exceeded your cu"
R1549,A_incl_fulltext,Differences in changes of data completeness after the implementation of an electronic medical record in three surgical departments of a German hospital-a longitudinal comparative document analysis.,2024,10.1186/s12911-024-02667-0,PASS,EXCLUDE,PARSE_FAIL,"api_error: 429 RESOURCE_EXHAUSTED. {'error': {'code': 429, 'message': 'You exceeded your cu"
R1558,A_incl_fulltext,"Attitudes toward implementation of electronic medical record and its associated factors among health professional workers in selected public hospitals in Addis Ababa, Ethiopia, 2023: A multi-center cross-sectional study.",2024,10.1177/20552076241277034,PASS,PASS,PARSE_FAIL,"api_error: 429 RESOURCE_EXHAUSTED. {'error': {'code': 429, 'message': 'You exceeded your cu"
R1560,A_incl_fulltext,"Barriers and facilitators to Electronic Medical Records usage in the Emergency Centre at Komfo Anokye Teaching Hospital, Kumasi-Ghana.",2017,10.1016/j.afjem.2017.05.002,PASS,PASS,PARSE_FAIL,"api_error: 429 RESOURCE_EXHAUSTED. {'error': {'code': 429, 'message': 'You exceeded your cu"
R1569,A_incl_fulltext,Perception and barriers to electronic medical record use among physicians and nurses in General Hospitals in Lagos State.,2025,10.4314/ahs.v25i3.20,PASS,PASS,PARSE_FAIL,"api_error: 429 RESOURCE_EXHAUSTED. {'error': {'code': 429, 'message': 'You exceeded your cu"
R0003,B_incl_abstract,HITECH Act Drove Large Gains In Hospital Electronic Health Record Adoption.,2017,10.1377/hlthaff.2016.1651,PASS,PASS,PARSE_FAIL,"api_error: 429 RESOURCE_EXHAUSTED. {'error': {'code': 429, 'message': 'You exceeded your cu"
R0013,B_incl_abstract,Selection and Implementation of an Electronic Health Record.,2017,10.1016/j.pmrj.2017.02.007,PASS,PASS,PARSE_FAIL,"api_error: 429 RESOURCE_EXHAUSTED. {'error': {'code': 429, 'message': 'You exceeded your cu"
R0022,B_incl_abstract,Development and Implementation of the DHAPP Military eHealth Information Network System.,2017,10.2174/1570162X15666170517093714,PASS,PASS,PARSE_FAIL,"api_error: 429 RESOURCE_EXHAUSTED. {'error': {'code': 429, 'message': 'You exceeded your cu"
R0039,B_incl_abstract,The Adoption of the Electronic Health Record by Physicians.,2019,10.1055/s-0039-1695006,PASS,PASS,PARSE_FAIL,"api_error: 429 RESOURCE_EXHAUSTED. {'error': {'code': 429, 'message': 'You exceeded your cu"
R0091,B_incl_abstract,Implementation of a Naloxone Best Practice Advisory Into an Electronic Health Record.,2023,10.1097/ADM.0000000000001102,PASS,EXCLUDE,PARSE_FAIL,"api_error: 429 RESOURCE_EXHAUSTED. {'error': {'code': 429, 'message': 'You exceeded your cu"
R0107,B_incl_abstract,Challenges and Hurdles of eHealth Implementation in Developing Countries.,2015,,PASS,PASS,PARSE_FAIL,"api_error: 429 RESOURCE_EXHAUSTED. {'error': {'code': 429, 'message': 'You exceeded your cu"
R0115,B_incl_abstract,Assessing electronic health record implementation challenges using item response theory.,2016,,PASS,PASS,PASS,
R0132,B_incl_abstract,Hospital Adoption of Health Information Technology to Support Public Health Infrastructure.,2016,10.1097/PHH.0000000000000198,PASS,PASS,PASS,
R0153,B_incl_abstract,Towards lifetime electronic health record implementation.,2015,,PASS,PASS,PARSE_FAIL,
R0196,B_incl_abstract,Assessing the Fidelity of Electronic Health Record Implementation Using SatuSehat Platform in Indonesia.,2025,10.3233/SHTI251128,PASS,PASS,PARSE_FAIL,
R0200,B_incl_abstract,The Association of Electronic Health Record Adoption with Staffing Mix in Community Health Centers.,2017,10.1111/1475-6773.12648,PASS,EXCLUDE,PARSE_FAIL,"api_error: 429 RESOURCE_EXHAUSTED. {'error': {'code': 429, 'message': 'You exceeded your cu"
R0220,B_incl_abstract,Recommendations for health information technology implementation in rural hospitals.,2016,10.1108/IJHCQA-09-2015-0115,PASS,EXCLUDE,PARSE_FAIL,
R0225,B_incl_abstract,MHS Genesis Implementation: Strategies in Support of Successful EHR Conversion.,2020,10.1093/milmed/usaa184,PASS,PASS,PASS,
R0235,B_incl_abstract,Implementation of Nationwide Electronic Health Record in Albania: A Case Study.,2017,,PASS,PASS,PARSE_FAIL,"api_error: 429 RESOURCE_EXHAUSTED. {'error': {'code': 429, 'message': 'You exceeded your cu"
R0240,B_incl_abstract,Effectiveness of EHR systems on decision support in primary healthcare: a technology acceptance model 3 perspective.,2024,10.1108/JHOM-07-2024-0296,PASS,PASS,PARSE_FAIL,"api_error: 429 RESOURCE_EXHAUSTED. {'error': {'code': 429, 'message': 'You exceeded your cu"
R0241,B_incl_abstract,Environmental market factors associated with electronic health record adoption among cancer hospitals.,2018,10.1097/HMR.0000000000000149,PASS,PASS,PARSE_FAIL,"api_error: 429 RESOURCE_EXHAUSTED. {'error': {'code': 429, 'message': 'You exceeded your cu"
R0245,B_incl_abstract,Exploring Health Information Exchange Implementation Using Qualitative Assessments of Nursing Home Leaders.,2016,,PASS,PASS,PARSE_FAIL,"api_error: 429 RESOURCE_EXHAUSTED. {'error': {'code': 429, 'message': 'You exceeded your cu"
R0252,B_incl_abstract,"Electronic Health Record Adoption In US Hospitals: Progress Continues, But Challenges Persist.",2015,10.1377/hlthaff.2015.0992,PASS,PASS,PARSE_FAIL,"api_error: 429 RESOURCE_EXHAUSTED. {'error': {'code': 429, 'message': 'You exceeded your cu"
R0253,B_incl_abstract,Implementation of Health Information Exchange at the Pima County Adult Detention Complex: Lessons Learned.,2018,10.1177/1078345818764127,PASS,PASS,PARSE_FAIL,"api_error: 429 RESOURCE_EXHAUSTED. {'error': {'code': 429, 'message': 'You exceeded your cu"
R0254,B_incl_abstract,Variation In Rural Health Information Technology Adoption And Use.,2016,10.1377/hlthaff.2015.0861,PASS,PASS,PARSE_FAIL,"api_error: 429 RESOURCE_EXHAUSTED. {'error': {'code': 429, 'message': 'You exceeded your cu"
R0259,B_incl_abstract,Human Factors of EHR Adoption in Saudi Primary Healthcare.,2022,10.3233/SHTI220512,PASS,PASS,PARSE_FAIL,"api_error: 429 RESOURCE_EXHAUSTED. {'error': {'code': 429, 'message': 'You exceeded your cu"
R0279,B_incl_abstract,Electronic Health Record Adoption among Obstetrician/Gynecologists in the United States: Physician Practices and Satisfaction.,2017,10.1111/jhq.12072,PASS,PASS,PARSE_FAIL,"api_error: 429 RESOURCE_EXHAUSTED. {'error': {'code': 429, 'message': 'You exceeded your cu"
R0299,B_incl_abstract,An International Perspective on Health Information Exchange: Adoption in OECD Countries With Different Health Care System Configurations.,2020,10.1177/1077558719858245,PASS,PASS,PARSE_FAIL,"api_error: 429 RESOURCE_EXHAUSTED. {'error': {'code': 429, 'message': 'You exceeded your cu"
R0300,B_incl_abstract,Obstacles to Successful Implementation of eHealth Applications into Clinical Practice.,2018,,PASS,EXCLUDE,PARSE_FAIL,"api_error: 429 RESOURCE_EXHAUSTED. {'error': {'code': 429, 'message': 'You exceeded your cu"
R0310,B_incl_abstract,Accelerated Adoption of Advanced Health Information Technology in Beacon Community Health Centers.,2015,10.3122/jabfm.2015.05.150034,PASS,PASS,PARSE_FAIL,"api_error: 429 RESOURCE_EXHAUSTED. {'error': {'code': 429, 'message': 'You exceeded your cu"
R0352,B_incl_abstract,Provider Adoption of an Online Attention Deficit Hyperactivity Disorder eHealth Care Application.,2025,10.1055/a-2562-1161,PASS,EXCLUDE,PARSE_FAIL,"api_error: 429 RESOURCE_EXHAUSTED. {'error': {'code': 429, 'message': 'You exceeded your cu"
R0353,B_incl_abstract,The journey through grief: insights from a qualitative study of electronic health record implementation.,2015,10.1111/1475-6773.12227,PASS,PASS,PARSE_FAIL,"api_error: 429 RESOURCE_EXHAUSTED. {'error': {'code': 429, 'message': 'You exceeded your cu"
R0368,B_incl_abstract,EHR System MojTermin: Implementation and Initial Data Analysis.,2015,,PASS,PASS,PARSE_FAIL,"api_error: 429 RESOURCE_EXHAUSTED. {'error': {'code': 429, 'message': 'You exceeded your cu"
R0387,B_incl_abstract,Development of a tripolar model of technology acceptance: Hospital-based physicians' perspective on EHR.,2017,10.1016/j.ijmedinf.2017.02.013,PASS,PASS,PARSE_FAIL,"api_error: 429 RESOURCE_EXHAUSTED. {'error': {'code': 429, 'message': 'You exceeded your cu"
R0388,B_incl_abstract,The Role of Nurse Managers in the Adoption of Health Information Technology: Findings From a Qualitative Study.,2019,10.1097/NNA.0000000000000810,PASS,EXCLUDE,PARSE_FAIL,"api_error: 429 RESOURCE_EXHAUSTED. {'error': {'code': 429, 'message': 'You exceeded your cu"
R0395,B_incl_abstract,A Model of Tradeoffs for Understanding Health Information Technology Implementation.,2015,,PASS,PASS,PARSE_FAIL,"api_error: 429 RESOURCE_EXHAUSTED. {'error': {'code': 429, 'message': 'You exceeded your cu"
R0414,B_incl_abstract,INTEROPERABILITY IN PERUVIAN BLOOD BANKS: PERCEPTION AND CHALLENGES FOR THE IMPLEMENTATION OF AN INTEGRATED INFORMATION SYSTEM.,2025,,PASS,PASS,PARSE_FAIL,"api_error: 429 RESOURCE_EXHAUSTED. {'error': {'code': 429, 'message': 'You exceeded your cu"
R0417,B_incl_abstract,Cultural Problems Associated with the Implementation of eHealth.,2017,,PASS,PASS,PARSE_FAIL,"api_error: 429 RESOURCE_EXHAUSTED. {'error': {'code': 429, 'message': 'You exceeded your cu"
R0425,B_incl_abstract,eHealth in Wound Care: from conception to implementation.,2015,10.12968/jowc.2015.24.Sup5.S1,PASS,EXCLUDE,PARSE_FAIL,"api_error: 429 RESOURCE_EXHAUSTED. {'error': {'code': 429, 'message': 'You exceeded your cu"
R0430,B_incl_abstract,Implementation of Fast Healthcare Interoperability Resources for an Integration of Laboratory and Hospital Information Systems.,2018,,PASS,PASS,PARSE_FAIL,"api_error: 429 RESOURCE_EXHAUSTED. {'error': {'code': 429, 'message': 'You exceeded your cu"
R0431,B_incl_abstract,"An Approach for Enhancing Adoption, Use and Utility of Shared Digital Health Records in Rural Australian Communities.",2017,,PASS,PASS,PARSE_FAIL,"api_error: 429 RESOURCE_EXHAUSTED. {'error': {'code': 429, 'message': 'You exceeded your cu"
R0435,B_incl_abstract,Are we doing it right? We need to evaluate the current approaches for implementation of digital health systems.,2021,10.1071/AH20289,PASS,PASS,PARSE_FAIL,"api_error: 429 RESOURCE_EXHAUSTED. {'error': {'code': 429, 'message': 'You exceeded your cu"
R0438,B_incl_abstract,Challenges in user-driven optimization of EHR: A case study of a large Epic implementation in Denmark.,2021,10.1016/j.ijmedinf.2021.104394,PASS,PASS,PARSE_FAIL,"api_error: 429 RESOURCE_EXHAUSTED. {'error': {'code': 429, 'message': 'You exceeded your cu"
R0471,B_incl_abstract,The Challenge of EHR Acceptance by Physicians.,2015,,PASS,PASS,PARSE_FAIL,"api_error: 429 RESOURCE_EXHAUSTED. {'error': {'code': 429, 'message': 'You exceeded your cu"
R0479,B_incl_abstract,Managing User Needs During the EHR Implementation in Buenos Aires City: The HelpDesk Role.,2017,,PASS,PASS,PARSE_FAIL,"api_error: 429 RESOURCE_EXHAUSTED. {'error': {'code': 429, 'message': 'You exceeded your cu"
R0483,B_incl_abstract,Usage of and Attitudes Toward Health Information Exchange Before and After System Implementation in a VA Medical Center.,2019,,PASS,PASS,PARSE_FAIL,"api_error: 429 RESOURCE_EXHAUSTED. {'error': {'code': 429, 'message': 'You exceeded your cu"
R0533,B_incl_abstract,Implementation of an HIV Case Based Surveillance Using Standards-Based Health Information Exchange in Rwanda.,2024,10.3233/SHTI231090,PASS,PASS,PARSE_FAIL,"api_error: 429 RESOURCE_EXHAUSTED. {'error': {'code': 429, 'message': 'You exceeded your cu"
R0540,B_incl_abstract,Adoption of Electronic Health Record System in Community-Based Physiotherapy Clinics: A Pilot Case Study.,2017,,PASS,PASS,PARSE_FAIL,"api_error: 429 RESOURCE_EXHAUSTED. {'error': {'code': 429, 'message': 'You exceeded your cu"
R0558,B_incl_abstract,Invisible work and changing roles: Health information technology implementation and reorganization of work practices for the inpatient nursing team.,2019,10.1016/j.socscimed.2019.112387,PASS,EXCLUDE,PARSE_FAIL,"api_error: 429 RESOURCE_EXHAUSTED. {'error': {'code': 429, 'message': 'You exceeded your cu"
R0576,B_incl_abstract,Recommendations for Enhancing the Implementation and Utility of Shared Digital Health Records in Rural Australian Communities.,2018,,PASS,PASS,PARSE_FAIL,"api_error: 429 RESOURCE_EXHAUSTED. {'error': {'code': 429, 'message': 'You exceeded your cu"
R0583,B_incl_abstract,The implementation of an electronic health record: Comparing preparations for Epic in Norway with experiences from the UK and Denmark.,2019,10.1016/j.ijmedinf.2019.06.026,PASS,PASS,PARSE_FAIL,"api_error: 429 RESOURCE_EXHAUSTED. {'error': {'code': 429, 'message': 'You exceeded your cu"
R0586,B_incl_abstract,"Tracking the Implementation of Electronic Medical Records in Dubai, United Arab Emirates, Using an Adoption Benchmarking Tool.",2017,,PASS,PASS,PARSE_FAIL,"api_error: 429 RESOURCE_EXHAUSTED. {'error': {'code': 429, 'message': 'You exceeded your cu"
R0592,B_incl_abstract,Hospital adoption of electronic health record functions to support age-friendly care: results from a national survey.,2020,10.1093/jamia/ocaa129,PASS,PASS,PARSE_FAIL,"api_error: 429 RESOURCE_EXHAUSTED. {'error': {'code': 429, 'message': 'You exceeded your cu"
R0593,B_incl_abstract,Electronic Health Record Adoption and Nurse Reports of Usability and Quality of Care: The Role of Work Environment.,2019,10.1055/s-0039-1678551,PASS,EXCLUDE,PARSE_FAIL,"api_error: 429 RESOURCE_EXHAUSTED. {'error': {'code': 429, 'message': 'You exceeded your cu"
R0608,B_incl_abstract,Incorporating human factors methods into the configuration and implementation of an electronic health record system.,2026,10.1177/08404704251355226,PASS,PASS,PARSE_FAIL,"api_error: 429 RESOURCE_EXHAUSTED. {'error': {'code': 429, 'message': 'You exceeded your cu"
R0617,B_incl_abstract,Barriers to Pediatric Health Information Exchange.,2017,10.1542/peds.2016-2653,PASS,EXCLUDE,PARSE_FAIL,"api_error: 429 RESOURCE_EXHAUSTED. {'error': {'code': 429, 'message': 'You exceeded your cu"
R0741,B_incl_abstract,Interoperability of Health Information Systems in Low and Middle-Income Countries (LMIC): Implementation of Cluster Care System.,2025,10.3233/SHTI250736,PASS,PASS,PARSE_FAIL,"api_error: 429 RESOURCE_EXHAUSTED. {'error': {'code': 429, 'message': 'You exceeded your cu"
R0823,B_incl_abstract,Development and implementation of a digital health intervention in routine care for long COVID patients: a comprehensive synopsis.,2025,10.3310/GJHG0331,PASS,EXCLUDE,PARSE_FAIL,"api_error: 429 RESOURCE_EXHAUSTED. {'error': {'code': 429, 'message': 'You exceeded your cu"
R0895,B_incl_abstract,Identifying Barriers That Prevent the Usage of Health Information Exchange in Ohio.,2020,10.1177/8755122520924607,PASS,PASS,PARSE_FAIL,"api_error: 429 RESOURCE_EXHAUSTED. {'error': {'code': 429, 'message': 'You exceeded your cu"
R0934,B_incl_abstract,Perceived critical success factors of electronic health record system implementation in a dental clinic context: An organisational management perspective.,2017,10.1016/j.ijmedinf.2017.08.007,PASS,PASS,PARSE_FAIL,"api_error: 429 RESOURCE_EXHAUSTED. {'error': {'code': 429, 'message': 'You exceeded your cu"
R0937,B_incl_abstract,The new European interoperability framework as a facilitator of digital transformation for citizen empowerment.,2019,10.1016/j.jbi.2019.103166,PASS,PASS,PARSE_FAIL,"api_error: 429 RESOURCE_EXHAUSTED. {'error': {'code': 429, 'message': 'You exceeded your cu"
R0942,B_incl_abstract,Resource-based view on safety culture's influence on hospital performance: The moderating role of electronic health record implementation.,2020,10.1097/HMR.0000000000000217,PASS,EXCLUDE,PARSE_FAIL,
R0965,B_incl_abstract,Legal Barriers to the Growth of Health Information Exchange-Boulders or Pebbles?,2018,10.1111/1468-0009.12313,PASS,PASS,PARSE_FAIL,"api_error: 429 RESOURCE_EXHAUSTED. {'error': {'code': 429, 'message': 'You exceeded your cu"
R0988,B_incl_abstract,Implementation of a Medication Reconciliation Risk Stratification Tool Integrated within an electronic health record: A Case Series of Three Academic Medical Centers.,2022,10.1016/j.hjdsi.2022.100654,PASS,EXCLUDE,PARSE_FAIL,"api_error: 429 RESOURCE_EXHAUSTED. {'error': {'code': 429, 'message': 'You exceeded your cu"
R0997,B_incl_abstract,Implementation of Electronic Health Record Integration and Clinical Decision Support to Improve Emergency Department Prescription Drug Monitoring Program Use.,2024,10.1016/j.annemergmed.2023.07.002,PASS,EXCLUDE,PARSE_FAIL,"api_error: 429 RESOURCE_EXHAUSTED. {'error': {'code': 429, 'message': 'You exceeded your cu"
R1059,B_incl_abstract,Barriers to Health Information Exchange Among Ambulatory Physicians: Results From a Nationally Representative Sample.,2023,10.1097/JHQ.0000000000000404,PASS,PASS,PARSE_FAIL,"api_error: 429 RESOURCE_EXHAUSTED. {'error': {'code': 429, 'message': 'You exceeded your cu"
R1079,B_incl_abstract,Interoperability Barriers in the European Health Data Space: A Scoping Review.,2026,10.3233/SHTI260408,PASS,EXCLUDE,PARSE_FAIL,"api_error: 429 RESOURCE_EXHAUSTED. {'error': {'code': 429, 'message': 'You exceeded your cu"
R1081,B_incl_abstract,Sustained User Engagement in Health Information Technology: The Long Road from Implementation to System Optimization of Computerized Physician Order Entry and Clinical Decision Support Systems for Prescribing in Hospitals in England.,2017,10.1111/1475-6773.12581,PASS,PASS,PARSE_FAIL,"api_error: 429 RESOURCE_EXHAUSTED. {'error': {'code': 429, 'message': 'You exceeded your cu"
R1158,B_incl_abstract,Investment subsidies and the adoption of electronic medical records in hospitals.,2015,10.1016/j.jhealeco.2015.10.001,PASS,PASS,PARSE_FAIL,"api_error: 429 RESOURCE_EXHAUSTED. {'error': {'code': 429, 'message': 'You exceeded your cu"
R1165,B_incl_abstract,Barriers and facilitators to a health information exchange system between general practitioners and hospitals: a qualitative study in Southern Switzerland.,2021,10.4414/smw.2021.w30063,PASS,PASS,PARSE_FAIL,"api_error: 429 RESOURCE_EXHAUSTED. {'error': {'code': 429, 'message': 'You exceeded your cu"
R1204,B_incl_abstract,"An evidence-based strategy to achieve equivalency and interoperability for social-behavioral determinants of health assessment, storage, exchange, and use.",2020,10.1177/1460458219882265,PASS,EXCLUDE,PARSE_FAIL,"api_error: 429 RESOURCE_EXHAUSTED. {'error': {'code': 429, 'message': 'You exceeded your cu"
R1223,B_incl_abstract,"Integrating the Electronic Health Record into Behavioral Health Encounters: Strategies, Barriers, and Implications for Practice.",2017,10.1007/s10488-015-0676-3,PASS,EXCLUDE,PARSE_FAIL,"api_error: 429 RESOURCE_EXHAUSTED. {'error': {'code': 429, 'message': 'You exceeded your cu"
R1307,B_incl_abstract,Regional differences in electronic medical record adoption in Japan: A nationwide longitudinal ecological study.,2018,10.1016/j.ijmedinf.2018.05.002,PASS,PASS,PARSE_FAIL,"api_error: 429 RESOURCE_EXHAUSTED. {'error': {'code': 429, 'message': 'You exceeded your cu"
R1335,B_incl_abstract,Success Factors of an Early EHR System for Child and Adolescent Mental Health: Lessons Learned for Future Practice Data-Driven Decision Aids.,2022,10.3233/SHTI220057,PASS,PASS,PARSE_FAIL,"api_error: 429 RESOURCE_EXHAUSTED. {'error': {'code': 429, 'message': 'You exceeded your cu"
R1337,B_incl_abstract,Implementation of a Regional Standardised Model for Perinatal Electronic Medical Records.,2022,10.1007/s10916-022-01888-y,PASS,PASS,PARSE_FAIL,"api_error: 429 RESOURCE_EXHAUSTED. {'error': {'code': 429, 'message': 'You exceeded your cu"
R1398,B_incl_abstract,The interaction between high-level electronic medical record adoption and hospitalist staffing levels: A focus on value-based purchasing.,2022,10.1177/09514848211001696,PASS,EXCLUDE,PARSE_FAIL,"api_error: 429 RESOURCE_EXHAUSTED. {'error': {'code': 429, 'message': 'You exceeded your cu"
R1419,B_incl_abstract,Factors Influencing Implementation of an Electronic Medical Record in a Tertiary Cancer Centre.,2019,10.3233/SHTI190779,PASS,PASS,PARSE_FAIL,"api_error: 429 RESOURCE_EXHAUSTED. {'error': {'code': 429, 'message': 'You exceeded your cu"
R1437,B_incl_abstract,Exploring Factors Affecting Voluntary Adoption of Electronic Medical Records Among Physicians and Clinical Assistants of Small or Solo Private General Practice Clinics.,2018,10.1007/s10916-018-0971-0,PASS,PASS,PARSE_FAIL,"api_error: 429 RESOURCE_EXHAUSTED. {'error': {'code': 429, 'message': 'You exceeded your cu"
R1441,B_incl_abstract,"Implementation of electronic medical records requires more than new software: Lessons on integrating and managing health technologies from Mbarara, Uganda.",2015,10.1016/j.hjdsi.2015.08.006,PASS,PASS,PARSE_FAIL,"api_error: 429 RESOURCE_EXHAUSTED. {'error': {'code': 429, 'message': 'You exceeded your cu"
R1498,B_incl_abstract,Site readiness assessment preceding the implementation of a HIV care and treatment electronic medical record system in Kenya.,2018,10.1016/j.ijmedinf.2017.10.019,PASS,PASS,PARSE_FAIL,"api_error: 429 RESOURCE_EXHAUSTED. {'error': {'code': 429, 'message': 'You exceeded your cu"
R1527,B_incl_abstract,Allied health professionals' experiences and lessons learned in response to a big bang electronic medical record implementation: A prospective observational study.,2023,10.1016/j.ijmedinf.2023.105094,PASS,PASS,PARSE_FAIL,"api_error: 429 RESOURCE_EXHAUSTED. {'error': {'code': 429, 'message': 'You exceeded your cu"
R1530,B_incl_abstract,Haiti’s National HIV Quality Management Program and the Implementation of an Electronic Medical Record to Drive Improvement in Patient Care.,2020,10.1007/978-3-030-43112-9_4,PASS,PASS,PARSE_FAIL,"api_error: 429 RESOURCE_EXHAUSTED. {'error': {'code': 429, 'message': 'You exceeded your cu"
R1571,B_incl_abstract,Understanding nurses' perceptions of barriers and enablers to use of a new electronic medical record system in Australia: A qualitative study.,2022,10.1016/j.ijmedinf.2021.104654,PASS,PASS,PARSE_FAIL,"api_error: 429 RESOURCE_EXHAUSTED. {'error': {'code': 429, 'message': 'You exceeded your cu"
R1578,B_incl_abstract,Success factors for implementing and sustaining a mature electronic medical record in a low-resource setting: a case study of iSanté in Haiti.,2018,10.1093/heapol/czx171,PASS,PASS,PARSE_FAIL,"api_error: 429 RESOURCE_EXHAUSTED. {'error': {'code': 429, 'message': 'You exceeded your cu"
R1587,B_incl_abstract,An analysis of the adoption of health information exchange under network effects,2017,10.1109/ICSSSM.2017.7996261,PASS,PASS,PARSE_FAIL,"api_error: 429 RESOURCE_EXHAUSTED. {'error': {'code': 429, 'message': 'You exceeded your cu"
R1589,B_incl_abstract,Barriers and Facilitators of Health Information Exchange (HIE) Adoption in the United States,2015,10.1109/HICSS.2015.356,PASS,PASS,PARSE_FAIL,"api_error: 429 RESOURCE_EXHAUSTED. {'error': {'code': 429, 'message': 'You exceeded your cu"
R1591,B_incl_abstract,Implementation of a city-wide Health Information Exchange solution in the largest metropolitan region in China,2016,10.1109/BIBM.2016.7822626,PASS,PASS,PARSE_FAIL,"api_error: 429 RESOURCE_EXHAUSTED. {'error': {'code': 429, 'message': 'You exceeded your cu"
R1594,B_incl_abstract,A Preliminary Implementation of HL7 FHIR to Achieve Interoperability in Indonesia's Local EHR,2020,10.1109/ICT49546.2020.9239534,PASS,EXCLUDE,PARSE_FAIL,"api_error: 429 RESOURCE_EXHAUSTED. {'error': {'code': 429, 'message': 'You exceeded your cu"
R1596,B_incl_abstract,A Cross-Country Comparison of Success Factor Priorities for Health Information Technology Managers: Evidence of Convergence in the Nordic Countries,2015,10.1109/HICSS.2015.342,PASS,PASS,PARSE_FAIL,"api_error: 429 RESOURCE_EXHAUSTED. {'error': {'code': 429, 'message': 'You exceeded your cu"
R1607,B_incl_abstract,Towards Federated Health Information Exchange Architecture in Indonesia: Design and Implementation,2025,10.1109/ICIMTech67074.2025.11264924,PASS,PASS,PARSE_FAIL,"api_error: 429 RESOURCE_EXHAUSTED. {'error': {'code': 429, 'message': 'You exceeded your cu"
R1623,B_incl_abstract,The Country's Implementation and Adoption of Standardized Health Terminologies to Promote Interoperability: A Systematic Literature Review,2023,10.1109/ICIMTech59029.2023.10278050,PASS,PASS,PARSE_FAIL,"api_error: 429 RESOURCE_EXHAUSTED. {'error': {'code': 429, 'message': 'You exceeded your cu"
R1647,B_incl_abstract,Factors Affecting e-Health Adoption in South African Public Hospitals: A Case of Edendale Hospital,2021,,PASS,PASS,PARSE_FAIL,"api_error: 429 RESOURCE_EXHAUSTED. {'error': {'code': 429, 'message': 'You exceeded your cu"
R1665,B_incl_abstract,"Legal, Ethical, Financial, and Technological (LEFT) Considerations for eHealth Implementation in Europe: Developing a Roadmap",2024,10.1109/HealthCom60970.2024.10880735,PASS,PASS,PASS,
R0011,C_fulltext_excl,"Beyond ""implementation"": digital health innovation and service design.",2018,10.1038/s41746-018-0059-8,PASS,EXCLUDE,PARSE_FAIL,"api_error: 429 RESOURCE_EXHAUSTED. {'error': {'code': 429, 'message': 'You exceeded your cu"
R0035,C_fulltext_excl,Implementation and Analysis of an Institution-Wide EHR-Integrated Handoff Note.,2022,10.3233/SHTI220103,PASS,EXCLUDE,PARSE_FAIL,"api_error: 429 RESOURCE_EXHAUSTED. {'error': {'code': 429, 'message': 'You exceeded your cu"
R0106,C_fulltext_excl,Enhancing nursing home quality through electronic health record implementation.,2025,10.1177/18333583241274010,PASS,EXCLUDE,PARSE_FAIL,"api_error: 429 RESOURCE_EXHAUSTED. {'error': {'code': 429, 'message': 'You exceeded your cu"
R0131,C_fulltext_excl,Health Information Technology Adoption in the Emergency Department.,2016,10.1111/1475-6773.12307,PASS,EXCLUDE,PARSE_FAIL,"api_error: 429 RESOURCE_EXHAUSTED. {'error': {'code': 429, 'message': 'You exceeded your cu"
R0155,C_fulltext_excl,The impact of e-health system implementation on UNWRA health services: an observational study.,2021,10.1016/S0140-6736(21)01503-8,PASS,EXCLUDE,PARSE_FAIL,"api_error: 429 RESOURCE_EXHAUSTED. {'error': {'code': 429, 'message': 'You exceeded your cu"
R0204,C_fulltext_excl,"Predicting Electronic Health Record Usability: Scoping Review of Adoption Models, Metrics, and Future Directions.",2026,10.2196/86076,PASS,PASS,PARSE_FAIL,"api_error: 429 RESOURCE_EXHAUSTED. {'error': {'code': 429, 'message': 'You exceeded your cu"
R0207,C_fulltext_excl,Acceptance of electronic referrals across the Kingdom of Saudi Arabia: results from a national e-health database.,2024,10.3389/fpubh.2024.1337138,PASS,EXCLUDE,PARSE_FAIL,"api_error: 429 RESOURCE_EXHAUSTED. {'error': {'code': 429, 'message': 'You exceeded your cu"
R0365,C_fulltext_excl,"The Relationship Between Magnet Designation, Electronic Health Record Adoption, and Medicare Meaningful Use Payments.",2017,10.1097/CIN.0000000000000336,PASS,PASS,PARSE_FAIL,"api_error: 429 RESOURCE_EXHAUSTED. {'error': {'code': 429, 'message': 'You exceeded your cu"
R0367,C_fulltext_excl,CLUSTERING AND PRIORITIZING PATIENT SAFETY ISSUES DURING EHR IMPLEMENTATION AND UPGRADES IN HOSPITAL SETTINGS.,2017,10.1177/2327857917061028,PASS,EXCLUDE,PARSE_FAIL,"api_error: 429 RESOURCE_EXHAUSTED. {'error': {'code': 429, 'message': 'You exceeded your cu"
R0373,C_fulltext_excl,"Development, implementation, and initial evaluation of a foundational open interoperability standard for oncology treatment planning and summarization.",2015,10.1093/jamia/ocu015,PASS,EXCLUDE,PARSE_FAIL,"api_error: 429 RESOURCE_EXHAUSTED. {'error': {'code': 429, 'message': 'You exceeded your cu"
R0409,C_fulltext_excl,Comparing the Trends of Electronic Health Record Adoption Among Hospitals of the United States and Japan.,2019,10.1007/s10916-019-1361-y,PASS,PASS,PARSE_FAIL,"api_error: 429 RESOURCE_EXHAUSTED. {'error': {'code': 429, 'message': 'You exceeded your cu"
R0423,C_fulltext_excl,Responding to change: Could co-design overcome the complexities of electronic health record implementation?,2023,10.1111/medu.14990,PASS,PASS,PARSE_FAIL,"api_error: 429 RESOURCE_EXHAUSTED. {'error': {'code': 429, 'message': 'You exceeded your cu"
R0424,C_fulltext_excl,"A Longitudinal Analysis of Institutional Adoption, Use, and Dissemination of an EHR Vendor-Based Data Sharing Program.",2025,10.3233/SHTI250820,PASS,PASS,PARSE_FAIL,"api_error: 429 RESOURCE_EXHAUSTED. {'error': {'code': 429, 'message': 'You exceeded your cu"
R0427,C_fulltext_excl,Call for implementation research: cross-continental partnership experiences from the Trans-African Digital e-Health Network (i-STARC Project).,2023,10.1136/ijgc-2021-003274,PASS,EXCLUDE,PARSE_FAIL,"api_error: 429 RESOURCE_EXHAUSTED. {'error': {'code': 429, 'message': 'You exceeded your cu"
R0441,C_fulltext_excl,"Correspondence to ""Conceptualizing Patient as an Organization with the Adoption of Digital Health"".",2024,10.1177/11795972241293514,PASS,EXCLUDE,PARSE_FAIL,"api_error: 429 RESOURCE_EXHAUSTED. {'error': {'code': 429, 'message': 'You exceeded your cu"
R0484,C_fulltext_excl,Personnel key to successful EHR implementation.,2015,,PASS,EXCLUDE,PARSE_FAIL,"api_error: 429 RESOURCE_EXHAUSTED. {'error': {'code': 429, 'message': 'You exceeded your cu"
R0491,C_fulltext_excl,The heroes among us: Leveraging Africa's youth for effective digital health implementation in communities.,2025,10.1371/journal.pdig.0000954,PASS,EXCLUDE,PARSE_FAIL,"api_error: 429 RESOURCE_EXHAUSTED. {'error': {'code': 429, 'message': 'You exceeded your cu"
R0492,C_fulltext_excl,"Digital Health Technology Adoption Depends On Tech Comfort Level, Willingness to Pay.",2015,,PASS,EXCLUDE,PARSE_FAIL,"api_error: 429 RESOURCE_EXHAUSTED. {'error': {'code': 429, 'message': 'You exceeded your cu"
R0493,C_fulltext_excl,Critical Success Factors for a Successful EHR Implementation for Physicians Practices.,2015,,PASS,EXCLUDE,PARSE_FAIL,"api_error: 429 RESOURCE_EXHAUSTED. {'error': {'code': 429, 'message': 'You exceeded your cu"
R0495,C_fulltext_excl,Effects of HIE/HIT Implementation and Coordination of Care on Health Outcomes and Quality.,2015,,PASS,EXCLUDE,PARSE_FAIL,"api_error: 429 RESOURCE_EXHAUSTED. {'error': {'code': 429, 'message': 'You exceeded your cu"
R0498,C_fulltext_excl,HOW FAR TO TRUE INTEROPERABILITY? Efforts ramp up to overcome barriers preventing the exchange of digital health information.,2015,,PASS,PASS,PARSE_FAIL,"api_error: 429 RESOURCE_EXHAUSTED. {'error': {'code': 429, 'message': 'You exceeded your cu"
R0512,C_fulltext_excl,Long-term care needs guidance for the implementation of digital health technologies.,2023,10.1093/ageing/afad223,PASS,EXCLUDE,PARSE_FAIL,"api_error: 429 RESOURCE_EXHAUSTED. {'error': {'code': 429, 'message': 'You exceeded your cu"
R0552,C_fulltext_excl,Improved Patient Flow and Provider Efficiency After the Implementation of an Electronic Health Record.,2019,10.1097/01.NCN.0000585332.14479.9e,,,PARSE_FAIL,"api_error: 429 RESOURCE_EXHAUSTED. {'error': {'code': 429, 'message': 'You exceeded your cu"
R0594,C_fulltext_excl,"Adoption of Certified Electronic Health Record Systems and Electronic Information Sharing in Physician Offices: United States, 2013 and 2014.",2016,,PASS,PASS,PARSE_FAIL,"api_error: 429 RESOURCE_EXHAUSTED. {'error': {'code': 429, 'message': 'You exceeded your cu"
R0602,C_fulltext_excl,Barriers to Adoption of Electronic Health Record Systems from the Perspective of Nurses: A Cross-sectional Study.,2022,10.1097/01.NCN.0000830160.90985.f0,PASS,PASS,PARSE_FAIL,"api_error: 429 RESOURCE_EXHAUSTED. {'error': {'code': 429, 'message': 'You exceeded your cu"
R0629,C_fulltext_excl,Electronic health record adoption among adult day services: Findings from the national study of long-term care providers.,2023,10.1111/jgs.18549,PASS,PASS,PARSE_FAIL,"api_error: 429 RESOURCE_EXHAUSTED. {'error': {'code': 429, 'message': 'You exceeded your cu"
R0635,C_fulltext_excl,Adolescents Are Still Waiting on a Digital Health Revolution: Accelerating Research-to-Practice Translation Through Design for Implementation.,2022,10.1001/jamapediatrics.2022.0500,PASS,EXCLUDE,PARSE_FAIL,"api_error: 429 RESOURCE_EXHAUSTED. {'error': {'code': 429, 'message': 'You exceeded your cu"
R0722,C_fulltext_excl,Changes in Medication Errors after Implementation of an Electronic Health Record System in a Canadian Community Hospital.,2026,10.4212/cjhp.3798,PASS,EXCLUDE,PARSE_FAIL,"api_error: 429 RESOURCE_EXHAUSTED. {'error': {'code': 429, 'message': 'You exceeded your cu"
R0764,C_fulltext_excl,Successful Implementation of a Perioperative Data Warehouse Using Another Hospital's Published Specification From Epic's Electronic Health Record System.,2021,10.1213/ANE.0000000000004806,PASS,EXCLUDE,PARSE_FAIL,"api_error: 429 RESOURCE_EXHAUSTED. {'error': {'code': 429, 'message': 'You exceeded your cu"
R0819,C_fulltext_excl,Rapid-Cycle Implementation of a Multi-Organization Registry for Heart Failure with Preserved Ejection Fraction Using Health Information Exchange Standards.,2019,10.3233/SHTI190534,PASS,EXCLUDE,PARSE_FAIL,"api_error: 429 RESOURCE_EXHAUSTED. {'error': {'code': 429, 'message': 'You exceeded your cu"
R0822,C_fulltext_excl,Creation and implementation of an electronic health record note for quality improvement in pediatric epilepsy: Practical considerations and lessons learned.,2021,10.1002/epi4.12480,PASS,EXCLUDE,PARSE_FAIL,"api_error: 429 RESOURCE_EXHAUSTED. {'error': {'code': 429, 'message': 'You exceeded your cu"
R0832,C_fulltext_excl,Implementation of Clinical Pharmacogenomics within a Large Health System: From Electronic Health Record Decision Support to Consultation Services.,2016,10.1002/phar.1786,PASS,EXCLUDE,PARSE_FAIL,"api_error: 429 RESOURCE_EXHAUSTED. {'error': {'code': 429, 'message': 'You exceeded your cu"
R0842,C_fulltext_excl,"Implementation of Certified EHR, Patient Portal, and ""Direct"" Messaging Technology in a Radiology Environment Enhances Communication of Radiology Results to Both Referring Physicians and Patients.",2016,10.1007/s10278-015-9845-x,PASS,PASS,PARSE_FAIL,"api_error: 429 RESOURCE_EXHAUSTED. {'error': {'code': 429, 'message': 'You exceeded your cu"
R0855,C_fulltext_excl,Implementation challenges of the final rule of Title 42 of the Code of Federal Regulations part 2: can privacy endure in an era of electronic health information exchange?,2018,10.1111/ajad.12667,PASS,PASS,PARSE_FAIL,"api_error: 429 RESOURCE_EXHAUSTED. {'error': {'code': 429, 'message': 'You exceeded your cu"
R0948,C_fulltext_excl,Using digital health to facilitate compliance with standardized pediatric cancer treatment guidelines in Tanzania: protocol for an early-stage effectiveness-implementation hybrid study.,2020,10.1186/s12885-020-6611-3,PASS,EXCLUDE,PARSE_FAIL,"api_error: 429 RESOURCE_EXHAUSTED. {'error': {'code': 429, 'message': 'You exceeded your cu"
R0967,C_fulltext_excl,Chapter 5: Barriers and facilitators for eHealth.,2015,10.12968/jowc.2015.24.Sup5.S25,PASS,EXCLUDE,PARSE_FAIL,"api_error: 429 RESOURCE_EXHAUSTED. {'error': {'code': 429, 'message': 'You exceeded your cu"
R1035,C_fulltext_excl,Barriers and Benefits of EHR Usage in Missouri: A Five-Year Journey.,2017,,PASS,EXCLUDE,PARSE_FAIL,"api_error: 429 RESOURCE_EXHAUSTED. {'error': {'code': 429, 'message': 'You exceeded your cu"
R1300,C_fulltext_excl,Barriers to Local Public Health Chronic Disease Surveillance Through Health Information Exchange: A Capacity Assessment of Health Departments in the Health Information Network of South Texas.,2017,10.1097/PHH.0000000000000465,PASS,PASS,PARSE_FAIL,"api_error: 429 RESOURCE_EXHAUSTED. {'error': {'code': 429, 'message': 'You exceeded your cu"
R1309,C_fulltext_excl,Checklists for Successful Specialty Electronic Medical Record Implementation.,2020,10.1097/01.ASW.0000651948.65952.75,PASS,PASS,PARSE_FAIL,"api_error: 429 RESOURCE_EXHAUSTED. {'error': {'code': 429, 'message': 'You exceeded your cu"
R1347,C_fulltext_excl,Barriers and facilitators to effective electronic health record-based sepsis screening in the pediatric intensive care unit.,2024,10.1093/jamiaopen/ooae048,PASS,EXCLUDE,PARSE_FAIL,"api_error: 429 RESOURCE_EXHAUSTED. {'error': {'code': 429, 'message': 'You exceeded your cu"
R1413,C_fulltext_excl,Implementation and Impact of Psychiatric Electronic Medical Records in a Public Medical Center.,2016,,PASS,EXCLUDE,PARSE_FAIL,"api_error: 429 RESOURCE_EXHAUSTED. {'error': {'code': 429, 'message': 'You exceeded your cu"
R1436,C_fulltext_excl,"The Role of a Nurse Practitioner in a ""Big Bang"" Electronic Medical Record Implementation.",2021,10.1097/CIN.0000000000000729,PASS,EXCLUDE,PARSE_FAIL,"api_error: 429 RESOURCE_EXHAUSTED. {'error': {'code': 429, 'message': 'You exceeded your cu"
R1439,C_fulltext_excl,Implementation of Best Practice Alert in an Electronic Medical Record to Limit Lower-Value Inpatient Echocardiograms.,2018,10.1016/j.amjcard.2018.07.017,PASS,EXCLUDE,PARSE_FAIL,"api_error: 429 RESOURCE_EXHAUSTED. {'error': {'code': 429, 'message': 'You exceeded your cu"
R1449,C_fulltext_excl,"Navigating medication safety with electronic medical records: insights from a dual-phase implementation in paediatric, neonatal and maternity care.",2025,10.1071/AH24344,PASS,EXCLUDE,PARSE_FAIL,"api_error: 429 RESOURCE_EXHAUSTED. {'error': {'code': 429, 'message': 'You exceeded your cu"
R1550,C_fulltext_excl,Implementation of a cloud-based electronic medical record exchange system in compliance with the integrating healthcare enterprise's cross-enterprise document sharing integration profile.,2017,10.1016/j.ijmedinf.2017.09.001,PASS,EXCLUDE,PARSE_FAIL,"api_error: 429 RESOURCE_EXHAUSTED. {'error': {'code': 429, 'message': 'You exceeded your cu"
R1557,C_fulltext_excl,Implementation of the Observational Medical Outcomes Partnership Model in Electronic Medical Record Systems: Evaluation Study Using Factor Analysis and Decision-Making Trial and Evaluation Laboratory-Best-Worst Methods.,2024,10.2196/58498,PASS,PASS,PARSE_FAIL,"api_error: 429 RESOURCE_EXHAUSTED. {'error': {'code': 429, 'message': 'You exceeded your cu"
R1590,C_fulltext_excl,Research and Implementation of Real World Traditional Chinese Medicine Clinical Scientific Research Information Electronic Medical Record Sharing System,2022,10.1109/BIBM55620.2022.9994972,PASS,PASS,PARSE_FAIL,"api_error: 429 RESOURCE_EXHAUSTED. {'error': {'code': 429, 'message': 'You exceeded your cu"
R1678,C_fulltext_excl,Developing Fast Healthcare Interoperability Resources Implementation Guide for Indonesian Health Services,2025,10.1109/ICIMTech67074.2025.11265535,PASS,EXCLUDE,PARSE_FAIL,"api_error: 429 RESOURCE_EXHAUSTED. {'error': {'code': 429, 'message': 'You exceeded your cu"
R0018,D_stage2_excl,Implementation of digital health technologies for older adults: a scoping review.,2024,10.3389/fragi.2024.1349520,EXCLUDE,EXCLUDE,PARSE_FAIL,"api_error: 429 RESOURCE_EXHAUSTED. {'error': {'code': 429, 'message': 'You exceeded your cu"
R0056,D_stage2_excl,Physician EHR Time and Visit Volume Following Adoption of Team-Based Documentation Support.,2024,10.1001/jamainternmed.2024.4123,EXCLUDE,EXCLUDE,PARSE_FAIL,"api_error: 429 RESOURCE_EXHAUSTED. {'error': {'code': 429, 'message': 'You exceeded your cu"
R0060,D_stage2_excl,Conceptualizing Patient as an Organization With the Adoption of Digital Health.,2024,10.1177/11795972241277292,EXCLUDE,EXCLUDE,PARSE_FAIL,"api_error: 429 RESOURCE_EXHAUSTED. {'error': {'code': 429, 'message': 'You exceeded your cu"
R0062,D_stage2_excl,Accelerating implementation of adolescent digital health prevention programs: analysis of insights from Australian stakeholders.,2024,10.3389/fpubh.2024.1389739,EXCLUDE,EXCLUDE,PARSE_FAIL,"api_error: 429 RESOURCE_EXHAUSTED. {'error': {'code': 429, 'message': 'You exceeded your cu"
R0065,D_stage2_excl,Using an Extended Technology Acceptance Model to Evaluate Digital Health Services.,2022,10.3233/SHTI220782,EXCLUDE,EXCLUDE,PARSE_FAIL,"api_error: 429 RESOURCE_EXHAUSTED. {'error': {'code': 429, 'message': 'You exceeded your cu"
R0082,D_stage2_excl,Barriers and facilitators to the adoption of digital health interventions for COPD management: A scoping review.,2023,10.1016/j.hrtlng.2023.02.004,EXCLUDE,EXCLUDE,PARSE_FAIL,"api_error: 429 RESOURCE_EXHAUSTED. {'error': {'code': 429, 'message': 'You exceeded your cu"
R0104,D_stage2_excl,Implementation Strategies to Enhance the Implementation of eHealth Programs for Patients With Chronic Illnesses: Realist Systematic Review.,2019,10.2196/14255,EXCLUDE,EXCLUDE,PARSE_FAIL,"api_error: 429 RESOURCE_EXHAUSTED. {'error': {'code': 429, 'message': 'You exceeded your cu"
R0161,D_stage2_excl,Use and Acceptance of Innovative Digital Health Solutions Among Patients and Professionals: Survey Study.,2025,10.2196/60779,EXCLUDE,EXCLUDE,PARSE_FAIL,"api_error: 429 RESOURCE_EXHAUSTED. {'error': {'code': 429, 'message': 'You exceeded your cu"
R0168,D_stage2_excl,Identifying facilitators of and barriers to the adoption of dynamic consent in digital health ecosystems: a scoping review.,2023,10.1186/s12910-023-00988-9,EXCLUDE,EXCLUDE,PARSE_FAIL,"api_error: 429 RESOURCE_EXHAUSTED. {'error': {'code': 429, 'message': 'You exceeded your cu"
R0175,D_stage2_excl,Placing equity at the heart of eHealth implementation: a qualitative pilot study.,2022,10.1186/s12939-022-01640-5,EXCLUDE,EXCLUDE,PARSE_FAIL,"api_error: 429 RESOURCE_EXHAUSTED. {'error': {'code': 429, 'message': 'You exceeded your cu"
R0215,D_stage2_excl,What are the determinants of older people adopting communicative e-health services: a meta-ethnography.,2024,10.1186/s12913-023-10372-3,EXCLUDE,EXCLUDE,PARSE_FAIL,"api_error: 429 RESOURCE_EXHAUSTED. {'error': {'code': 429, 'message': 'You exceeded your cu"
R0219,D_stage2_excl,The Role of Health Information Technology in Pneumococcal Vaccination Uptake Among Adults with Heart Disease.,2022,10.1089/tmj.2021.0333,EXCLUDE,EXCLUDE,PARSE_FAIL,"api_error: 429 RESOURCE_EXHAUSTED. {'error': {'code': 429, 'message': 'You exceeded your cu"
R0246,D_stage2_excl,The digital divide: Racial disparities in adoption and utilization of health information technology among patients with lymphoid cancers.,2023,10.1002/cam4.6454,EXCLUDE,EXCLUDE,PARSE_FAIL,"api_error: 429 RESOURCE_EXHAUSTED. {'error': {'code': 429, 'message': 'You exceeded your cu"
R0263,D_stage2_excl,Unlocking digital health: inequalities in the adoption of a patient portal.,2026,10.1136/bmjhci-2025-101587,EXCLUDE,EXCLUDE,PARSE_FAIL,"api_error: 429 RESOURCE_EXHAUSTED. {'error': {'code': 429, 'message': 'You exceeded your cu"
R0289,D_stage2_excl,The Impact of an Integrated Electronic Health Record Adoption on Nursing Care Quality.,2016,10.1097/NNA.0000000000000360,EXCLUDE,EXCLUDE,PARSE_FAIL,"api_error: 429 RESOURCE_EXHAUSTED. {'error': {'code': 429, 'message': 'You exceeded your cu"
R0304,D_stage2_excl,Adoption and Attitudes of eHealth Among People Living With HIV and Their Physicians: Online Multicenter Questionnaire Study.,2020,10.2196/16140,EXCLUDE,EXCLUDE,PARSE_FAIL,"api_error: 429 RESOURCE_EXHAUSTED. {'error': {'code': 429, 'message': 'You exceeded your cu"
R0316,D_stage2_excl,"Lessons learned from early implementation of the Growing Expertise in E-health Knowledge and Skills (GEEKS) program in Nigeria, 2019 - 2021.",2023,10.11604/pamj.2023.46.81.38588,EXCLUDE,EXCLUDE,PARSE_FAIL,"api_error: 429 RESOURCE_EXHAUSTED. {'error': {'code': 429, 'message': 'You exceeded your cu"
R0317,D_stage2_excl,A Survey-based Study of Pharmacist Acceptance and Resistance to Health Information Technology.,2019,,EXCLUDE,EXCLUDE,PARSE_FAIL,"api_error: 429 RESOURCE_EXHAUSTED. {'error': {'code': 429, 'message': 'You exceeded your cu"
R0332,D_stage2_excl,Health Professionals' eHealth Literacy and System Experience Before and 3 Months After the Implementation of an Electronic Health Record System: Longitudinal Study.,2022,10.2196/29780,EXCLUDE,EXCLUDE,PARSE_FAIL,"api_error: 429 RESOURCE_EXHAUSTED. {'error': {'code': 429, 'message': 'You exceeded your cu"
R0349,D_stage2_excl,Design and Hospitalwide Implementation of a Standardized Discharge Summary in an Electronic Health Record.,2016,10.1016/S1553-7250(16)30107-6,EXCLUDE,EXCLUDE,PARSE_FAIL,"api_error: 429 RESOURCE_EXHAUSTED. {'error': {'code': 429, 'message': 'You exceeded your cu"
R0375,D_stage2_excl,Factors Influencing Rural End-Users' Acceptance of e-Health in Developing Countries: A study on Portable Health Clinic in Bangladesh.,2019,10.1089/tmj.2018.0039,EXCLUDE,EXCLUDE,PARSE_FAIL,"api_error: 429 RESOURCE_EXHAUSTED. {'error': {'code': 429, 'message': 'You exceeded your cu"
R0376,D_stage2_excl,"Toward equitable digital health: an integrated framework addressing exclusion, ethics, and implementation across healthcare systems.",2026,10.1186/s12939-026-02903-1,EXCLUDE,EXCLUDE,PARSE_FAIL,"api_error: 429 RESOURCE_EXHAUSTED. {'error': {'code': 429, 'message': 'You exceeded your cu"
R0384,D_stage2_excl,A Nationwide Natural Experiment of e-Health Implementation during the COVID-19 Pandemic in Poland: User Satisfaction and the Ease-of-Use of Remote Physician's Visits.,2022,10.3390/ijerph19148338,EXCLUDE,EXCLUDE,PARSE_FAIL,"api_error: 429 RESOURCE_EXHAUSTED. {'error': {'code': 429, 'message': 'You exceeded your cu"
R0408,D_stage2_excl,Digital Health Applications in Dietetic Practice: A Cross-Sectional Online-Survey on Acceptance and Implementation in Austria.,2026,10.3233/SHTI260088,EXCLUDE,EXCLUDE,PARSE_FAIL,"api_error: 429 RESOURCE_EXHAUSTED. {'error': {'code': 429, 'message': 'You exceeded your cu"
R0419,D_stage2_excl,Beyond usability: Designing digital health interventions for implementation with older adults.,2025,10.1111/jgs.19286,EXCLUDE,EXCLUDE,PARSE_FAIL,"api_error: 429 RESOURCE_EXHAUSTED. {'error': {'code': 429, 'message': 'You exceeded your cu"
R0443,D_stage2_excl,Integration of eHealth Tools in the Process of Workplace Health Promotion: Proposal for Design and Implementation.,2018,10.2196/jmir.8769,EXCLUDE,EXCLUDE,PARSE_FAIL,"api_error: 429 RESOURCE_EXHAUSTED. {'error': {'code': 429, 'message': 'You exceeded your cu"
R0450,D_stage2_excl,Quality measure performance in small practices before and after electronic health record adoption.,2015,10.13063/2327-9214.1131,EXCLUDE,EXCLUDE,PARSE_FAIL,"api_error: 429 RESOURCE_EXHAUSTED. {'error': {'code': 429, 'message': 'You exceeded your cu"
R0463,D_stage2_excl,Towards the Implementation of an openEHR-based Open Source EHR Platform (a vision paper).,2015,,EXCLUDE,PASS,PARSE_FAIL,"api_error: 429 RESOURCE_EXHAUSTED. {'error': {'code': 429, 'message': 'You exceeded your cu"
R0488,D_stage2_excl,Factors that influence the adoption of a school-based eHealth alcohol prevention program among Spanish personnel: a mixed methods study.,2025,10.1186/s12889-025-21574-1,EXCLUDE,EXCLUDE,PARSE_FAIL,"api_error: 429 RESOURCE_EXHAUSTED. {'error': {'code': 429, 'message': 'You exceeded your cu"
R0489,D_stage2_excl,"Corrigendum to: Reconsidering hospital EHR adoption at the dawn of HITECH: implications of the reported 9% adoption of a ""basic"" EHR.",2021,10.1093/jamia/ocab213,EXCLUDE,EXCLUDE,PARSE_FAIL,"api_error: 429 RESOURCE_EXHAUSTED. {'error': {'code': 429, 'message': 'You exceeded your cu"
R0490,D_stage2_excl,Implementation of digital health interventions in respiratory medicine: a call to action by the European Respiratory Society m-Health/e-Health Group.,2020,10.1183/23120541.00281-2019,EXCLUDE,EXCLUDE,PARSE_FAIL,"api_error: 429 RESOURCE_EXHAUSTED. {'error': {'code': 429, 'message': 'You exceeded your cu"
R0499,D_stage2_excl,An international experience of electronic communication and implementation of eHealth solutions in a vascular surgery clinic.,2021,10.1007/s11845-020-02311-6,EXCLUDE,EXCLUDE,PARSE_FAIL,"api_error: 429 RESOURCE_EXHAUSTED. {'error': {'code': 429, 'message': 'You exceeded your cu"
R0501,D_stage2_excl,Unraveling the Factors Associated With Digital Health Intervention Uptake: Cross-Sectional Study.,2025,10.2196/63896,EXCLUDE,EXCLUDE,PARSE_FAIL,"api_error: 429 RESOURCE_EXHAUSTED. {'error': {'code': 429, 'message': 'You exceeded your cu"
R0509,D_stage2_excl,Stop the Divide: Facilitators and Barriers to Uptake of Digital Health Interventions Among Socially Disadvantaged Populations.,2023,10.31486/toj.22.0101,EXCLUDE,EXCLUDE,PARSE_FAIL,"api_error: 429 RESOURCE_EXHAUSTED. {'error': {'code': 429, 'message': 'You exceeded your cu"
R0513,D_stage2_excl,Design and implementation of a New Blockchain-based digital health passport: A Moroccan case study.,2022,10.1016/j.imu.2022.101125,EXCLUDE,EXCLUDE,PARSE_FAIL,"api_error: 429 RESOURCE_EXHAUSTED. {'error': {'code': 429, 'message': 'You exceeded your cu"
R0517,D_stage2_excl,Lessons Learned About Digital Health Tool Acceptability Among Rural Older Adults: Systematic Review Guided by the Technology Acceptance Model.,2026,10.2196/70012,EXCLUDE,EXCLUDE,PARSE_FAIL,"api_error: 429 RESOURCE_EXHAUSTED. {'error': {'code': 429, 'message': 'You exceeded your cu"
R0520,D_stage2_excl,Optimising difficult airway documentation: implementation of an automated update in the electronic health record.,2023,10.1016/j.bja.2023.04.003,EXCLUDE,EXCLUDE,PARSE_FAIL,"api_error: 429 RESOURCE_EXHAUSTED. {'error': {'code': 429, 'message': 'You exceeded your cu"
R0521,D_stage2_excl,Electronic Health Record Implementation Is Associated With a Negligible Change in Outpatient Volume and Billing.,2017,,EXCLUDE,EXCLUDE,PARSE_FAIL,"api_error: 429 RESOURCE_EXHAUSTED. {'error': {'code': 429, 'message': 'You exceeded your cu"
R0532,D_stage2_excl,Prototypical Clinical Trial Registry Based on Fast Healthcare Interoperability Resources (FHIR): Design and Implementation Study.,2021,10.2196/20470,EXCLUDE,EXCLUDE,PARSE_FAIL,"api_error: 429 RESOURCE_EXHAUSTED. {'error': {'code': 429, 'message': 'You exceeded your cu"
R0546,D_stage2_excl,Analysis of the effects of EHR implementation on timeliness of care in a dermatology clinic: a simulation study.,2018,10.1093/jamia/ocy024,EXCLUDE,EXCLUDE,PARSE_FAIL,"api_error: 429 RESOURCE_EXHAUSTED. {'error': {'code': 429, 'message': 'You exceeded your cu"
R0556,D_stage2_excl,"Hazards for the Implementation and Use of Artificial Intelligence Enabled Digital Health Interventions, a UK Perspective.",2022,10.3233/SHTI210847,EXCLUDE,EXCLUDE,PARSE_FAIL,"api_error: 429 RESOURCE_EXHAUSTED. {'error': {'code': 429, 'message': 'You exceeded your cu"
R0568,D_stage2_excl,Facilitators and Barriers of Electronic Health Record Patient Portal Adoption by Older Adults: A Literature Study.,2017,,EXCLUDE,EXCLUDE,PARSE_FAIL,"api_error: 429 RESOURCE_EXHAUSTED. {'error': {'code': 429, 'message': 'You exceeded your cu"
R0570,D_stage2_excl,Electronic Health Record Adoption and Its Effects on Healthcare Staff: A Qualitative Study of Well-Being and Workplace Stress.,2024,10.3390/ijerph21111430,EXCLUDE,EXCLUDE,PARSE_FAIL,"api_error: 429 RESOURCE_EXHAUSTED. {'error': {'code': 429, 'message': 'You exceeded your cu"
R0611,D_stage2_excl,Sustainability of a digital health intervention within Pakistan's remote health system: learning from implementation research.,2025,10.47391/JPMA.10624,EXCLUDE,EXCLUDE,PARSE_FAIL,"api_error: 429 RESOURCE_EXHAUSTED. {'error': {'code': 429, 'message': 'You exceeded your cu"
R0620,D_stage2_excl,Implementation of Telemonitoring in Health Care: Facilitators and Barriers for Using eHealth for Older Adults with Chronic Conditions.,2023,10.2147/RMHP.S396495,EXCLUDE,EXCLUDE,PARSE_FAIL,"api_error: 429 RESOURCE_EXHAUSTED. {'error': {'code': 429, 'message': 'You exceeded your cu"
R0634,D_stage2_excl,Acceptance and perceived usefulness of digital health services in the management of chronic urticaria: a survey of patients and physicians.,2025,10.1186/s12913-025-13043-7,EXCLUDE,EXCLUDE,PARSE_FAIL,"api_error: 429 RESOURCE_EXHAUSTED. {'error': {'code': 429, 'message': 'You exceeded your cu"
R0638,D_stage2_excl,E-health. Patterns of use and perceived benefits and barriers among people living with HIV and their physicians. Part 2: Health apps and smart devices.,2020,10.1016/j.medmal.2020.04.005,EXCLUDE,EXCLUDE,PARSE_FAIL,"api_error: 429 RESOURCE_EXHAUSTED. {'error': {'code': 429, 'message': 'You exceeded your cu"
R0648,D_stage2_excl,"Response to ""Electronic Health Record Implementation Enhances Financial Performance in High Medicaid Nursing Homes"" [Letter].",2024,10.2147/JMDH.S487196,EXCLUDE,EXCLUDE,PARSE_FAIL,"api_error: 429 RESOURCE_EXHAUSTED. {'error': {'code': 429, 'message': 'You exceeded your cu"
R0673,D_stage2_excl,Trends and Types of Medical Errors Reporting Following the Implementation of Electronic Health Record System.,2026,10.2147/DHPS.S558973,EXCLUDE,EXCLUDE,PARSE_FAIL,"api_error: 429 RESOURCE_EXHAUSTED. {'error': {'code': 429, 'message': 'You exceeded your cu"
R0687,D_stage2_excl,Clinical Genomic Sequencing Reports in Electronic Health Record Systems Based on International Standards: Implementation Study.,2020,10.2196/15040,EXCLUDE,EXCLUDE,PARSE_FAIL,"api_error: 429 RESOURCE_EXHAUSTED. {'error': {'code': 429, 'message': 'You exceeded your cu"
R0688,D_stage2_excl,"""Connection"": The Integration of a Person-Centered Narrative Intervention into the Electronic Health Record: An Implementation Study.",2020,10.1089/jpm.2019.0376,EXCLUDE,EXCLUDE,PARSE_FAIL,"api_error: 429 RESOURCE_EXHAUSTED. {'error': {'code': 429, 'message': 'You exceeded your cu"
R0697,D_stage2_excl,Targeted EHR-based communication of diagnostic uncertainty (TECU) in the emergency department: Protocol for an effectiveness implementation trial.,2025,10.1016/j.cct.2025.107910,EXCLUDE,EXCLUDE,PARSE_FAIL,"api_error: 429 RESOURCE_EXHAUSTED. {'error': {'code': 429, 'message': 'You exceeded your cu"
R0713,D_stage2_excl,Influence of eHealth literacy on acceptance of healthcare services with risks in China: chain-mediating effect of general risk propensity and self-efficacy.,2025,10.1016/j.puhe.2025.105891,EXCLUDE,EXCLUDE,PARSE_FAIL,"api_error: 429 RESOURCE_EXHAUSTED. {'error': {'code': 429, 'message': 'You exceeded your cu"
R0715,D_stage2_excl,Implementation of a Digital Health Tool for Patients Awaiting Input From a Specialist Weight Management Team: Observational Study.,2023,10.2196/41256,EXCLUDE,EXCLUDE,PARSE_FAIL,"api_error: 429 RESOURCE_EXHAUSTED. {'error': {'code': 429, 'message': 'You exceeded your cu"
R0734,D_stage2_excl,Acceptance and use of digital health technologies among physiotherapists in Germany: a web-based cross-sectional survey.,2026,10.1186/s12913-026-14005-3,EXCLUDE,EXCLUDE,PARSE_FAIL,"api_error: 429 RESOURCE_EXHAUSTED. {'error': {'code': 429, 'message': 'You exceeded your cu"
R0736,D_stage2_excl,Attitudes towards digital health technology for the care of people with chronic kidney disease: A technology acceptance model exploration.,2024,10.1371/journal.pdig.0000614,EXCLUDE,EXCLUDE,PARSE_FAIL,"api_error: 429 RESOURCE_EXHAUSTED. {'error': {'code': 429, 'message': 'You exceeded your cu"
R0754,D_stage2_excl,Telemedicine implementation and healthcare utilization in Rwanda: interrupted time series of babyl digital health services from 2015 to 2024.,2026,10.1186/s12875-026-03179-8,EXCLUDE,EXCLUDE,PARSE_FAIL,"api_error: 429 RESOURCE_EXHAUSTED. {'error': {'code': 429, 'message': 'You exceeded your cu"
R0761,D_stage2_excl,Development and Validation of Electronic Health Record Measures of Safety Planning Practices as Part of Zero Suicide Implementation.,2025,10.1080/13811118.2024.2394676,EXCLUDE,EXCLUDE,PARSE_FAIL,"api_error: 429 RESOURCE_EXHAUSTED. {'error': {'code': 429, 'message': 'You exceeded your cu"
R0776,D_stage2_excl,A Generic Transformation Approach for Complex Laboratory Data Using the Fast Healthcare Interoperability Resources Mapping Language: Method Development and Implementation.,2024,10.2196/57569,EXCLUDE,EXCLUDE,PARSE_FAIL,"api_error: 429 RESOURCE_EXHAUSTED. {'error': {'code': 429, 'message': 'You exceeded your cu"
R0778,D_stage2_excl,Training for the Digital Clinical Environment: Preliminary Findings in Implementation of Electronic Health Record Platform in Medical Education.,2026,10.1007/s10916-026-02411-3,EXCLUDE,EXCLUDE,PARSE_FAIL,"api_error: 429 RESOURCE_EXHAUSTED. {'error': {'code': 429, 'message': 'You exceeded your cu"
R0783,D_stage2_excl,Challenges and experiences in digital health equity: a qualitative exploration of the implementation of the Health Code system in China.,2025,10.1186/s12939-025-02720-y,EXCLUDE,EXCLUDE,PARSE_FAIL,"api_error: 429 RESOURCE_EXHAUSTED. {'error': {'code': 429, 'message': 'You exceeded your cu"
R0810,D_stage2_excl,Implementation of an electronic health record-based tool increases administration of venous thromboembolism chemoprophylaxis in trauma.,2026,10.1016/j.surg.2025.109857,EXCLUDE,EXCLUDE,PARSE_FAIL,"api_error: 429 RESOURCE_EXHAUSTED. {'error': {'code': 429, 'message': 'You exceeded your cu"
R0830,D_stage2_excl,Evolution of Nursing Workload Indicators Since the Implementation of the Electronic Health Record at a Tertiary Hospital in Spain.,2021,10.1097/CIN.0000000000000759,EXCLUDE,EXCLUDE,PARSE_FAIL,"api_error: 429 RESOURCE_EXHAUSTED. {'error': {'code': 429, 'message': 'You exceeded your cu"
R0839,D_stage2_excl,Real-world Implementation of an eHealth System Based on Artificial Intelligence Designed to Predict and Reduce Emergency Department Visits by Older Adults: Pragmatic Trial.,2022,10.2196/40387,EXCLUDE,EXCLUDE,PARSE_FAIL,"api_error: 429 RESOURCE_EXHAUSTED. {'error': {'code': 429, 'message': 'You exceeded your cu"
R0858,D_stage2_excl,Barriers and enablers of uptake and adherence to digital health interventions in older patients with cancer: A systematic review.,2022,10.1016/j.jgo.2022.06.004,EXCLUDE,EXCLUDE,PARSE_FAIL,"api_error: 429 RESOURCE_EXHAUSTED. {'error': {'code': 429, 'message': 'You exceeded your cu"
R0862,D_stage2_excl,Evaluation of Nurse-Managed Heparin Nomogram Adherence After Implementation of an Electronic Health Record-Embedded Heparin Calculator: An Antithrombotic Stewardship Initiative.,2026,10.1177/10600280251395053,EXCLUDE,EXCLUDE,PARSE_FAIL,"api_error: 429 RESOURCE_EXHAUSTED. {'error': {'code': 429, 'message': 'You exceeded your cu"
R0887,D_stage2_excl,Implementation of an Electronic Health Record Integrated Clinical Pathway Improves Adherence to COVID-19 Hospital Care Guidelines.,2022,10.1097/JMQ.0000000000000036,EXCLUDE,EXCLUDE,PARSE_FAIL,"api_error: 429 RESOURCE_EXHAUSTED. {'error': {'code': 429, 'message': 'You exceeded your cu"
R0890,D_stage2_excl,"Implementation and Evaluation of a Patient-Focused eHealth Intervention, My Kidneys My Health, in Primary Care and General Nephrology Clinics: Multimethods Study.",2025,10.2196/71832,EXCLUDE,EXCLUDE,PARSE_FAIL,"api_error: 429 RESOURCE_EXHAUSTED. {'error': {'code': 429, 'message': 'You exceeded your cu"
R0903,D_stage2_excl,"Health literacy, digital health literacy and the implementation of digital health technologies in cancer care: the need for a strategic approach.",2021,10.1002/hpja.387,EXCLUDE,EXCLUDE,PARSE_FAIL,"api_error: 429 RESOURCE_EXHAUSTED. {'error': {'code': 429, 'message': 'You exceeded your cu"
R0918,D_stage2_excl,Patient-Centric Scheduling With the Implementation of Health Information Technology to Improve the Patient Experience and Access to Care: Retrospective Case-Control Analysis.,2020,10.2196/16451,EXCLUDE,EXCLUDE,PARSE_FAIL,"api_error: 429 RESOURCE_EXHAUSTED. {'error': {'code': 429, 'message': 'You exceeded your cu"
R0920,D_stage2_excl,Implementation and Feasibility of an Electronic Health Record-Integrated Patient-Reported Outcomes Symptom and Needs Monitoring Pilot in Ambulatory Oncology.,2022,10.1200/OP.21.00706,EXCLUDE,EXCLUDE,PARSE_FAIL,"api_error: 429 RESOURCE_EXHAUSTED. {'error': {'code': 429, 'message': 'You exceeded your cu"
R0924,D_stage2_excl,Development of an instrument (Cost-IS) to estimate costs of implementation strategies for digital health solutions: a modified e-Delphi study.,2025,10.1186/s13012-025-01423-w,EXCLUDE,EXCLUDE,PARSE_FAIL,"api_error: 429 RESOURCE_EXHAUSTED. {'error': {'code': 429, 'message': 'You exceeded your cu"
R0929,D_stage2_excl,Implementation of a Machine-Learning Algorithm in the Electronic Health Record for Targeted Screening for Familial Hypercholesterolemia: A Quality Improvement Study.,2021,10.1161/CIRCOUTCOMES.120.007641,EXCLUDE,EXCLUDE,PARSE_FAIL,"api_error: 429 RESOURCE_EXHAUSTED. {'error': {'code': 429, 'message': 'You exceeded your cu"
R0944,D_stage2_excl,The French eHealth Acceptability Scale Using the Unified Theory of Acceptance and Use of Technology 2 Model: Instrument Validation Study.,2020,10.2196/16520,EXCLUDE,EXCLUDE,PARSE_FAIL,"api_error: 429 RESOURCE_EXHAUSTED. {'error': {'code': 429, 'message': 'You exceeded your cu"
R0959,D_stage2_excl,Implementation of an Electronic Health Record Alert to Improve Naloxone Coprescribing for Adult Patients With Cancer at Risk for Opioid Overdose.,2025,10.6004/jadpro.2025.16.7.24,EXCLUDE,EXCLUDE,PARSE_FAIL,"api_error: 429 RESOURCE_EXHAUSTED. {'error': {'code': 429, 'message': 'You exceeded your cu"
R0968,D_stage2_excl,"Digital health adoption in nutrition care: A national cross-sectional, Arabic-validated survey and cluster analysis of patient experience and willingness to use telenutrition in Saudi Arabia.",2026,10.1177/20552076261419237,EXCLUDE,EXCLUDE,PARSE_FAIL,"api_error: 429 RESOURCE_EXHAUSTED. {'error': {'code': 429, 'message': 'You exceeded your cu"
R0989,D_stage2_excl,Patterns and Influencing Factors of eHealth Tools Adoption Among Medicaid and Non-Medicaid Populations From the Health Information National Trends Survey (HINTS) 2017-2019: Questionnaire Study.,2021,10.2196/25809,EXCLUDE,EXCLUDE,PARSE_FAIL,"api_error: 429 RESOURCE_EXHAUSTED. {'error': {'code': 429, 'message': 'You exceeded your cu"
R0990,D_stage2_excl,Examining the Implementation of Digital Health to Strengthen the COVID-19 Pandemic Response and Recovery and Scale up Equitable Vaccine Access in African Countries.,2022,10.2196/34363,EXCLUDE,EXCLUDE,PARSE_FAIL,"api_error: 429 RESOURCE_EXHAUSTED. {'error': {'code': 429, 'message': 'You exceeded your cu"
R0993,D_stage2_excl,Implementation of an interruptive electronic health record alert improves optimal antibiotic prescribing in ambulatory patients with acute bacterial sinusitis: a quasi-experiment.,2026,10.1017/ash.2025.10283,EXCLUDE,EXCLUDE,PARSE_FAIL,"api_error: 429 RESOURCE_EXHAUSTED. {'error': {'code': 429, 'message': 'You exceeded your cu"
R1006,D_stage2_excl,Determinants of consent for electronic health information exchange: an observational retrospective study.,2025,10.1186/s12961-025-01377-x,EXCLUDE,EXCLUDE,PARSE_FAIL,"api_error: 429 RESOURCE_EXHAUSTED. {'error': {'code': 429, 'message': 'You exceeded your cu"
R1019,D_stage2_excl,Capturing a Patient-Reported Measure of Physical Function Through an Online Electronic Health Record Patient Portal in an Ambulatory Clinic: Implementation Study.,2018,10.2196/medinform.8687,EXCLUDE,EXCLUDE,PARSE_FAIL,"api_error: 429 RESOURCE_EXHAUSTED. {'error': {'code': 429, 'message': 'You exceeded your cu"
R1025,D_stage2_excl,Developing electronic health record-based measures of the 4Ms to support implementation and evidence generation for Age-Friendly Health Systems.,2024,10.1111/jgs.18722,EXCLUDE,EXCLUDE,PARSE_FAIL,"api_error: 429 RESOURCE_EXHAUSTED. {'error': {'code': 429, 'message': 'You exceeded your cu"
R1045,D_stage2_excl,Coproducing Knowledge of the Implementation of Complex Digital Health Interventions for Adults with Acquired Brain Injury and their Communication Partners: Protocol for a Mixed Methods Study.,2022,10.2196/35080,EXCLUDE,EXCLUDE,PARSE_FAIL,"api_error: 429 RESOURCE_EXHAUSTED. {'error': {'code': 429, 'message': 'You exceeded your cu"
R1052,D_stage2_excl,Patients' and healthcare providers' perceptions in outpatient palliative cancer care services at a tertiary care hospital in Sri Lanka: prospects for adoption of a digital health intervention.,2026,10.1186/s12913-026-14528-9,EXCLUDE,EXCLUDE,PARSE_FAIL,"api_error: 429 RESOURCE_EXHAUSTED. {'error': {'code': 429, 'message': 'You exceeded your cu"
R1064,D_stage2_excl,"""Addressing barriers to digital health readiness among a Latino population"".",2024,10.1016/j.pecinn.2024.100336,EXCLUDE,EXCLUDE,PARSE_FAIL,"api_error: 429 RESOURCE_EXHAUSTED. {'error': {'code': 429, 'message': 'You exceeded your cu"
R1089,D_stage2_excl,Willingness of diabetes mellitus patients to use mHealth applications and its associated factors for self-care management in a low-income country: an input for digital health implementation.,2023,10.1136/bmjhci-2023-100761,EXCLUDE,EXCLUDE,PARSE_FAIL,"api_error: 429 RESOURCE_EXHAUSTED. {'error': {'code': 429, 'message': 'You exceeded your cu"
R1093,D_stage2_excl,Implementation of a digital nurse to improve the use of digital health applications (DiGA) for older people with depressive disorders (DiGA4Aged): a randomized proof of concept study.,2025,10.1186/s13063-025-08809-7,EXCLUDE,EXCLUDE,PARSE_FAIL,"api_error: 429 RESOURCE_EXHAUSTED. {'error': {'code': 429, 'message': 'You exceeded your cu"
R1101,D_stage2_excl,Renal medication-related clinical decision support (CDS) alerts and overrides in the inpatient setting following implementation of a commercial electronic health record: implications for designing more effective alerts.,2021,10.1093/jamia/ocaa222,EXCLUDE,EXCLUDE,PARSE_FAIL,"api_error: 429 RESOURCE_EXHAUSTED. {'error': {'code': 429, 'message': 'You exceeded your cu"
R1105,D_stage2_excl,"Clinic-wide depression screening in the waiting room using electronic health record integrated patient health questionnaire surveys: Implementation science outcomes for reach, inequitable reach and perceptions of barriers.",2025,10.1037/ser0000937,EXCLUDE,EXCLUDE,PARSE_FAIL,"api_error: 429 RESOURCE_EXHAUSTED. {'error': {'code': 429, 'message': 'You exceeded your cu"
R1120,D_stage2_excl,Barriers and challenges of using health information technology in home care: A systematic review.,2022,10.1002/hpm.3492,EXCLUDE,EXCLUDE,PARSE_FAIL,"api_error: 429 RESOURCE_EXHAUSTED. {'error': {'code': 429, 'message': 'You exceeded your cu"
R1123,D_stage2_excl,Understanding the multilevel factors influencing the implementation of digital health interventions for supportive care in Adolescents and Young Adult (AYA) cancer survivorship: determinants of adopting mindfulness-based mobile applications.,2024,10.1186/s43058-024-00612-w,EXCLUDE,EXCLUDE,PARSE_FAIL,"api_error: 429 RESOURCE_EXHAUSTED. {'error': {'code': 429, 'message': 'You exceeded your cu"
R1138,D_stage2_excl,Implementing an eHealth Model of Care for Pediatric Patients and Families at the End of Treatment for Acute Lymphoblastic Leukemia (EMERGE): Type 2 Nonrandomized Hybrid Implementation-Effectiveness Trial Study Protocol.,2026,10.2196/85901,EXCLUDE,EXCLUDE,PARSE_FAIL,"api_error: 429 RESOURCE_EXHAUSTED. {'error': {'code': 429, 'message': 'You exceeded your cu"
R1149,D_stage2_excl,A mixed methods evaluation of patient perspectives on the implementation of an electronic health record-integrated patient-reported symptom and needs monitoring program in cancer care.,2024,10.1186/s41687-024-00742-8,EXCLUDE,EXCLUDE,PARSE_FAIL,"api_error: 429 RESOURCE_EXHAUSTED. {'error': {'code': 429, 'message': 'You exceeded your cu"
R1187,D_stage2_excl,Documentation and review of social determinants of health data in the EHR: measures and associated insights.,2021,10.1093/jamia/ocab194,EXCLUDE,EXCLUDE,PARSE_FAIL,"api_error: 429 RESOURCE_EXHAUSTED. {'error': {'code': 429, 'message': 'You exceeded your cu"
R1195,D_stage2_excl,Using Health Information Technology to Bring Social Determinants of Health into Primary Care: A Conceptual Framework to Guide Research.,2018,10.1353/hpu.2018.0071,EXCLUDE,EXCLUDE,PARSE_FAIL,"api_error: 429 RESOURCE_EXHAUSTED. {'error': {'code': 429, 'message': 'You exceeded your cu"
R1267,D_stage2_excl,Enabling real-world evidence for medication safety in pregnancy: Determinants of research participation and linked EHR data use.,2026,10.1016/j.ijmedinf.2026.106506,EXCLUDE,EXCLUDE,PARSE_FAIL,"api_error: 429 RESOURCE_EXHAUSTED. {'error': {'code': 429, 'message': 'You exceeded your cu"
R1280,D_stage2_excl,"Patient-reported preferences in eHealth-based cardiac rehabilitation: A qualitative investigation of behavior change techniques, barriers and facilitators.",2024,10.1016/j.invent.2024.100728,EXCLUDE,EXCLUDE,PARSE_FAIL,"api_error: 429 RESOURCE_EXHAUSTED. {'error': {'code': 429, 'message': 'You exceeded your cu"
R1292,D_stage2_excl,Barriers to digital health services among people living in areas of socioeconomic disadvantage: Research from hospital diabetes and antenatal clinics.,2022,10.1002/hpja.540,EXCLUDE,EXCLUDE,PARSE_FAIL,"api_error: 429 RESOURCE_EXHAUSTED. {'error': {'code': 429, 'message': 'You exceeded your cu"
R1344,D_stage2_excl,"Barriers and Facilitators to Accessing Digital Health Tools Faced by South Asian Canadians in Surrey, British Columbia: Community-Based Participatory Action Exploration Using Photovoice.",2022,10.2196/25863,EXCLUDE,EXCLUDE,PARSE_FAIL,"api_error: 429 RESOURCE_EXHAUSTED. {'error': {'code': 429, 'message': 'You exceeded your cu"
R1351,D_stage2_excl,"Acceptability and use determinants of digital health technologies for HIV services: a qualitative study of emergency care patients in Nairobi, Kenya.",2025,10.3389/fdgth.2025.1697814,EXCLUDE,EXCLUDE,PARSE_FAIL,"api_error: 429 RESOURCE_EXHAUSTED. {'error': {'code': 429, 'message': 'You exceeded your cu"
R1356,D_stage2_excl,Identification of social determinants of health using multi-label classification of electronic health record clinical notes.,2021,10.1093/jamiaopen/ooaa069,EXCLUDE,EXCLUDE,PARSE_FAIL,"api_error: 429 RESOURCE_EXHAUSTED. {'error': {'code': 429, 'message': 'You exceeded your cu"
R1367,D_stage2_excl,"The Facilitators and Barriers to Digital Health for Managing Nutrition in People With Parkinson's Disease and Their Caregivers: A Formative, Qualitative Study.",2023,10.1016/j.jneb.2023.05.252,EXCLUDE,EXCLUDE,PARSE_FAIL,"api_error: 429 RESOURCE_EXHAUSTED. {'error': {'code': 429, 'message': 'You exceeded your cu"
R1372,D_stage2_excl,EHealth and Its Role in Supporting Audiological Rehabilitation: Patient Perspectives on Barriers and Facilitators of Using a Personal Hearing Support System With Mobile Application as Part of the EVOTION Study.,2021,10.3389/fpubh.2021.669727,EXCLUDE,EXCLUDE,PARSE_FAIL,"api_error: 429 RESOURCE_EXHAUSTED. {'error': {'code': 429, 'message': 'You exceeded your cu"
R1409,D_stage2_excl,"Investigating When, Which, and Why Users Stop Using a Digital Health Intervention to Promote an Active Lifestyle: Secondary Analysis With A Focus on Health Action Process Approach-Based Psychological Determinants.",2022,10.2196/30583,EXCLUDE,EXCLUDE,PARSE_FAIL,"api_error: 429 RESOURCE_EXHAUSTED. {'error': {'code': 429, 'message': 'You exceeded your cu"
R1452,D_stage2_excl,Exploring critical factors influencing physicians' acceptance of mobile electronic medical records based on the dual-factor model: a validation in Taiwan.,2015,10.1186/s12911-014-0125-3,EXCLUDE,EXCLUDE,PARSE_FAIL,"api_error: 429 RESOURCE_EXHAUSTED. {'error': {'code': 429, 'message': 'You exceeded your cu"
R1460,D_stage2_excl,Development and Implementation of a Trainee-Specific Training Model for the Electronic Medical Record.,2025,10.3233/SHTI251074,EXCLUDE,EXCLUDE,PARSE_FAIL,"api_error: 429 RESOURCE_EXHAUSTED. {'error': {'code': 429, 'message': 'You exceeded your cu"
R1476,D_stage2_excl,A cancer care electronic medical record highly integrated into clinicians' workflow: users' attitudes pre-post implementation.,2017,10.1111/ecc.12548,EXCLUDE,EXCLUDE,PARSE_FAIL,"api_error: 429 RESOURCE_EXHAUSTED. {'error': {'code': 429, 'message': 'You exceeded your cu"
R1479,D_stage2_excl,Development and implementation of a 'Mental Health Finder' software tool within an electronic medical record system.,2017,10.1007/s11845-016-1541-4,EXCLUDE,EXCLUDE,PARSE_FAIL,"api_error: 429 RESOURCE_EXHAUSTED. {'error': {'code': 429, 'message': 'You exceeded your cu"
R1482,D_stage2_excl,"Patient satisfaction with the implementation of electronic medical Records in the Western Region, Saudi Arabia, 2018.",2020,10.1186/s12875-020-1099-0,EXCLUDE,EXCLUDE,PARSE_FAIL,"api_error: 429 RESOURCE_EXHAUSTED. {'error': {'code': 429, 'message': 'You exceeded your cu"
R1483,D_stage2_excl,Bundled de-implementation of recurring hospital orders with a novel electronic medical record order set.,2024,10.1136/bmjoq-2024-002889,EXCLUDE,EXCLUDE,PARSE_FAIL,"api_error: 429 RESOURCE_EXHAUSTED. {'error': {'code': 429, 'message': 'You exceeded your cu"
R1505,D_stage2_excl,Implementation of a Cloud-Based Electronic Medical Record to Reduce Gaps in the HIV Treatment Continuum in Rural Kenya.,2015,10.1371/journal.pone.0135361,EXCLUDE,EXCLUDE,PARSE_FAIL,"api_error: 429 RESOURCE_EXHAUSTED. {'error': {'code': 429, 'message': 'You exceeded your cu"
R1511,D_stage2_excl,Implementation of Electronic Medical Record Template Improves Screening for Complications in Children with Type 1 Diabetes Mellitus.,2020,10.2147/PHMT.S233998,EXCLUDE,EXCLUDE,PARSE_FAIL,"api_error: 429 RESOURCE_EXHAUSTED. {'error': {'code': 429, 'message': 'You exceeded your cu"
R1542,D_stage2_excl,Using Electronic Medical Record Data for Research in a Healthcare Information and Management Systems Society (HIMSS) Analytics Electronic Medical Record Adoption Model (EMRAM) Stage 7 Hospital in Beijing: Cross-sectional Study.,2021,10.2196/24405,EXCLUDE,EXCLUDE,PARSE_FAIL,"api_error: 429 RESOURCE_EXHAUSTED. {'error': {'code': 429, 'message': 'You exceeded your cu"
R1551,D_stage2_excl,Evaluation of the role of training in the implementation of a depression screening and treatment protocol in 2 academic outpatient internal medicine clinics utilizing the electronic medical record.,2015,10.1177/1062860614532681,EXCLUDE,EXCLUDE,PARSE_FAIL,"api_error: 429 RESOURCE_EXHAUSTED. {'error': {'code': 429, 'message': 'You exceeded your cu"
R1637,D_stage2_excl,Digital Health Innovation: Exploring Adoption of COVID-19 Digital Contact Tracing Apps,2024,10.1109/TEM.2020.3019033,EXCLUDE,EXCLUDE,PARSE_FAIL,"api_error: 429 RESOURCE_EXHAUSTED. {'error': {'code': 429, 'message': 'You exceeded your cu"
R1642,D_stage2_excl,Explaining acceptance of e-health services: An extension of TAM and health belief model approach,2017,10.1109/CITSM.2017.8089239,EXCLUDE,EXCLUDE,PARSE_FAIL,"api_error: 429 RESOURCE_EXHAUSTED. {'error': {'code': 429, 'message': 'You exceeded your cu"
R0004,E_stage1_excl,Standards Adoption Among Health Information Exchange Organizations.,2012,,EXCLUDE,EXCLUDE,PARSE_FAIL,"api_error: 429 RESOURCE_EXHAUSTED. {'error': {'code': 429, 'message': 'You exceeded your cu"
R0007,E_stage1_excl,Editorial: Digital health adoption: Looking beyond the role of technology.,2022,10.3389/fdgth.2022.989003,EXCLUDE,EXCLUDE,PARSE_FAIL,"api_error: 429 RESOURCE_EXHAUSTED. {'error': {'code': 429, 'message': 'You exceeded your cu"
R0017,E_stage1_excl,e-Health and telemedicine implementation in facial paralysis: challenges and pitfalls.,2021,10.1007/s00238-021-01802-8,EXCLUDE,EXCLUDE,PARSE_FAIL,"api_error: 429 RESOURCE_EXHAUSTED. {'error': {'code': 429, 'message': 'You exceeded your cu"
R0036,E_stage1_excl,"Editorial: Digital health applications: acceptance, benefit assessment, and costs from the perspective of patients and medical professionals.",2024,10.3389/frhs.2024.1501903,EXCLUDE,EXCLUDE,PARSE_FAIL,"api_error: 429 RESOURCE_EXHAUSTED. {'error': {'code': 429, 'message': 'You exceeded your cu"
R0055,E_stage1_excl,Bibliometric analysis on the adoption of artificial intelligence applications in the e-health sector.,2023,10.1177/20552076221149296,EXCLUDE,EXCLUDE,PARSE_FAIL,"api_error: 429 RESOURCE_EXHAUSTED. {'error': {'code': 429, 'message': 'You exceeded your cu"
R0100,E_stage1_excl,Implementation of digital health interventions in thyroid cancer care: A scoping review.,2026,10.1016/j.ijmedinf.2025.106221,EXCLUDE,EXCLUDE,PARSE_FAIL,"api_error: 429 RESOURCE_EXHAUSTED. {'error': {'code': 429, 'message': 'You exceeded your cu"
R0129,E_stage1_excl,The association between health information technology and influenza vaccine uptake among adults with heart disease.,2022,10.2217/fca-2022-0027,EXCLUDE,EXCLUDE,PARSE_FAIL,"api_error: 429 RESOURCE_EXHAUSTED. {'error': {'code': 429, 'message': 'You exceeded your cu"
R0162,E_stage1_excl,The digital health divide: Understanding telehealth adoption across racial lines in rural Illinois.,2024,10.1016/j.ssmph.2024.101665,EXCLUDE,EXCLUDE,PARSE_FAIL,"api_error: 429 RESOURCE_EXHAUSTED. {'error': {'code': 429, 'message': 'You exceeded your cu"
R0244,E_stage1_excl,Implementation of hyperlinks to medication management policies and guidelines in the electronic health record.,2019,10.1093/ajhp/zxz122,EXCLUDE,EXCLUDE,PARSE_FAIL,"api_error: 429 RESOURCE_EXHAUSTED. {'error': {'code': 429, 'message': 'You exceeded your cu"
R0284,E_stage1_excl,EHR-Based CDS Tools Supporting Long-Term Implementation of Pharmacogenomics.,2025,10.3233/SHTI251118,EXCLUDE,EXCLUDE,PARSE_FAIL,"api_error: 429 RESOURCE_EXHAUSTED. {'error': {'code': 429, 'message': 'You exceeded your cu"
R0290,E_stage1_excl,Implementation of dispense waste functionality with new electronic health record system.,2026,10.1093/ajhp/zxaf334,EXCLUDE,EXCLUDE,PARSE_FAIL,"api_error: 429 RESOURCE_EXHAUSTED. {'error': {'code': 429, 'message': 'You exceeded your cu"
R0292,E_stage1_excl,Acceptance of Digital Sports: A Study Showing the Rising Acceptance of Digital Health Activities Due to the SARS-CoV-19 Pandemic.,2022,10.3390/ijerph19010596,EXCLUDE,EXCLUDE,PARSE_FAIL,"api_error: 429 RESOURCE_EXHAUSTED. {'error': {'code': 429, 'message': 'You exceeded your cu"
R0298,E_stage1_excl,The Effect of Adoption of an Electronic Health Record on Duplicate Testing.,2016,10.1155/2016/1950191,EXCLUDE,EXCLUDE,PARSE_FAIL,"api_error: 429 RESOURCE_EXHAUSTED. {'error': {'code': 429, 'message': 'You exceeded your cu"
R0327,E_stage1_excl,Design and Implementation of e-Health System Based on Semantic Sensor Network Using IETF YANG.,2018,10.3390/s18020629,EXCLUDE,EXCLUDE,PARSE_FAIL,"api_error: 429 RESOURCE_EXHAUSTED. {'error': {'code': 429, 'message': 'You exceeded your cu"
R0358,E_stage1_excl,"Protocol for an intervention development and pilot implementation evaluation study of an e-health solution to improve newborn care quality and survival in two low-resource settings, Malawi and Zimbabwe: Neotree.",2022,10.1136/bmjopen-2021-056605,EXCLUDE,EXCLUDE,PARSE_FAIL,"api_error: 429 RESOURCE_EXHAUSTED. {'error': {'code': 429, 'message': 'You exceeded your cu"
R0396,E_stage1_excl,Adherence and barriers in e-health self-control training for enhancing childhood multidisciplinary obesity treatment.,2020,10.1002/cpp.2405,EXCLUDE,EXCLUDE,PARSE_FAIL,"api_error: 429 RESOURCE_EXHAUSTED. {'error': {'code': 429, 'message': 'You exceeded your cu"
R0469,E_stage1_excl,Progress and challenges in electronic health record adoption: findings from a national survey of physicians.,2015,10.7326/L15-5060,EXCLUDE,PASS,PARSE_FAIL,"api_error: 429 RESOURCE_EXHAUSTED. {'error': {'code': 429, 'message': 'You exceeded your cu"
R0565,E_stage1_excl,Emergency Response to COVID-19 in Canada: Platform Development and Implementation for eHealth in Crisis Management.,2020,10.2196/18995,EXCLUDE,EXCLUDE,PARSE_FAIL,"api_error: 429 RESOURCE_EXHAUSTED. {'error': {'code': 429, 'message': 'You exceeded your cu"
R0615,E_stage1_excl,Communication of Incidental Imaging Findings on Inpatient Discharge Summaries After Implementation of Electronic Health Record Notification System.,2024,10.1097/PTS.0000000000001221,EXCLUDE,EXCLUDE,PARSE_FAIL,"api_error: 429 RESOURCE_EXHAUSTED. {'error': {'code': 429, 'message': 'You exceeded your cu"
R0650,E_stage1_excl,Provider Access to Legacy Electronic Anesthesia Records Following Implementation of an Electronic Health Record System.,2019,10.1007/s10916-019-1232-6,EXCLUDE,EXCLUDE,PARSE_FAIL,"api_error: 429 RESOURCE_EXHAUSTED. {'error': {'code': 429, 'message': 'You exceeded your cu"
R0665,E_stage1_excl,"Utilization of Digital Health Dashboards in Improving COVID-19 Vaccination Uptake, Accounting for Health Inequities.",2022,10.3233/SHTI220774,EXCLUDE,EXCLUDE,PARSE_FAIL,"api_error: 429 RESOURCE_EXHAUSTED. {'error': {'code': 429, 'message': 'You exceeded your cu"
R0699,E_stage1_excl,"Evidence assessing the development, evaluation and implementation of digital health technologies in wound care: A rapid scoping review.",2022,10.1016/j.jtv.2022.09.006,EXCLUDE,EXCLUDE,PARSE_FAIL,"api_error: 429 RESOURCE_EXHAUSTED. {'error': {'code': 429, 'message': 'You exceeded your cu"
R0718,E_stage1_excl,Evaluating the data completeness in the Electronic Health Record after the Implementation of an Outpatient Electronic Health Record.,2015,,EXCLUDE,EXCLUDE,PARSE_FAIL,"api_error: 429 RESOURCE_EXHAUSTED. {'error': {'code': 429, 'message': 'You exceeded your cu"
R0738,E_stage1_excl,Current Practices and a Novel Operational Framework for Planning Research on Digital Health Promotion Interventions From Development to Implementation: Scoping Review.,2026,10.2196/82611,EXCLUDE,EXCLUDE,PARSE_FAIL,"api_error: 429 RESOURCE_EXHAUSTED. {'error': {'code': 429, 'message': 'You exceeded your cu"
R0750,E_stage1_excl,Pilot-testing an adverse drug event reporting form prior to its implementation in an electronic health record.,2016,10.1186/s40064-016-3382-z,EXCLUDE,EXCLUDE,PARSE_FAIL,"api_error: 429 RESOURCE_EXHAUSTED. {'error': {'code': 429, 'message': 'You exceeded your cu"
R0755,E_stage1_excl,Design and implementation of a digital health home spirometry intervention for remote monitoring of lung transplant function.,2023,10.1016/j.healun.2023.01.010,EXCLUDE,EXCLUDE,PARSE_FAIL,"api_error: 429 RESOURCE_EXHAUSTED. {'error': {'code': 429, 'message': 'You exceeded your cu"
R0801,E_stage1_excl,Implementation of a Clinical Trial Recruitment Support System Based on Fast Healthcare Interoperability Resources (FHIR) in a Cardiology Department.,2022,10.3233/SHTI220497,EXCLUDE,EXCLUDE,PARSE_FAIL,"api_error: 429 RESOURCE_EXHAUSTED. {'error': {'code': 429, 'message': 'You exceeded your cu"
R0838,E_stage1_excl,Overcoming barriers of retinal care delivery during a pandemic-attitudes and drivers for the implementation of digital health: a global expert survey.,2021,10.1136/bjophthalmol-2020-316882,EXCLUDE,EXCLUDE,PARSE_FAIL,"api_error: 429 RESOURCE_EXHAUSTED. {'error': {'code': 429, 'message': 'You exceeded your cu"
R0852,E_stage1_excl,Next-Generation Implementation of Chimeric Antigen Receptor T-Cell Therapy Using Digital Health.,2021,10.1200/CCI.21.00023,EXCLUDE,EXCLUDE,PARSE_FAIL,"api_error: 429 RESOURCE_EXHAUSTED. {'error': {'code': 429, 'message': 'You exceeded your cu"
R0854,E_stage1_excl,Evaluating a Digital Health Tool Designed to Improve Low Sexual Desire in Women: Mixed-Methods Implementation Science Study.,2025,10.2196/69828,EXCLUDE,EXCLUDE,PARSE_FAIL,"api_error: 429 RESOURCE_EXHAUSTED. {'error': {'code': 429, 'message': 'You exceeded your cu"
R0859,E_stage1_excl,Correction: Implementing an electronic health record dashboard for safe anticoagulant management: learning from qualitative interviews with existing and potential users to develop an implementation process.,2023,10.1186/s43058-023-00412-8,,,PARSE_FAIL,"api_error: 429 RESOURCE_EXHAUSTED. {'error': {'code': 429, 'message': 'You exceeded your cu"
R0886,E_stage1_excl,A novel extended approach under hesitant fuzzy sets to design a framework for assessing the key challenges of digital health interventions adoption during the COVID-19 outbreak.,2020,10.1016/j.asoc.2020.106613,EXCLUDE,EXCLUDE,PARSE_FAIL,"api_error: 429 RESOURCE_EXHAUSTED. {'error': {'code': 429, 'message': 'You exceeded your cu"
R0896,E_stage1_excl,Enhancing the interoperability and transparency of real-world data extraction in clinical research: evaluating the feasibility and impact of a ChatGLM implementation in Chinese hospital settings.,2024,10.1093/ehjdh/ztae066,EXCLUDE,EXCLUDE,PARSE_FAIL,"api_error: 429 RESOURCE_EXHAUSTED. {'error': {'code': 429, 'message': 'You exceeded your cu"
R0905,E_stage1_excl,Determinants of eHealth Literacy among Adults in China.,2020,10.1080/10810730.2020.1776422,EXCLUDE,EXCLUDE,PARSE_FAIL,"api_error: 429 RESOURCE_EXHAUSTED. {'error': {'code': 429, 'message': 'You exceeded your cu"
R0923,E_stage1_excl,"The Experience of Key Stakeholders During the Implementation and Use of Trauma Therapy via Digital Health for Military, Veteran, and Public Safety Personnel: Qualitative Thematic Analysis.",2021,10.2196/26369,EXCLUDE,EXCLUDE,PARSE_FAIL,"api_error: 429 RESOURCE_EXHAUSTED. {'error': {'code': 429, 'message': 'You exceeded your cu"
R0932,E_stage1_excl,Effectiveness of an eHealth self-management tool for older adults with multimorbidity (KeepWell): protocol for a hybrid effectiveness-implementation randomised controlled trial.,2021,10.1136/bmjopen-2020-048350,EXCLUDE,EXCLUDE,PARSE_FAIL,"api_error: 429 RESOURCE_EXHAUSTED. {'error': {'code': 429, 'message': 'You exceeded your cu"
R0941,E_stage1_excl,"Digital Health Interventions for Adults with Acquired Brain Injury and Their Close Others: Implementation, Scalability, and Sustainability in the COVID-19 Context.",2023,10.3233/SHTI230379,EXCLUDE,EXCLUDE,PARSE_FAIL,"api_error: 429 RESOURCE_EXHAUSTED. {'error': {'code': 429, 'message': 'You exceeded your cu"
R0951,E_stage1_excl,Comment on Lee et al. Empowering Hospitalized Patients With Diabetes: Implementation of a Hospital-Wide CGM Policy With EHR-Integrated Validation for Dosing Insulin. Diabetes Care 2024;47:1838-1845.,2025,10.2337/dc24-2228,EXCLUDE,EXCLUDE,PARSE_FAIL,"api_error: 429 RESOURCE_EXHAUSTED. {'error': {'code': 429, 'message': 'You exceeded your cu"
R0960,E_stage1_excl,Screening for undiagnosed atrial fibrillation using an electronic health record‒based clinical prediction model: clinical pilot implementation initiative.,2024,10.1186/s12911-024-02773-z,EXCLUDE,EXCLUDE,PARSE_FAIL,"api_error: 429 RESOURCE_EXHAUSTED. {'error': {'code': 429, 'message': 'You exceeded your cu"
R0991,E_stage1_excl,Preventing diabetes with digital health and coaching for translation and scalability (PREDICTS): A type 1 hybrid effectiveness-implementation trial protocol.,2020,10.1016/j.cct.2019.105877,EXCLUDE,EXCLUDE,PARSE_FAIL,"api_error: 429 RESOURCE_EXHAUSTED. {'error': {'code': 429, 'message': 'You exceeded your cu"
R0995,E_stage1_excl,Implementation and evaluation of Stanford Health Care store-and-forward teledermatology consultation workflow built within an existing electronic health record system.,2020,10.1177/1357633X18799805,EXCLUDE,EXCLUDE,PARSE_FAIL,"api_error: 429 RESOURCE_EXHAUSTED. {'error': {'code': 429, 'message': 'You exceeded your cu"
R1000,E_stage1_excl,Prompt engineering with a large language model to assist providers in responding to patient inquiries: a real-time implementation in the electronic health record.,2024,10.1093/jamiaopen/ooae080,EXCLUDE,EXCLUDE,PARSE_FAIL,"api_error: 429 RESOURCE_EXHAUSTED. {'error': {'code': 429, 'message': 'You exceeded your cu"
R1012,E_stage1_excl,"Commentary on ""Barriers and Facilitators to the Acceptance of eHealth Interventions by Dutch Pediatric Physical Therapists in Times of the COVID-19 Pandemic: A Mixed-Methods Approach"".",2023,10.1097/PEP.0000000000001013,EXCLUDE,EXCLUDE,PARSE_FAIL,"api_error: 429 RESOURCE_EXHAUSTED. {'error': {'code': 429, 'message': 'You exceeded your cu"
R1017,E_stage1_excl,The Difficult Airway Navigator: Development and Implementation of a Health Care System's Approach to Difficult Airway Documentation Utilizing the Electronic Health Record.,2021,10.1213/XAA.0000000000001455,EXCLUDE,EXCLUDE,PARSE_FAIL,"api_error: 429 RESOURCE_EXHAUSTED. {'error': {'code': 429, 'message': 'You exceeded your cu"
R1027,E_stage1_excl,Current Barriers to Large-scale Interoperability of Traceability Technology in the Seafood Sector.,2017,10.1111/1750-3841.13796,EXCLUDE,EXCLUDE,PARSE_FAIL,"api_error: 429 RESOURCE_EXHAUSTED. {'error': {'code': 429, 'message': 'You exceeded your cu"
R1057,E_stage1_excl,Development and implementation of patient-level prediction models of end-stage renal disease for type 2 diabetes patients using fast healthcare interoperability resources.,2022,10.1038/s41598-022-15036-6,EXCLUDE,EXCLUDE,PARSE_FAIL,"api_error: 429 RESOURCE_EXHAUSTED. {'error': {'code': 429, 'message': 'You exceeded your cu"
R1083,E_stage1_excl,"Effectiveness, reach, uptake, and feasibility of digital health interventions for adults with hypertension: a systematic review and meta-analysis of randomised controlled trials.",2023,10.1016/S2589-7500(23)00002-X,EXCLUDE,EXCLUDE,PARSE_FAIL,"api_error: 429 RESOURCE_EXHAUSTED. {'error': {'code': 429, 'message': 'You exceeded your cu"
R1100,E_stage1_excl,"Decreasing drug waste, reducing drug costs, and improving workflow efficiency through the implementation of automated chemotherapy dose rounding rules in the electronic health record system.",2022,10.1093/ajhp/zxab479,EXCLUDE,EXCLUDE,PARSE_FAIL,"api_error: 429 RESOURCE_EXHAUSTED. {'error': {'code': 429, 'message': 'You exceeded your cu"
R1106,E_stage1_excl,How Health Care Providers Can Use Digital Health Technologies to Inform Human Papillomavirus (HPV) Decision Making and Promote the HPV Vaccine Uptake Among Adolescents and Young Adults.,2019,10.1089/biores.2018.0051,EXCLUDE,EXCLUDE,PARSE_FAIL,"api_error: 429 RESOURCE_EXHAUSTED. {'error': {'code': 429, 'message': 'You exceeded your cu"
R1130,E_stage1_excl,"Design, implementation and evaluation of a spiral module combining data science, digital health and evidence-based medicine in the undergraduate medical curriculum: A mixed methods study.",2024,10.1016/j.clinme.2024.100207,EXCLUDE,EXCLUDE,PARSE_FAIL,"api_error: 429 RESOURCE_EXHAUSTED. {'error': {'code': 429, 'message': 'You exceeded your cu"
R1132,E_stage1_excl,Education and electronic health record implementation-better together? An assessment of compliance of oral vancomycin dosing for Clostridioides difficile infection and the impact of different antimicrobial stewardship interventions.,2026,10.1017/ash.2025.10272,EXCLUDE,EXCLUDE,PARSE_FAIL,"api_error: 429 RESOURCE_EXHAUSTED. {'error': {'code': 429, 'message': 'You exceeded your cu"
R1140,E_stage1_excl,Implementation of an Enhanced Recovery Pathway for Minimally Invasive Pectus Surgery: A Population-Based Cohort Study Evaluating Short- and Long-Term Outcomes Using eHealth Technology.,2018,10.2196/10996,EXCLUDE,EXCLUDE,PARSE_FAIL,"api_error: 429 RESOURCE_EXHAUSTED. {'error': {'code': 429, 'message': 'You exceeded your cu"
R1148,E_stage1_excl,Using EHR Data to Identify Social Determinants of Health Affecting Disparities in Cancer Survival.,2022,10.3233/SHTI220224,EXCLUDE,EXCLUDE,PARSE_FAIL,"api_error: 429 RESOURCE_EXHAUSTED. {'error': {'code': 429, 'message': 'You exceeded your cu"
R1159,E_stage1_excl,Determinants of Digital Health Literacy: International Cross-Sectional Study.,2025,10.2196/66631,EXCLUDE,EXCLUDE,PARSE_FAIL,"api_error: 429 RESOURCE_EXHAUSTED. {'error': {'code': 429, 'message': 'You exceeded your cu"
R1160,E_stage1_excl,"Effectiveness, reach, uptake, and feasibility of digital health interventions for adults with type 2 diabetes: a systematic review and meta-analysis of randomised controlled trials.",2023,10.1016/S2589-7500(22)00233-3,EXCLUDE,EXCLUDE,PARSE_FAIL,"api_error: 429 RESOURCE_EXHAUSTED. {'error': {'code': 429, 'message': 'You exceeded your cu"
R1161,E_stage1_excl,Digital health literacy as a super determinant of health: More than simply the sum of its parts.,2022,10.1016/j.invent.2022.100500,EXCLUDE,EXCLUDE,PARSE_FAIL,"api_error: 429 RESOURCE_EXHAUSTED. {'error': {'code': 429, 'message': 'You exceeded your cu"
R1175,E_stage1_excl,[Addressing the digital determinants of health: Main advantages and challenges of digital health].,2025,10.1016/j.aprim.2025.103311,EXCLUDE,EXCLUDE,PARSE_FAIL,"api_error: 429 RESOURCE_EXHAUSTED. {'error': {'code': 429, 'message': 'You exceeded your cu"
R1188,E_stage1_excl,Language-Related Barriers to Digital Health Engagement in Pediatric Primary Care.,2025,10.1177/15305627251387193,EXCLUDE,EXCLUDE,PARSE_FAIL,"api_error: 429 RESOURCE_EXHAUSTED. {'error': {'code': 429, 'message': 'You exceeded your cu"
R1191,E_stage1_excl,Identifying and Addressing Social Determinants of Health with an Electronic Health Record.,2025,10.3122/jabfm.2024.240167R1,EXCLUDE,EXCLUDE,PARSE_FAIL,"api_error: 429 RESOURCE_EXHAUSTED. {'error': {'code': 429, 'message': 'You exceeded your cu"
R1205,E_stage1_excl,Social Determinants of Health in Digital Health Policies: an International Environmental Scan.,2024,10.1055/s-0044-1800759,EXCLUDE,EXCLUDE,PARSE_FAIL,"api_error: 429 RESOURCE_EXHAUSTED. {'error': {'code': 429, 'message': 'You exceeded your cu"
R1207,E_stage1_excl,Gender-Specific Determinants of eHealth Literacy: Results from an Adolescent Internet Behavior Survey in Taiwan.,2022,10.3390/ijerph19020664,EXCLUDE,EXCLUDE,PARSE_FAIL,"api_error: 429 RESOURCE_EXHAUSTED. {'error': {'code': 429, 'message': 'You exceeded your cu"
R1212,E_stage1_excl,"Telehealth Implementation, Treatment Attendance, and Socioeconomic Disparities in Treatment Utilization in a Community Mental Health Setting During the COVID-19 Pandemic: A Retrospective Analysis of Electronic Health Record Data.",2023,10.1089/tmr.2022.0005,EXCLUDE,EXCLUDE,PARSE_FAIL,"api_error: 429 RESOURCE_EXHAUSTED. {'error': {'code': 429, 'message': 'You exceeded your cu"
R1214,E_stage1_excl,"Hypothesis: Is ""Terminator Syndrome"" a Barrier to Democratizing Artificial Intelligence and Public Engagement in Digital Health?",2019,10.1089/omi.2019.0070,EXCLUDE,EXCLUDE,PARSE_FAIL,"api_error: 429 RESOURCE_EXHAUSTED. {'error': {'code': 429, 'message': 'You exceeded your cu"
R1221,E_stage1_excl,Determinants of Digital Health Literacy Among Patients With Serious Mental Illness: Cross-Sectional Survey.,2026,10.2196/88700,EXCLUDE,EXCLUDE,PARSE_FAIL,"api_error: 429 RESOURCE_EXHAUSTED. {'error': {'code': 429, 'message': 'You exceeded your cu"
R1229,E_stage1_excl,Advancing Interoperability of Patient-level Social Determinants of Health Data to Support COVID-19 Research.,2022,,EXCLUDE,EXCLUDE,PARSE_FAIL,"api_error: 429 RESOURCE_EXHAUSTED. {'error': {'code': 429, 'message': 'You exceeded your cu"
R1232,E_stage1_excl,Enrichment of a Data Lake to Support Population Health Outcomes Studies Using Social Determinants Linked EHR Data.,2023,,EXCLUDE,EXCLUDE,PARSE_FAIL,"api_error: 429 RESOURCE_EXHAUSTED. {'error': {'code': 429, 'message': 'You exceeded your cu"
R1244,E_stage1_excl,Social determinants of health predict readmission following COVID-19 hospitalization: a health information exchange-based retrospective cohort study.,2024,10.3389/fpubh.2024.1352240,EXCLUDE,EXCLUDE,PARSE_FAIL,"api_error: 429 RESOURCE_EXHAUSTED. {'error': {'code': 429, 'message': 'You exceeded your cu"
R1255,E_stage1_excl,Understanding digital health literacy as a structural determinant of health and public health capability.,2026,10.1186/s44263-025-00236-9,EXCLUDE,EXCLUDE,PARSE_FAIL,"api_error: 429 RESOURCE_EXHAUSTED. {'error': {'code': 429, 'message': 'You exceeded your cu"
R1258,E_stage1_excl,"Realizing the potential of social determinants data in EHR systems: A scoping review of approaches for screening, linkage, extraction, analysis, and interventions.",2024,10.1017/cts.2024.571,EXCLUDE,EXCLUDE,PARSE_FAIL,"api_error: 429 RESOURCE_EXHAUSTED. {'error': {'code': 429, 'message': 'You exceeded your cu"
R1268,E_stage1_excl,Barriers and facilitators to health information exchange in low- and middle-income country settings: a systematic review protocol.,2015,10.14236/jhi.v22i2.98,EXCLUDE,EXCLUDE,PARSE_FAIL,"api_error: 429 RESOURCE_EXHAUSTED. {'error': {'code': 429, 'message': 'You exceeded your cu"
R1275,E_stage1_excl,Sociodemographic determinants of digital health literacy: A systematic review and meta-analysis.,2023,10.1016/j.ijmedinf.2023.105124,EXCLUDE,EXCLUDE,PARSE_FAIL,"api_error: 429 RESOURCE_EXHAUSTED. {'error': {'code': 429, 'message': 'You exceeded your cu"
R1294,E_stage1_excl,Digital health literacy among urban community-dwelling older adults in China: Current status and determinants.,2026,10.1177/20552076261452909,EXCLUDE,EXCLUDE,PARSE_FAIL,"api_error: 429 RESOURCE_EXHAUSTED. {'error': {'code': 429, 'message': 'You exceeded your cu"
R1295,E_stage1_excl,Determinants of digital health literacy among older adult patients with chronic diseases: a qualitative study.,2025,10.3389/fpubh.2025.1568043,EXCLUDE,EXCLUDE,PARSE_FAIL,"api_error: 429 RESOURCE_EXHAUSTED. {'error': {'code': 429, 'message': 'You exceeded your cu"
R1329,E_stage1_excl,eHealth as a facilitator of equitable access to primary healthcare: the case of caring for non-communicable diseases in rural and refugee settings in Lebanon.,2018,10.1007/s00038-018-1092-8,EXCLUDE,EXCLUDE,PARSE_FAIL,"api_error: 429 RESOURCE_EXHAUSTED. {'error': {'code': 429, 'message': 'You exceeded your cu"
R1339,E_stage1_excl,Rapid Adoption of a Serious Illness Conversation Electronic Medical Record Template: Lessons Learned and Future Directions.,2020,10.1089/jpm.2019.0420,EXCLUDE,EXCLUDE,PARSE_FAIL,"api_error: 429 RESOURCE_EXHAUSTED. {'error': {'code': 429, 'message': 'You exceeded your cu"
R1348,E_stage1_excl,Dissatisfaction and Barriers in Electronic Health Record Use for Patients With Inflammatory Bowel Disease: A Nationwide Survey of Major IBD Centers.,2025,10.14309/ajg.0000000000003598,EXCLUDE,EXCLUDE,PARSE_FAIL,"api_error: 429 RESOURCE_EXHAUSTED. {'error': {'code': 429, 'message': 'You exceeded your cu"
R1358,E_stage1_excl,Older adults' acceptability and perceived barriers to digital health tools integrating nutrition and physical activity: a focus group study.,2026,10.3389/fdgth.2026.1803847,EXCLUDE,EXCLUDE,PARSE_FAIL,"api_error: 429 RESOURCE_EXHAUSTED. {'error': {'code': 429, 'message': 'You exceeded your cu"
R1362,E_stage1_excl,Social Determinants of Health and After-Hours Electronic Health Record Documentation: A National Survey of US Physicians.,2022,10.1089/pop.2021.0212,EXCLUDE,EXCLUDE,PARSE_FAIL,"api_error: 429 RESOURCE_EXHAUSTED. {'error': {'code': 429, 'message': 'You exceeded your cu"
R1381,E_stage1_excl,Effective implementation of electronic medical records and health information technologies.,2015,,EXCLUDE,EXCLUDE,PARSE_FAIL,"api_error: 429 RESOURCE_EXHAUSTED. {'error': {'code': 429, 'message': 'You exceeded your cu"
R1405,E_stage1_excl,Highlights From ACMQ's Annual Meeting Virtual Medical Quality 2020: Real World Digital Health Strategies Impacting Social Determinants of Health and Health Care Disparities.,2021,10.1097/01.JMQ.0000733464.74709.f3,EXCLUDE,EXCLUDE,PARSE_FAIL,"api_error: 429 RESOURCE_EXHAUSTED. {'error': {'code': 429, 'message': 'You exceeded your cu"
R1423,E_stage1_excl,A retrospective evaluation of a health provider electronic health record reminder system to reduce urinary tract infections through enhanced barrier precautions in a skilled nursing facility.,2026,10.1177/17571774261440765,EXCLUDE,EXCLUDE,PARSE_FAIL,"api_error: 429 RESOURCE_EXHAUSTED. {'error': {'code': 429, 'message': 'You exceeded your cu"
R1427,E_stage1_excl,Development and implementation of an electronic medical record module to track genetic testing results.,2021,10.1038/s41436-020-01057-x,EXCLUDE,EXCLUDE,PARSE_FAIL,"api_error: 429 RESOURCE_EXHAUSTED. {'error': {'code': 429, 'message': 'You exceeded your cu"
R1443,E_stage1_excl,"Development of an electronic health record-based Human Immunodeficiency Virus (HIV) risk prediction model for women, incorporating social determinants of health.",2025,10.1186/s12889-025-23460-2,EXCLUDE,EXCLUDE,PARSE_FAIL,"api_error: 429 RESOURCE_EXHAUSTED. {'error': {'code': 429, 'message': 'You exceeded your cu"
R1463,E_stage1_excl,Implementation of Indigenous Electronic Medical Record System to Facilitate Care of Sickle Cell Disease Patients in Chhattisgarh.,2016,10.7860/JCDR/2016/16047.7186,EXCLUDE,EXCLUDE,PARSE_FAIL,"api_error: 429 RESOURCE_EXHAUSTED. {'error': {'code': 429, 'message': 'You exceeded your cu"
R1494,E_stage1_excl,Association between Electronic Medical Record Implementation of Default Opioid Prescription Quantities and Prescribing Behavior in Two Emergency Departments.,2018,10.1007/s11606-017-4286-5,EXCLUDE,EXCLUDE,PARSE_FAIL,"api_error: 429 RESOURCE_EXHAUSTED. {'error': {'code': 429, 'message': 'You exceeded your cu"
R1518,E_stage1_excl,Decreased in-hospital mortality rate following implementation of a comprehensive electronic medical record system.,2022,10.1111/jpc.15718,EXCLUDE,EXCLUDE,PARSE_FAIL,"api_error: 429 RESOURCE_EXHAUSTED. {'error': {'code': 429, 'message': 'You exceeded your cu"
R1532,E_stage1_excl,Implementation of an electronic medical record tool for early detection of deep vein thrombosis in the ambulatory oncology setting.,2019,10.1002/rth2.12176,EXCLUDE,EXCLUDE,PARSE_FAIL,"api_error: 429 RESOURCE_EXHAUSTED. {'error': {'code': 429, 'message': 'You exceeded your cu"
R1548,E_stage1_excl,An Electronic Medical Record-Derived Individualized Performance Metric to Measure Risk-Adjusted Adherence with Perioperative Prophylactic Bundles for Health Care Disparity Research and Implementation Science.,2020,10.1055/s-0040-1714692,EXCLUDE,EXCLUDE,PARSE_FAIL,"api_error: 429 RESOURCE_EXHAUSTED. {'error': {'code': 429, 'message': 'You exceeded your cu"
R1563,E_stage1_excl,Next Steps and Barriers for Integration of Artificial Intelligence into Electronic Medical Records and Cardiovascular Health.,2026,10.1016/j.amjcard.2026.05.022,EXCLUDE,EXCLUDE,PARSE_FAIL,"api_error: 429 RESOURCE_EXHAUSTED. {'error': {'code': 429, 'message': 'You exceeded your cu"
R1567,E_stage1_excl,Sex Differences in Determinants of Suicide Risk Preceding Psychiatric Admission: An Electronic Medical Record Study.,2022,10.3389/fpsyt.2022.892225,EXCLUDE,EXCLUDE,PARSE_FAIL,"api_error: 429 RESOURCE_EXHAUSTED. {'error': {'code': 429, 'message': 'You exceeded your cu"
R1573,E_stage1_excl,Moving electronic medical records upstream: incorporating social determinants of health.,2015,10.1016/j.amepre.2014.07.009,EXCLUDE,EXCLUDE,PARSE_FAIL,"api_error: 429 RESOURCE_EXHAUSTED. {'error': {'code': 429, 'message': 'You exceeded your cu"
R1575,E_stage1_excl,DeepBiomarker2: Prediction of Alcohol and Substance Use Disorder Risk in Post-Traumatic Stress Disorder Patients Using Electronic Medical Records and Multiple Social Determinants of Health.,2024,10.3390/jpm14010094,EXCLUDE,EXCLUDE,PARSE_FAIL,"api_error: 429 RESOURCE_EXHAUSTED. {'error': {'code': 429, 'message': 'You exceeded your cu"
R1584,E_stage1_excl,Health Record Chain (HRC): Implementation of Mobile Healthcare system using Blockchain to enhance Privacy of Electronic Health Record EHR,2020,10.1109/CSCI51800.2020.00161,EXCLUDE,EXCLUDE,PARSE_FAIL,"api_error: 429 RESOURCE_EXHAUSTED. {'error': {'code': 429, 'message': 'You exceeded your cu"
R1611,E_stage1_excl,The Implementation of CPML for the Improved HIE-FDTD Method,2023,10.1109/MAPCON58678.2023.10464006,EXCLUDE,EXCLUDE,PARSE_FAIL,"api_error: 429 RESOURCE_EXHAUSTED. {'error': {'code': 429, 'message': 'You exceeded your cu"
R1616,E_stage1_excl,Implementation of Fog computing for reliable E-health applications,2015,10.1109/ACSSC.2015.7421170,EXCLUDE,EXCLUDE,PARSE_FAIL,"api_error: 429 RESOURCE_EXHAUSTED. {'error': {'code': 429, 'message': 'You exceeded your cu"
R1617,E_stage1_excl,Implementation of an “at-home” e-Health system using heterogeneous devices,2016,10.1109/ISC2.2016.7580865,EXCLUDE,EXCLUDE,PARSE_FAIL,"api_error: 429 RESOURCE_EXHAUSTED. {'error': {'code': 429, 'message': 'You exceeded your cu"
R1621,E_stage1_excl,Design and implementation of an e-Health system for depression detection,2015,10.1109/ICCE.2015.7066324,EXCLUDE,EXCLUDE,PARSE_FAIL,"api_error: 429 RESOURCE_EXHAUSTED. {'error': {'code': 429, 'message': 'You exceeded your cu"
R1625,E_stage1_excl,"Challenges in the design and implementation of wireless sensor networks: A holistic approach-development and planning tools, middleware, power efficiency, interoperability",2015,10.1109/MECO.2015.7181857,EXCLUDE,EXCLUDE,PARSE_FAIL,"api_error: 429 RESOURCE_EXHAUSTED. {'error': {'code': 429, 'message': 'You exceeded your cu"
R1632,E_stage1_excl,Implementation and Evaluation of the iHAC Hub Leveraging the Web of Things for Interoperability Between Matter and ECHONET Lite Devices,2026,10.1109/CCNC65079.2026.11366425,EXCLUDE,EXCLUDE,PARSE_FAIL,"api_error: 429 RESOURCE_EXHAUSTED. {'error': {'code': 429, 'message': 'You exceeded your cu"
R1634,E_stage1_excl,Interoperability Conflict in Data Warehouse Implementation: A Paired Samples T-Test Analysis of Technical Performance and Stakeholder Satisfaction,2026,10.1109/AIEI69164.2026.11497258,EXCLUDE,EXCLUDE,PARSE_FAIL,"api_error: 429 RESOURCE_EXHAUSTED. {'error': {'code': 429, 'message': 'You exceeded your cu"
R1635,E_stage1_excl,Virtual Testbed Implementation for Interoperability Verification of Multi-Robot Control Frameworks,2025,10.23919/ICCAS66577.2025.11301204,EXCLUDE,EXCLUDE,PARSE_FAIL,"api_error: 429 RESOURCE_EXHAUSTED. {'error': {'code': 429, 'message': 'You exceeded your cu"
R1645,E_stage1_excl,Sentiment Classification of Features in e-Health Adoption: A Technical and Security Approach Using Convolutional Neural Network (CNN),2024,10.1109/IoTaIS64014.2024.10799498,EXCLUDE,EXCLUDE,PARSE_FAIL,"api_error: 429 RESOURCE_EXHAUSTED. {'error': {'code': 429, 'message': 'You exceeded your cu"
R1659,E_stage1_excl,Evaluating Academic Performance in Health Informatics Post-EHR Implementation,2024,10.1109/ICHI61247.2024.00118,EXCLUDE,EXCLUDE,PARSE_FAIL,"api_error: 429 RESOURCE_EXHAUSTED. {'error': {'code': 429, 'message': 'You exceeded your cu"
R1661,E_stage1_excl,Implementation of Lightweight eHealth Applications on a Low-Power Embedded Processor,2020,10.1109/ACCESS.2020.3006901,EXCLUDE,EXCLUDE,PARSE_FAIL,"api_error: 429 RESOURCE_EXHAUSTED. {'error': {'code': 429, 'message': 'You exceeded your cu"
R1662,E_stage1_excl,Increasing Engagement in eHealth Interventions Using Personalization and Implementation Intentions,2020,10.1109/SIEDS49339.2020.9106640,EXCLUDE,EXCLUDE,PARSE_FAIL,"api_error: 429 RESOURCE_EXHAUSTED. {'error': {'code': 429, 'message': 'You exceeded your cu"
R1677,E_stage1_excl,"A Secondary Control Framework for Microgrid Interoperability With Vendor-Agnostic Grid-Forming Units: Design, Implementation, and Demonstration via Large-Scale Hardware Setup",2025,10.1109/ACCESS.2025.3643737,EXCLUDE,EXCLUDE,PARSE_FAIL,"api_error: 429 RESOURCE_EXHAUSTED. {'error': {'code': 429, 'message': 'You exceeded your cu"
