rec_id,stratum,source_db,title,year,doi,machine_ta,rater2,rater2_reason,concordant
R0030,A_incl_fulltext,PubMed,Barriers and Facilitators to the Implementation of eHealth Services: Systematic Literature Analysis.,2019,10.2196/14197,PASS,PASS,"Systematic review of barriers/facilitators for eHealth service implementation, organizational level, 2019.",True
R0043,A_incl_fulltext,PubMed,Adoption of Health Information Technology Among US Nursing Facilities.,2019,10.1016/j.jamda.2018.11.002,PASS,PASS,"Organizational-level EHR/interoperability adoption determinants study in nursing facilities, empirical, 2019.",True
R0061,A_incl_fulltext,PubMed,Adoption factors associated with electronic health record among long-term care facilities: a systematic review.,2015,10.1136/bmjopen-2014-006615,PASS,PASS,Systematic review of EHR adoption facilitators/barriers at organizational level in LTC facilities.,True
R0074,A_incl_fulltext,PubMed,Barriers and opportunities to implementation of sustainable e-Health programmes in Uganda: A literature review.,2017,10.4102/phcfm.v9i1.1277,PASS,EXCLUDE,"Broad e-Health/m-Health review, not specific to EHR/HIE interoperability systems.",False
R0079,A_incl_fulltext,PubMed,Basic electronic health record (EHR) adoption in (**)Türkiye is nearly complete but challenges persist.,2023,10.1186/s12913-023-09859-w,PASS,PASS,National-level EHR adoption measurement in Turkish public hospitals with cross-country benchmarking.,True
R0083,A_incl_fulltext,PubMed,Electronic health record implementation: how to identify and analyze the possible negative impacts.,2024,10.31744/einstein_journal/2024AO0916,PASS,PASS,EHR implementation study analyzing negative impacts at organizational/hospital level.,True
R0096,A_incl_fulltext,PubMed,Exploring facilitators and barriers of the sustainable acceptance of e-health system solutions in Ethiopia: A systematic review.,2023,10.1371/journal.pone.0287991,PASS,EXCLUDE,"Individual acceptance factors (UTAUT-type), not org/institutional-level EHR/HIE interoperability adoption.",False
R0102,A_incl_fulltext,PubMed,mUzima Mobile Electronic Health Record (EHR) System: Development and Implementation at Scale.,2021,10.2196/26381,PASS,PASS,Describes national-scale mHealth extension of EHR system implementation across LMIC countries.,True
R0103,A_incl_fulltext,PubMed,Status of Digital Health Technology Adoption in 5 Vietnamese Hospitals: Cross-Sectional Assessment.,2025,10.2196/53483,PASS,PASS,"Cross-sectional readiness/adoption assessment of EHR/HIS/HIE interoperability across Vietnamese hospitals, organizationa",True
R0130,A_incl_fulltext,PubMed,Reframing EHR Policy in China: Towards Balanced Implementation and Ethical Foundations.,2025,10.1111/jep.70273,PASS,PASS,National-level EHR policy analysis on implementation/policy tools in China.,True
R0145,A_incl_fulltext,PubMed,Understanding inherent influencing factors to digital health adoption in general practices through a mixed-methods analysis.,2024,10.1038/s41746-024-01049-0,PASS,EXCLUDE,"General digital health adoption by GPs, not specifically EHR/HIE interoperability technology.",False
R0148,A_incl_fulltext,PubMed,Design propositions for nudging in healthcare: Adoption of national electronic health record systems.,2023,10.1177/20552076231181208,PASS,PASS,"National EHR adoption determinants across four countries, empirical case study, post-2015.",True
R0152,A_incl_fulltext,PubMed,Digital Health Technology Adoption Among Chinese Physicians: Latent Profile Analysis and Cross-Sectional Study.,2025,10.2196/77840,PASS,EXCLUDE,"Individual physician perceptions/acceptance of generic DHT, not EHR/HIE organizational adoption.",False
R0160,A_incl_fulltext,PubMed,Formative Evaluation of the Implementation of eHealth in the Philippines: A Qualitative Study.,2024,10.47895/amp.v58i12.9289,PASS,PASS,"National-level qualitative study of eHealth/EMR implementation determinants in Philippines, 2024.",True
R0173,A_incl_fulltext,PubMed,Evaluating the E-Health Cloud Computing Systems Adoption in Taiwan's Healthcare Industry.,2021,10.3390/life11040310,PASS,PASS,Organizational-level adoption determinants of e-health/health-IT (cloud) systems in Taiwan's healthcare industry.,True
R0209,A_incl_fulltext,PubMed,Disparities in Primary Care EHR Adoption Rates.,2016,10.1353/hpu.2016.0016,PASS,PASS,Empirical study of organizational-level EHR adoption determinants by practice type/size.,True
R0232,A_incl_fulltext,PubMed,Healthcare providers' readiness for electronic health record adoption: a cross-sectional study during pre-implementation phase.,2022,10.1186/s12913-022-07688-x,PASS,PASS,"Organizational-level EHR adoption readiness study among healthcare providers, empirical, 2022.",True
R0249,A_incl_fulltext,PubMed,Factors affecting the adoption of e-health system in the Kingdom of Saudi Arabia.,2021,10.1093/inthealth/ihaa091,PASS,EXCLUDE,"Individual patient/user acceptance survey, not organizational/national-level determinants study.",False
R0268,A_incl_fulltext,PubMed,Revisiting the rural and urban divide in hospital health information technology adoption: Evidence from 2023.,2025,10.1111/jrh.70100,PASS,PASS,"Organizational-level HIE/health-IT adoption determinants (rural-urban), empirical, 2025.",True
R0308,A_incl_fulltext,PubMed,Lower electronic health record adoption and interoperability in rural versus urban physician participants: a cross-sectional analysis from the CMS quality payment program.,2025,10.1186/s12913-024-12168-5,PASS,PASS,"Empirical study of EHR/interoperability adoption determinants at organizational/regional level, 2025.",True
R0309,A_incl_fulltext,PubMed,Human factors and systems simulation methods to optimize peri-operative EHR design and implementation.,2025,10.1186/s41077-025-00349-z,PASS,EXCLUDE,"Usability/human factors testing pre-go-live, not adoption/implementation determinants at org level.",False
R0322,A_incl_fulltext,PubMed,Factors influencing adoption of eHealth technologies in Ghana.,2019,10.1177/2055207619871425,PASS,PASS,Organizational-level empirical study on eHealth adoption determinants in Ghana healthcare institutions.,True
R0330,A_incl_fulltext,PubMed,Capabilities and Advantages of Cloud Computing in the Implementation of Electronic Health Record.,2018,10.5455/aim.2018.26.24-28,PASS,PASS,"Systematic review on cloud computing capabilities for EHR implementation, organizational level.",True
R0338,A_incl_fulltext,PubMed,Implementation and adoption of a health insurance support tool in the electronic health record: a mixed methods analysis within a randomized trial.,2020,10.1186/s12913-020-05317-z,PASS,EXCLUDE,"Insurance enrollment tool within EHR, not core EHR/HIE interoperability adoption.",False
R0347,A_incl_fulltext,PubMed,SERIES: eHealth in primary care. Part 4: Addressing the challenges of implementation.,2020,10.1080/13814788.2020.1826431,PASS,EXCLUDE,"General eHealth implementation framework, not EHR/HIE interoperability-specific.",False
R0357,A_incl_fulltext,PubMed,NIATx-TI versus typical product training on e-health technology implementation: a clustered randomized controlled trial study protocol.,2020,10.1186/s13012-020-01053-4,PASS,EXCLUDE,"Single-disease (SUD) e-health app implementation trial, not EHR/HIE interoperability.",False
R0361,A_incl_fulltext,PubMed,Identification of Factors Influencing the Adoption of Health Information Technology by Nurses Who Are Digitally Lagging: In-Depth Interview Study.,2020,10.2196/15630,PASS,EXCLUDE,"Individual nurse-level acceptance/skills study, not organizational/institutional adoption determinants.",False
R0363,A_incl_fulltext,PubMed,Evaluation of the nation-wide implementation of ALS home monitoring & coaching: an e-health innovation for personalized care for patients with motor neuron disease.,2022,10.1186/s12913-022-08724-6,PASS,EXCLUDE,"Single-disease (ALS) telemonitoring app, not EHR/HIE interoperability technology.",False
R0370,A_incl_fulltext,PubMed,Evaluation of a Health Information Exchange System for Geriatric Health Care in Rural Areas: Development and Technical Acceptance Study.,2022,10.2196/34568,PASS,PASS,HIE development/implementation study identifying organizational adoption barriers and facilitators among providers.,True
R0392,A_incl_fulltext,PubMed,Factors affecting sustainable adoption of e-health technology in developing countries: an exploratory survey of Nigerian hospitals from the perspective of healthcare professionals.,2018,10.7717/peerj.4436,PASS,PASS,"E-health adoption determinants across Nigerian hospitals; organizational-level empirical study, healthcare professionals",True
R0411,A_incl_fulltext,PubMed,The Applicability of the Modified Technology Acceptance Model (TAM) on the Sustainable Adoption of eHealth Systems in Resource-Limited Settings.,2020,10.2147/JMDH.S284973,PASS,EXCLUDE,"Individual health-professional acceptance study (TAM), not organizational/system-level adoption determinants.",False
R0412,A_incl_fulltext,PubMed,Implementation of eMental Health care: viewpoints from key informants from organizations and agencies with eHealth mandates.,2017,10.1186/s12911-017-0474-9,PASS,EXCLUDE,"Focuses on eMental health technology implementation, not EHR/HIE interoperability.",False
R0413,A_incl_fulltext,PubMed,Estimating the Impacts of Hospitals' Organisational and Geographical Characteristics on the Adoption of Health Information Technology in Mongolian Hospitals.,2021,10.1155/2021/8836625,PASS,PASS,"Organizational/hospital-level determinants of health IT adoption in Mongolia, empirical, 2021.",True
R0449,A_incl_fulltext,PubMed,"Accessing the Digital Health Application (DiGA) Market: Key Success Factors, Market Barriers and Strategies for Sustainable Adoption.",2026,10.1177/00469580261433432,PASS,EXCLUDE,"DiGA are prescribable digital therapeutic apps, not EHR/EMR/HIE interoperability technology.",False
R0507,A_incl_fulltext,PubMed,An iterative approach to developing a multifaceted implementation strategy for a complex eHealth intervention within clinical practice.,2023,10.1186/s12913-023-10439-1,PASS,EXCLUDE,"Single-condition cardiac eHealth intervention, not EHR/HIE interoperability.",False
R0544,A_incl_fulltext,PubMed,A structured framework to improve usability in EHR implementation: a user-centered case study in Brazilian mental healthcare.,2025,10.3389/fdgth.2025.1676631,PASS,EXCLUDE,"Focuses on usability/UI design, not adoption/implementation determinants at organizational level.",False
R0559,A_incl_fulltext,PubMed,Electronic Health Record Implementation Enhances Financial Performance in High Medicaid Nursing Homes.,2024,10.2147/JMDH.S457420,PASS,EXCLUDE,"Studies EHR's effect on financial performance, not adoption/implementation determinants.",False
R0591,A_incl_fulltext,PubMed,Implementation of the Flexible Assertive Community Treatment (FACT) Model in Norway: eHealth Assessment Study.,2022,10.2196/32220,PASS,EXCLUDE,"Focus is mental health FACT model implementation, not EHR/HIE interoperability system itself.",False
R0623,A_incl_fulltext,PubMed,A Self-help Tool to Facilitate Implementation of eHealth Initiatives in Health Care (E-Ready): Formative Evaluation.,2022,10.2196/17568,PASS,EXCLUDE,"Generic readiness tool for eHealth broadly, not EHR/HIE interoperability specific.",False
R0627,A_incl_fulltext,PubMed,"Unveiling practical insights of eHealth implementation in Europe: a grey literature review on legal, ethical, financial, and technological (LEFT) considerations.",2025,10.3389/fdgth.2025.1575620,PASS,PASS,"Grey literature review on eHealth implementation barriers/facilitators across Europe, national/system level.",True
R0633,A_incl_fulltext,PubMed,Development and implementation of an interoperable local health information exchange platform for the attainment of universal health coverage in the Philippines.,2025,10.3389/fdgth.2025.1650273,PASS,PASS,"HIE implementation at LGU/national level in Philippines, empirical deployment case study.",True
R0682,A_incl_fulltext,PubMed,A comprehensive eHealth implementation guide constructed on a qualitative case study on barriers and facilitators of the digital care platform CMyLife.,2022,10.1186/s12913-022-08020-3,PASS,EXCLUDE,"Single-disease (cancer) patient-centred digital care platform, not EHR/HIE interoperability.",False
R0724,A_incl_fulltext,PubMed,"IMPLEMENTATION OF THE NATIONWIDE ELECTRONIC HEALTH RECORD SYSTEM IN SERBIA: CHALLENGES, LESSONS LEARNED, AND EARLY OUTCOMES.",2022,10.20471/acc.2022.61.03.14,PASS,PASS,"National EHR implementation process, challenges, and lessons at system level.",True
R0739,A_incl_fulltext,PubMed,Adoption and perception of prescribable digital health applications (DiGA) and the advancing digitalization among German internal medicine physicians: a cross-sectional survey study.,2024,10.1186/s12913-024-11807-1,PASS,EXCLUDE,"DiGA are prescribable digital therapeutics, not EHR/HIE/interoperability technology.",False
R0742,A_incl_fulltext,PubMed,Adoption of electronic health record systems to enhance the quality of healthcare in low-income countries: a systematic review.,2023,10.1136/bmjhci-2022-100704,PASS,PASS,"Systematic review of EHR adoption determinants/barriers in low-income countries, organizational/national level.",True
R0756,A_incl_fulltext,PubMed,Stakeholders' Perceptions of the Implementation of a Patient-Centric Digital Health Application for Primary Healthcare in India.,2021,10.4258/hir.2021.27.4.315,PASS,PASS,"EHR-like health information system implementation at primary care organizational level, empirical study.",True
R0758,A_incl_fulltext,PubMed,Factors influencing clinician performance post-electronic health record implementation: an empirical analysis in Moroccan hospitals.,2025,10.1186/s12913-025-12438-w,PASS,PASS,"Organizational-level EHR implementation determinants in Moroccan hospitals, empirical, 2025.",True
R0767,A_incl_fulltext,PubMed,Accelerating European electronic health record exchange format (EEHRxF) implementation across Europe: a policy perspective.,2025,10.3389/fmed.2025.1648170,PASS,PASS,"Policy analysis of EHR interoperability format implementation across EU, national/system level.",True
R0769,A_incl_fulltext,PubMed,Implementation research logic model in the design and execution of eHealth innovations for maternal and newborn healthcare in Ethiopia.,2025,10.1186/s12961-024-01259-8,PASS,PASS,"Implementation determinants/barriers of eHealth innovation at facility level, empirical, 2025.",True
R0770,A_incl_fulltext,PubMed,"Nursing Home Implementation of Health Information Technology: Review of the Literature Finds Inadequate Investment in Preparation, Infrastructure, and Training.",2018,10.1177/0046958018778902,PASS,PASS,"Review of HIT implementation determinants in nursing home organizations, meets scope criteria.",True
R0794,A_incl_fulltext,PubMed,"Exploring the Dynamics of Actors, Structural Factors, and Bricolage in the Implementation and Sustainability of eHealth Solutions: Qualitative Multiple-Case Study.",2026,10.2196/79999,PASS,EXCLUDE,"Generic eHealth implementation dynamics, not EHR/EMR/HIE interoperability-specific.",False
R0795,A_incl_fulltext,PubMed,Implementation of eHealth to Support Assessment and Decision-making for Residents With Dementia in Long-term Care: Systematic Review.,2022,10.2196/29837,PASS,EXCLUDE,"Single-condition (dementia) eHealth intervention, not EHR/HIE/health-IT interoperability.",False
R0803,A_incl_fulltext,PubMed,Learning from digital health investments during COVID-19 vaccine program implementation: a research collaboration and theory of change.,2024,10.1093/oodh/oqae005,PASS,EXCLUDE,"Focuses on COVID-19 vaccine digital data systems, not EHR/HIE interoperability adoption.",False
R0815,A_incl_fulltext,PubMed,When Tech Meets Touch: Multistakeholder Perspectives and Implementation Strategies for eHealth in Chronic Kidney Disease: A Systematic Review Using Computational Linguistics.,2026,10.1155/jonm/7612011,PASS,EXCLUDE,"Single-disease (CKD) digital health intervention, not EHR/HIE interoperability.",False
R0818,A_incl_fulltext,PubMed,Electronic medical record implementation in tertiary care: factors influencing adoption of an electronic medical record in a cancer centre.,2021,10.1186/s12913-020-06015-6,PASS,PASS,Empirical study on EMR implementation determinants at organizational (cancer centre) level.,True
R0827,A_incl_fulltext,PubMed,The Impact of Leadership and Management on the Implementation of Electronic Health Record Systems in the Primary Healthcare Centers.,2024,10.3390/healthcare12202013,PASS,PASS,"Organizational-level EHRS implementation determinants (leadership, project management) in Saudi PHCs.",True
R0831,A_incl_fulltext,PubMed,"Applying Implementation Science to Advance Electronic Health Record-Driven Learning Health Systems: Case Studies, Challenges, and Recommendations.",2024,10.2196/55472,PASS,PASS,Discusses EHR-driven implementation science frameworks/challenges at organizational/system level.,True
R0850,A_incl_fulltext,PubMed,Perception towards electronic health records & uptake of digital health IDs among the urban residents in northern India: A mixed methods study.,2024,10.25259/ijmr_664_23,PASS,EXCLUDE,"Individual patient/consumer acceptance study of digital health ID uptake, not organizational-level.",False
R0865,A_incl_fulltext,PubMed,Integrated Electronic Health Record System in a Tertiary Care Centre: A Single Centre Implementation Experience.,2022,10.31729/jnma.7445,PASS,PASS,Organizational-level EHR implementation case study with barriers/facilitators at a hospital.,True
R0883,A_incl_fulltext,PubMed,Creation of an Evidence-Based Implementation Framework for Digital Health Technology in the Intensive Care Unit: Qualitative Study.,2022,10.2196/22866,PASS,EXCLUDE,"Remote monitoring device in ICU, not EHR/EMR/HIE interoperability technology.",False
R0914,A_incl_fulltext,PubMed,Determinants of the implementation of eHealth-based long-term follow-up care for young cancer survivors: a qualitative study.,2024,10.1186/s12885-024-12910-6,PASS,EXCLUDE,"Single-disease (cancer survivorship) telemedicine app, not EHR/HIE interoperability.",False
R0933,A_incl_fulltext,PubMed,The Perceptions of and Factors Associated With the Adoption of the Electronic Health Record Sharing System Among Patients and Physicians: Cross-Sectional Survey.,2020,10.2196/17452,PASS,PASS,"Examines organizational/physician-level adoption determinants of an HIE system, empirical, 2020.",True
R1031,A_incl_fulltext,PubMed,Implementation of the World Health Organization Minimum Dataset for Emergency Medical Teams to Create Disaster Profiles for the Indonesian SATUSEHAT Platform Using Fast Healthcare Interoperability Resources: Development and Validation Study.,2024,10.2196/59651,PASS,PASS,"Implements FHIR-based interoperability profile for national EHR platform (SATUSEHAT), organizational/national level.",True
R1033,A_incl_fulltext,PubMed,Exploring Factors Associated With the Stalled Implementation of a Ground-Up Electronic Health Record System in South Africa: Qualitative Insights From the E-Tick Case Study Using the Consolidated Framework for Implementation Research (CFIR).,2026,10.2196/73831,PASS,PASS,"Qualitative CFIR study on EHR implementation determinants at organizational/national level, South Africa.",True
R1069,A_incl_fulltext,PubMed,End-users' perspectives on factors affecting implementation and utilization of the Iranian electronic health record system: a qualitative study in a developing country.,2023,10.1186/s12913-023-10033-5,PASS,PASS,Qualitative study on EHR implementation determinants at organizational/national level in Iran.,True
R1084,A_incl_fulltext,PubMed,Barriers to the implementation of large-scale electronic health record systems in primary healthcare centers: a mixed-methods study in Saudi Arabia.,2025,10.3389/fmed.2025.1516714,PASS,PASS,"National EHR implementation barriers study, organizational/system level, empirical, 2025.",True
R1133,A_incl_fulltext,PubMed,Design and Implementation of a State-Wide Network for Near Real-Time Public Health Surveillance and Research: The Minnesota Electronic Health Record Consortium Experience.,2026,10.1002/lrh2.70070,PASS,PASS,"Describes state-wide EHR network implementation/governance for surveillance, an organizational/institutional-level healt",True
R1181,A_incl_fulltext,PubMed,Successes and Barriers of Health Information Exchange Participation Across Hospitals in South Carolina From 2014 to 2020: Longitudinal Observational Study.,2023,10.2196/40959,PASS,PASS,Organizational-level longitudinal study of HIE participation determinants and barriers across hospitals.,True
R1186,A_incl_fulltext,PubMed,Adoption of Electronic Medical Records in Healthcare Facilities in the Emirate of Dubai.,2024,10.4258/hir.2024.30.2.154,PASS,PASS,National-level empirical study of EMR adoption/implementation and interoperability challenges in Dubai.,True
R1199,A_incl_fulltext,PubMed,Overcoming Electronic Medical Records Adoption Challenges in Saudi Arabia.,2024,10.7759/cureus.53827,PASS,PASS,Review of EMR adoption barriers/facilitators at national/organizational level in Saudi Arabia.,True
R1211,A_incl_fulltext,PubMed,Barriers to Creating Scalable Business Models for Digital Health Innovation in Public Systems: Qualitative Case Study.,2020,10.2196/20579,PASS,EXCLUDE,"General digital health SME/business-model barriers, not EHR/HIE interoperability adoption.",False
R1243,A_incl_fulltext,PubMed,"Perceptions of and barriers to health information exchange use among emergency medicine and inpatient internal medicine clinicians in the Atlanta, Georgia metropolitan region.",2025,10.1093/jamiaopen/ooaf131,PASS,PASS,Empirical study of HIE utilization and barriers among clinicians at organizational level.,True
R1271,A_incl_fulltext,PubMed,Technology adoption of electronic medical records in developing economies: A systematic review on physicians' perspective.,2024,10.1177/20552076231224605,PASS,PASS,"Systematic review on EMR adoption determinants among physicians, organizational level, 2024.",True
R1340,A_incl_fulltext,PubMed,Identifying and Addressing Barriers to Implementing Core Electronic Health Record Use Metrics for Ambulatory Care: Virtual Consensus Conference Proceedings.,2023,10.1055/a-2187-3243,PASS,EXCLUDE,"About implementing EHR usage-metrics standards, not adoption/implementation of EHR/HIE interoperability.",False
R1345,A_incl_fulltext,PubMed,Determinants predicting the electronic medical record adoption in healthcare: A SEM-Artificial Neural Network approach.,2022,10.1371/journal.pone.0272735,PASS,PASS,"EMR adoption determinants among healthcare providers/facilities, organizational-level empirical study.",True
R1346,A_incl_fulltext,PubMed,"Reusing routine electronic health record data for nationwide COVID-19 surveillance in nursing homes: barriers, facilitators, and lessons learned.",2024,10.1186/s12911-024-02818-3,PASS,PASS,"National EHR data reuse initiative; barriers/facilitators at institutional/national level, empirical study.",True
R1360,A_incl_fulltext,PubMed,Adoption of electronic medical records in developing countries-A multi-state study of the Nigerian healthcare system.,2022,10.3389/fdgth.2022.1017231,PASS,PASS,"EMR adoption determinants among clinicians/facilities, organizational-level empirical study, Nigeria, 2022.",True
R1415,A_incl_fulltext,PubMed,Electronic medical record implementation for a healthcare system caring for homeless people.,2019,10.1093/jamiaopen/ooy046,PASS,PASS,"Organizational EMR implementation case study; addresses workflow, training, adoption determinants at healthcare system l",True
R1428,A_incl_fulltext,PubMed,Integration of Screening and Referral Tools for Social Determinants of Health and Modifiable Lifestyle Factors in the Epic Electronic Health Record System: Scoping Review.,2025,10.2196/73615,PASS,EXCLUDE,"Focus is SDOH/lifestyle screening tools, not EHR interoperability adoption per se.",False
R1431,A_incl_fulltext,PubMed,Electronic Medical Records implementation in hospital: An empirical investigation of individual and organizational determinants.,2020,10.1371/journal.pone.0234108,PASS,PASS,"EMR implementation determinants at hospital/organizational level, empirical, 2020.",True
R1448,A_incl_fulltext,PubMed,Implementation of electronic medical records at an Emergency Medicine Department in Tanzania: The information technology perspective.,2019,10.1016/j.afjem.2019.07.002,PASS,PASS,"EMR implementation at hospital department level, IT/organizational determinants, empirical account, 2019.",True
R1450,A_incl_fulltext,PubMed,"Benefits, facilitators, and barriers of electronic medical records implementation in outpatient settings: A scoping review.",2024,10.1177/08404704231224070,PASS,PASS,Scoping review on EMR implementation barriers/facilitators in outpatient organizational settings.,True
R1453,A_incl_fulltext,PubMed,An Approach to Potentially Increasing Adoption of an Artificial Intelligence-Enabled Electronic Medical Record Encounter in Canadian Primary Care: Protocol for a User-Centered Design.,2024,10.2196/54365,PASS,EXCLUDE,"Protocol for AI encounter module design, not interoperability adoption at org/system level.",False
R1477,A_incl_fulltext,PubMed,Assessment of implementation challenges of electronic medical record in Yekatit 12 hospital medical college.,2025,10.1371/journal.pone.0329896,PASS,PASS,"Empirical study on organizational-level EMR implementation challenges at a hospital, 2025.",True
R1487,A_incl_fulltext,PubMed,The Value of Electronic Medical Record Implementation in Mental Health Care: A Case Study.,2017,10.2196/medinform.6512,PASS,EXCLUDE,"Single-facility EMR case study on care quality outcomes, not adoption determinants.",False
R1497,A_incl_fulltext,PubMed,An Assessment of Success Factors and Challenges in Implementation of Electronic Medical Record System in Referral Hospital in Northern Tanzania.,2023,10.24248/eahrj.v7i2.741,PASS,PASS,"Organizational-level EMR implementation determinants, empirical study, hospital setting, 2023.",True
R1547,A_incl_fulltext,PubMed,"A Community-Based, Mobile Electronic Medical Record System App for High-Quality, Integrated Antiretroviral Therapy in Lilongwe, Malawi: Design Process and Pilot Implementation.",2023,10.2196/48671,PASS,EXCLUDE,"Single-disease (HIV/ART) community app, not org-level EHR/HIE interoperability determinant study.",False
R1549,A_incl_fulltext,PubMed,Differences in changes of data completeness after the implementation of an electronic medical record in three surgical departments of a German hospital-a longitudinal comparative document analysis.,2024,10.1186/s12911-024-02667-0,PASS,EXCLUDE,"Studies data quality/completeness impact of EMR, not adoption determinants.",False
R1558,A_incl_fulltext,PubMed,"Attitudes toward implementation of electronic medical record and its associated factors among health professional workers in selected public hospitals in Addis Ababa, Ethiopia, 2023: A multi-center cross-sectional study.",2024,10.1177/20552076241277034,PASS,PASS,"EMR implementation determinants among health workers at hospital/organizational level, empirical study.",True
R1560,A_incl_fulltext,PubMed,"Barriers and facilitators to Electronic Medical Records usage in the Emergency Centre at Komfo Anokye Teaching Hospital, Kumasi-Ghana.",2017,10.1016/j.afjem.2017.05.002,PASS,PASS,Empirical study of barriers/facilitators to EMR implementation at hospital (organizational) level.,True
R1569,A_incl_fulltext,PubMed,Perception and barriers to electronic medical record use among physicians and nurses in General Hospitals in Lagos State.,2025,10.4314/ahs.v25i3.20,PASS,PASS,"EMR adoption barriers at organizational level in Lagos hospitals, empirical, 2025.",True
R0003,B_incl_abstract,PubMed,HITECH Act Drove Large Gains In Hospital Electronic Health Record Adoption.,2017,10.1377/hlthaff.2016.1651,PASS,PASS,National-level empirical study of EHR adoption determinants (HITECH policy incentive).,True
R0013,B_incl_abstract,PubMed,Selection and Implementation of an Electronic Health Record.,2017,10.1016/j.pmrj.2017.02.007,PASS,PASS,"Covers organizational-level EHR selection and implementation process, empirical/practical guidance, post-2015.",True
R0022,B_incl_abstract,PubMed,Development and Implementation of the DHAPP Military eHealth Information Network System.,2017,10.2174/1570162X15666170517093714,PASS,PASS,"EMR/eHealth implementation across 14 countries, national/organizational level, empirical, 2017.",True
R0039,B_incl_abstract,PubMed,The Adoption of the Electronic Health Record by Physicians.,2019,10.1055/s-0039-1695006,PASS,PASS,"EHR adoption determinants among physicians at organizational level, empirical, 2019.",True
R0091,B_incl_abstract,PubMed,Implementation of a Naloxone Best Practice Advisory Into an Electronic Health Record.,2023,10.1097/ADM.0000000000001102,PASS,EXCLUDE,"Single clinical decision-support alert for naloxone, not EHR/HIE adoption/implementation study.",False
R0107,B_incl_abstract,PubMed,Challenges and Hurdles of eHealth Implementation in Developing Countries.,2015,,PASS,PASS,"Empirical survey on national-level eHealth implementation barriers in developing countries, 2015.",True
R0115,B_incl_abstract,PubMed,Assessing electronic health record implementation challenges using item response theory.,2016,,PASS,PASS,"Empirical study of hospital-level EHR implementation challenges/barriers, national survey data, 2016.",True
R0132,B_incl_abstract,PubMed,Hospital Adoption of Health Information Technology to Support Public Health Infrastructure.,2016,10.1097/PHH.0000000000000198,PASS,PASS,"Organizational-level hospital adoption of health-IT interoperability capabilities; empirical study, 2016.",True
R0153,B_incl_abstract,PubMed,Towards lifetime electronic health record implementation.,2015,,PASS,PASS,Reviews national-level determinants/preconditions for implementing lifetime electronic health records (EHR interoperabil,True
R0196,B_incl_abstract,PubMed,Assessing the Fidelity of Electronic Health Record Implementation Using SatuSehat Platform in Indonesia.,2025,10.3233/SHTI251128,PASS,PASS,"National EHR interoperability platform implementation/adoption fidelity study, Indonesia, 2025.",True
R0200,B_incl_abstract,PubMed,The Association of Electronic Health Record Adoption with Staffing Mix in Community Health Centers.,2017,10.1111/1475-6773.12648,PASS,EXCLUDE,"Studies EHR adoption's effect on staffing mix, not determinants of adoption/implementation.",False
R0220,B_incl_abstract,PubMed,Recommendations for health information technology implementation in rural hospitals.,2016,10.1108/IJHCQA-09-2015-0115,PASS,EXCLUDE,"Study is HIT usability/workflow analysis, not adoption/implementation determinants at organizational level.",False
R0225,B_incl_abstract,PubMed,MHS Genesis Implementation: Strategies in Support of Successful EHR Conversion.,2020,10.1093/milmed/usaa184,PASS,PASS,Review of EHR implementation success/barrier factors at large health-system organizational level.,True
R0235,B_incl_abstract,PubMed,Implementation of Nationwide Electronic Health Record in Albania: A Case Study.,2017,,PASS,PASS,"National-level EHR implementation case study, Albania, meets scope criteria.",True
R0240,B_incl_abstract,PubMed,Effectiveness of EHR systems on decision support in primary healthcare: a technology acceptance model 3 perspective.,2024,10.1108/JHOM-07-2024-0296,PASS,PASS,Examines EHR implementation barriers/effectiveness at healthcare facility (organizational) level in Tanzania.,True
R0241,B_incl_abstract,PubMed,Environmental market factors associated with electronic health record adoption among cancer hospitals.,2018,10.1097/HMR.0000000000000149,PASS,PASS,"Organizational-level EHR adoption determinants study among hospitals, empirical, 2018.",True
R0245,B_incl_abstract,PubMed,Exploring Health Information Exchange Implementation Using Qualitative Assessments of Nursing Home Leaders.,2016,,PASS,PASS,Qualitative study of HIE implementation determinants in nursing home organizations.,True
R0252,B_incl_abstract,PubMed,"Electronic Health Record Adoption In US Hospitals: Progress Continues, But Challenges Persist.",2015,10.1377/hlthaff.2015.0992,PASS,PASS,"National-level EHR adoption trends/barriers in US hospitals, empirical study.",True
R0253,B_incl_abstract,PubMed,Implementation of Health Information Exchange at the Pima County Adult Detention Complex: Lessons Learned.,2018,10.1177/1078345818764127,PASS,PASS,"Empirical study of HIE implementation at organizational (correctional facility) level, 2018.",True
R0254,B_incl_abstract,PubMed,Variation In Rural Health Information Technology Adoption And Use.,2016,10.1377/hlthaff.2015.0861,PASS,PASS,Examines organizational-level HIT/EHR adoption and meaningful-use variation among rural providers.,True
R0259,B_incl_abstract,PubMed,Human Factors of EHR Adoption in Saudi Primary Healthcare.,2022,10.3233/SHTI220512,PASS,PASS,"Organizational-level EHR adoption determinants in Saudi primary healthcare, empirical survey.",True
R0279,B_incl_abstract,PubMed,Electronic Health Record Adoption among Obstetrician/Gynecologists in the United States: Physician Practices and Satisfaction.,2017,10.1111/jhq.12072,PASS,PASS,"Physician-level EHR adoption/implementation study, organizational-level determinants, empirical, 2017.",True
R0299,B_incl_abstract,PubMed,An International Perspective on Health Information Exchange: Adoption in OECD Countries With Different Health Care System Configurations.,2020,10.1177/1077558719858245,PASS,PASS,Cross-country HIE adoption analysis linking health system configuration and institutional factors.,True
R0300,B_incl_abstract,PubMed,Obstacles to Successful Implementation of eHealth Applications into Clinical Practice.,2018,,PASS,EXCLUDE,"General eHealth implementation barriers, not EHR/HIE/interoperability-specific.",False
R0310,B_incl_abstract,PubMed,Accelerated Adoption of Advanced Health Information Technology in Beacon Community Health Centers.,2015,10.3122/jabfm.2015.05.150034,PASS,PASS,"Organizational-level EHR adoption determinants (funding, technical assistance) in health centers, empirical study.",True
R0352,B_incl_abstract,PubMed,Provider Adoption of an Online Attention Deficit Hyperactivity Disorder eHealth Care Application.,2025,10.1055/a-2562-1161,PASS,EXCLUDE,"Single-condition (ADHD) ehealth app adoption, not general EHR/HIE interoperability.",False
R0353,B_incl_abstract,PubMed,The journey through grief: insights from a qualitative study of electronic health record implementation.,2015,10.1111/1475-6773.12227,PASS,PASS,Qualitative study of organizational EHR implementation facilitators/barriers among physicians.,True
R0368,B_incl_abstract,PubMed,EHR System MojTermin: Implementation and Initial Data Analysis.,2015,,PASS,PASS,"National e-health system implementation, empirical data on adoption/implementation, 2015.",True
R0387,B_incl_abstract,PubMed,Development of a tripolar model of technology acceptance: Hospital-based physicians' perspective on EHR.,2017,10.1016/j.ijmedinf.2017.02.013,PASS,PASS,"Empirical study of physician-level determinants of EHR acceptance/implementation in hospitals, 2017.",True
R0388,B_incl_abstract,PubMed,The Role of Nurse Managers in the Adoption of Health Information Technology: Findings From a Qualitative Study.,2019,10.1097/NNA.0000000000000810,PASS,EXCLUDE,"Studies nurse-level health IT use/management strategies, not EHR/HIE interoperability adoption at org level.",False
R0395,B_incl_abstract,PubMed,A Model of Tradeoffs for Understanding Health Information Technology Implementation.,2015,,PASS,PASS,"Framework for HIT implementation determinants/trade-offs at organizational level, empirical case study.",True
R0414,B_incl_abstract,PubMed,INTEROPERABILITY IN PERUVIAN BLOOD BANKS: PERCEPTION AND CHALLENGES FOR THE IMPLEMENTATION OF AN INTEGRATED INFORMATION SYSTEM.,2025,,PASS,PASS,"Health-IT interoperability implementation study, organizational level, healthcare professionals, empirical, 2025.",True
R0417,B_incl_abstract,PubMed,Cultural Problems Associated with the Implementation of eHealth.,2017,,PASS,PASS,"Examines organizational cultural barriers to eHealth implementation, empirical survey, 2017.",True
R0425,B_incl_abstract,PubMed,eHealth in Wound Care: from conception to implementation.,2015,10.12968/jowc.2015.24.Sup5.S1,PASS,EXCLUDE,"Telemedicine/telehealth for single-condition wound care, not EHR/HIE interoperability.",False
R0430,B_incl_abstract,PubMed,Implementation of Fast Healthcare Interoperability Resources for an Integration of Laboratory and Hospital Information Systems.,2018,,PASS,PASS,"FHIR-based lab-hospital system integration implementation, empirical, 2018, org-level interoperability.",True
R0431,B_incl_abstract,PubMed,"An Approach for Enhancing Adoption, Use and Utility of Shared Digital Health Records in Rural Australian Communities.",2017,,PASS,PASS,Studies adoption/implementation of national shared EHR (MyHR) at community/system level.,True
R0435,B_incl_abstract,PubMed,Are we doing it right? We need to evaluate the current approaches for implementation of digital health systems.,2021,10.1071/AH20289,PASS,PASS,Reviews implementation/project management approaches for health-IT systems at organizational/system level.,True
R0438,B_incl_abstract,PubMed,Challenges in user-driven optimization of EHR: A case study of a large Epic implementation in Denmark.,2021,10.1016/j.ijmedinf.2021.104394,PASS,PASS,"Organizational-level EHR post-implementation optimization case study, empirical, hospital system, 2021.",True
R0471,B_incl_abstract,PubMed,The Challenge of EHR Acceptance by Physicians.,2015,,PASS,PASS,"Discusses organizational-level EHR adoption/implementation determinants among physicians, empirical/practice-focused, 20",True
R0479,B_incl_abstract,PubMed,Managing User Needs During the EHR Implementation in Buenos Aires City: The HelpDesk Role.,2017,,PASS,PASS,"City-scale EHR implementation support/change management, organizational level, 2017.",True
R0483,B_incl_abstract,PubMed,Usage of and Attitudes Toward Health Information Exchange Before and After System Implementation in a VA Medical Center.,2019,,PASS,PASS,"HIE implementation study, organizational level, attitudes/adoption assessed, 2019.",True
R0533,B_incl_abstract,PubMed,Implementation of an HIV Case Based Surveillance Using Standards-Based Health Information Exchange in Rwanda.,2024,10.3233/SHTI231090,PASS,PASS,Implements HIE/interoperability for HIV surveillance at national system level in Rwanda.,True
R0540,B_incl_abstract,PubMed,Adoption of Electronic Health Record System in Community-Based Physiotherapy Clinics: A Pilot Case Study.,2017,,PASS,PASS,Organizational-level EHR/iEHR implementation study examining adoption barriers/facilitators in clinics.,True
R0558,B_incl_abstract,PubMed,Invisible work and changing roles: Health information technology implementation and reorganization of work practices for the inpatient nursing team.,2019,10.1016/j.socscimed.2019.112387,PASS,EXCLUDE,"Focuses on work role reorganization post-implementation, not adoption/implementation determinants at org level.",False
R0576,B_incl_abstract,PubMed,Recommendations for Enhancing the Implementation and Utility of Shared Digital Health Records in Rural Australian Communities.,2018,,PASS,PASS,Examines national shared EHR (My Health Record) implementation/adoption barriers in rural communities.,True
R0583,B_incl_abstract,PubMed,The implementation of an electronic health record: Comparing preparations for Epic in Norway with experiences from the UK and Denmark.,2019,10.1016/j.ijmedinf.2019.06.026,PASS,PASS,"EHR (Epic) implementation across national/organizational levels, empirical study, 2019.",True
R0586,B_incl_abstract,PubMed,"Tracking the Implementation of Electronic Medical Records in Dubai, United Arab Emirates, Using an Adoption Benchmarking Tool.",2017,,PASS,PASS,"EMR adoption benchmarking across hospitals in Dubai, organizational/national level.",True
R0592,B_incl_abstract,PubMed,Hospital adoption of electronic health record functions to support age-friendly care: results from a national survey.,2020,10.1093/jamia/ocaa129,PASS,PASS,"National survey of hospital EHR function adoption, organizational level, empirical.",True
R0593,B_incl_abstract,PubMed,Electronic Health Record Adoption and Nurse Reports of Usability and Quality of Care: The Role of Work Environment.,2019,10.1055/s-0039-1678551,PASS,EXCLUDE,"Studies EHR adoption's effect on usability/quality outcomes, not determinants of adoption itself.",False
R0608,B_incl_abstract,PubMed,Incorporating human factors methods into the configuration and implementation of an electronic health record system.,2026,10.1177/08404704251355226,PASS,PASS,"Empirical account of EHR implementation project, organizational-level, human factors methods, 2015+.",True
R0617,B_incl_abstract,PubMed,Barriers to Pediatric Health Information Exchange.,2017,10.1542/peds.2016-2653,PASS,EXCLUDE,No abstract; title alone insufficient to confirm organizational-level empirical HIE study.,False
R0741,B_incl_abstract,PubMed,Interoperability of Health Information Systems in Low and Middle-Income Countries (LMIC): Implementation of Cluster Care System.,2025,10.3233/SHTI250736,PASS,PASS,"Framework/implementation of interoperable HIS at national/system level, LMIC context.",True
R0823,B_incl_abstract,PubMed,Development and implementation of a digital health intervention in routine care for long COVID patients: a comprehensive synopsis.,2025,10.3310/GJHG0331,PASS,EXCLUDE,"Single-condition (long COVID) digital health intervention, not EHR/HIE interoperability.",False
R0895,B_incl_abstract,PubMed,Identifying Barriers That Prevent the Usage of Health Information Exchange in Ohio.,2020,10.1177/8755122520924607,PASS,PASS,"Examines HIE adoption barriers among pharmacists/providers, organizational-level determinants, 2020, empirical.",True
R0934,B_incl_abstract,PubMed,Perceived critical success factors of electronic health record system implementation in a dental clinic context: An organisational management perspective.,2017,10.1016/j.ijmedinf.2017.08.007,PASS,PASS,"Organizational-level EHR implementation success factors, national system, empirical study, 2017.",True
R0937,B_incl_abstract,PubMed,The new European interoperability framework as a facilitator of digital transformation for citizen empowerment.,2019,10.1016/j.jbi.2019.103166,PASS,PASS,National/EU-level interoperability framework for eHealth/PHR adoption and implementation.,True
R0942,B_incl_abstract,PubMed,Resource-based view on safety culture's influence on hospital performance: The moderating role of electronic health record implementation.,2020,10.1097/HMR.0000000000000217,PASS,EXCLUDE,"Focuses on safety culture/performance outcomes, not EHR adoption determinants.",False
R0965,B_incl_abstract,PubMed,Legal Barriers to the Growth of Health Information Exchange-Boulders or Pebbles?,2018,10.1111/1468-0009.12313,PASS,PASS,Legal/policy determinants of HIE adoption at national/state system level.,True
R0988,B_incl_abstract,PubMed,Implementation of a Medication Reconciliation Risk Stratification Tool Integrated within an electronic health record: A Case Series of Three Academic Medical Centers.,2022,10.1016/j.hjdsi.2022.100654,PASS,EXCLUDE,"Single clinical-tool (med reconciliation) implementation, not EHR/HIE interoperability adoption.",False
R0997,B_incl_abstract,PubMed,Implementation of Electronic Health Record Integration and Clinical Decision Support to Improve Emergency Department Prescription Drug Monitoring Program Use.,2024,10.1016/j.annemergmed.2023.07.002,PASS,EXCLUDE,"EHR-integrated clinical decision support for opioid/PDMP use, single-condition clinical intervention, not interoperabili",False
R1059,B_incl_abstract,PubMed,Barriers to Health Information Exchange Among Ambulatory Physicians: Results From a Nationally Representative Sample.,2023,10.1097/JHQ.0000000000000404,PASS,PASS,"National survey of physicians' HIE adoption barriers; organizational/national level, empirical.",True
R1079,B_incl_abstract,PubMed,Interoperability Barriers in the European Health Data Space: A Scoping Review.,2026,10.3233/SHTI260408,PASS,EXCLUDE,"Year 2026 exceeds current scope; otherwise fits, but date disqualifies inclusion criteria.",False
R1081,B_incl_abstract,PubMed,Sustained User Engagement in Health Information Technology: The Long Road from Implementation to System Optimization of Computerized Physician Order Entry and Clinical Decision Support Systems for Prescribing in Hospitals in England.,2017,10.1111/1475-6773.12581,PASS,PASS,"Organizational-level implementation study of CPOE/CDS health-IT in hospitals, empirical qualitative design.",True
R1158,B_incl_abstract,PubMed,Investment subsidies and the adoption of electronic medical records in hospitals.,2015,10.1016/j.jhealeco.2015.10.001,PASS,PASS,"Empirical study of hospital-level EMR adoption determinants (financial incentives), 2015.",True
R1165,B_incl_abstract,PubMed,Barriers and facilitators to a health information exchange system between general practitioners and hospitals: a qualitative study in Southern Switzerland.,2021,10.4414/smw.2021.w30063,PASS,PASS,"Qualitative study on HIE adoption barriers/facilitators among GPs, organizational level.",True
R1204,B_incl_abstract,PubMed,"An evidence-based strategy to achieve equivalency and interoperability for social-behavioral determinants of health assessment, storage, exchange, and use.",2020,10.1177/1460458219882265,PASS,EXCLUDE,"Focuses on SDOH data scoring/terminology strategy, not EHR/HIE adoption determinants.",False
R1223,B_incl_abstract,PubMed,"Integrating the Electronic Health Record into Behavioral Health Encounters: Strategies, Barriers, and Implications for Practice.",2017,10.1007/s10488-015-0676-3,PASS,EXCLUDE,"Individual clinician-patient encounter use, not organizational/institutional adoption determinants.",False
R1307,B_incl_abstract,PubMed,Regional differences in electronic medical record adoption in Japan: A nationwide longitudinal ecological study.,2018,10.1016/j.ijmedinf.2018.05.002,PASS,PASS,"National-level empirical study of EMR adoption determinants across regions, 2018.",True
R1335,B_incl_abstract,PubMed,Success Factors of an Early EHR System for Child and Adolescent Mental Health: Lessons Learned for Future Practice Data-Driven Decision Aids.,2022,10.3233/SHTI220057,PASS,PASS,National-level EHR system success factors and implementation lessons for CAMHS.,True
R1337,B_incl_abstract,PubMed,Implementation of a Regional Standardised Model for Perinatal Electronic Medical Records.,2022,10.1007/s10916-022-01888-y,PASS,PASS,"Regional EMR implementation across six hospitals, standardized model, organizational-level determinants.",True
R1398,B_incl_abstract,PubMed,The interaction between high-level electronic medical record adoption and hospitalist staffing levels: A focus on value-based purchasing.,2022,10.1177/09514848211001696,PASS,EXCLUDE,"Studies EMR adoption's effect on hospital performance, not determinants of adoption itself.",False
R1419,B_incl_abstract,PubMed,Factors Influencing Implementation of an Electronic Medical Record in a Tertiary Cancer Centre.,2019,10.3233/SHTI190779,PASS,PASS,Organizational-level empirical study of EMR implementation barriers/enablers at cancer centre.,True
R1437,B_incl_abstract,PubMed,Exploring Factors Affecting Voluntary Adoption of Electronic Medical Records Among Physicians and Clinical Assistants of Small or Solo Private General Practice Clinics.,2018,10.1007/s10916-018-0971-0,PASS,PASS,"Empirical study on organizational-level EMR adoption factors in private clinics, 2018.",True
R1441,B_incl_abstract,PubMed,"Implementation of electronic medical records requires more than new software: Lessons on integrating and managing health technologies from Mbarara, Uganda.",2015,10.1016/j.hjdsi.2015.08.006,PASS,PASS,EMR implementation lessons at organizational/institutional level in Uganda healthcare setting.,True
R1498,B_incl_abstract,PubMed,Site readiness assessment preceding the implementation of a HIV care and treatment electronic medical record system in Kenya.,2018,10.1016/j.ijmedinf.2017.10.019,PASS,PASS,"Facility-level readiness assessment for EMR implementation determinants, organizational level.",True
R1527,B_incl_abstract,PubMed,Allied health professionals' experiences and lessons learned in response to a big bang electronic medical record implementation: A prospective observational study.,2023,10.1016/j.ijmedinf.2023.105094,PASS,PASS,"Organizational-level EMR implementation study assessing clinician acceptance, usability, workflow impact.",True
R1530,B_incl_abstract,PubMed,Haiti’s National HIV Quality Management Program and the Implementation of an Electronic Medical Record to Drive Improvement in Patient Care.,2020,10.1007/978-3-030-43112-9_4,PASS,PASS,"National EMR (iSanté) implementation for HIV care, system-level determinants/deployment described.",True
R1571,B_incl_abstract,PubMed,Understanding nurses' perceptions of barriers and enablers to use of a new electronic medical record system in Australia: A qualitative study.,2022,10.1016/j.ijmedinf.2021.104654,PASS,PASS,"EMR implementation barriers/enablers at organizational level, empirical qualitative study, 2022.",True
R1578,B_incl_abstract,PubMed,Success factors for implementing and sustaining a mature electronic medical record in a low-resource setting: a case study of iSanté in Haiti.,2018,10.1093/heapol/czx171,PASS,PASS,"National EMR implementation/sustainability determinants case study, organizational/national level.",True
R1587,B_incl_abstract,IEEE,An analysis of the adoption of health information exchange under network effects,2017,10.1109/ICSSSM.2017.7996261,PASS,PASS,"Studies hospital-level HIE adoption determinants (network/competitive effects); organizational level, empirical/framewor",True
R1589,B_incl_abstract,IEEE,Barriers and Facilitators of Health Information Exchange (HIE) Adoption in the United States,2015,10.1109/HICSS.2015.356,PASS,PASS,"Review of HIE adoption barriers/facilitators, organizational/national level, US, 2015.",True
R1591,B_incl_abstract,IEEE,Implementation of a city-wide Health Information Exchange solution in the largest metropolitan region in China,2016,10.1109/BIBM.2016.7822626,PASS,PASS,"City-wide HIE implementation in Shanghai, organizational/system-level, empirical case description.",True
R1594,B_incl_abstract,IEEE,A Preliminary Implementation of HL7 FHIR to Achieve Interoperability in Indonesia's Local EHR,2020,10.1109/ICT49546.2020.9239534,PASS,EXCLUDE,"Technical FHIR implementation/prototype study, not adoption/determinants at organizational level.",False
R1596,B_incl_abstract,IEEE,A Cross-Country Comparison of Success Factor Priorities for Health Information Technology Managers: Evidence of Convergence in the Nordic Countries,2015,10.1109/HICSS.2015.342,PASS,PASS,Cross-country survey on HIT implementation success factors at organizational level.,True
R1607,B_incl_abstract,IEEE,Towards Federated Health Information Exchange Architecture in Indonesia: Design and Implementation,2025,10.1109/ICIMTech67074.2025.11264924,PASS,PASS,"HIE architecture design/implementation, national-level, Indonesia case study, 2025.",True
R1623,B_incl_abstract,IEEE,The Country's Implementation and Adoption of Standardized Health Terminologies to Promote Interoperability: A Systematic Literature Review,2023,10.1109/ICIMTech59029.2023.10278050,PASS,PASS,Systematic review on national-level adoption of standardized health terminologies for interoperability.,True
R1647,B_incl_abstract,IEEE,Factors Affecting e-Health Adoption in South African Public Hospitals: A Case of Edendale Hospital,2021,,PASS,PASS,"Organizational-level e-health adoption determinants in a public hospital, empirical study.",True
R1665,B_incl_abstract,IEEE,"Legal, Ethical, Financial, and Technological (LEFT) Considerations for eHealth Implementation in Europe: Developing a Roadmap",2024,10.1109/HealthCom60970.2024.10880735,PASS,PASS,Framework for eHealth implementation determinants (legal/ethical/financial/tech) at system level.,True
R0011,C_fulltext_excl,PubMed,"Beyond ""implementation"": digital health innovation and service design.",2018,10.1038/s41746-018-0059-8,PASS,EXCLUDE,"Commentary on generic digital health service design, not EHR/HIE-specific interoperability.",False
R0035,C_fulltext_excl,PubMed,Implementation and Analysis of an Institution-Wide EHR-Integrated Handoff Note.,2022,10.3233/SHTI220103,PASS,EXCLUDE,"Single clinical workflow tool feature, not adoption/implementation of EHR/HIE interoperability system.",False
R0106,C_fulltext_excl,PubMed,Enhancing nursing home quality through electronic health record implementation.,2025,10.1177/18333583241274010,PASS,EXCLUDE,"Studies EHR's impact on care quality outcomes, not adoption determinants.",False
R0131,C_fulltext_excl,PubMed,Health Information Technology Adoption in the Emergency Department.,2016,10.1111/1475-6773.12307,PASS,EXCLUDE,"Studies effect on ED efficiency/resource use, not adoption determinants.",False
R0155,C_fulltext_excl,PubMed,The impact of e-health system implementation on UNWRA health services: an observational study.,2021,10.1016/S0140-6736(21)01503-8,PASS,EXCLUDE,"Assesses EHR impact on care outcomes, not adoption/implementation determinants.",False
R0204,C_fulltext_excl,PubMed,"Predicting Electronic Health Record Usability: Scoping Review of Adoption Models, Metrics, and Future Directions.",2026,10.2196/86076,PASS,PASS,"Scoping review of EHR adoption models/determinants, organizational/system level, empirical.",True
R0207,C_fulltext_excl,PubMed,Acceptance of electronic referrals across the Kingdom of Saudi Arabia: results from a national e-health database.,2024,10.3389/fpubh.2024.1337138,PASS,EXCLUDE,"Studies e-referral acceptance rates/patient factors, not organizational adoption/implementation determinants.",False
R0365,C_fulltext_excl,PubMed,"The Relationship Between Magnet Designation, Electronic Health Record Adoption, and Medicare Meaningful Use Payments.",2017,10.1097/CIN.0000000000000336,PASS,PASS,"Organizational-level EHR adoption determinants (Magnet status) across US hospitals, empirical study.",True
R0367,C_fulltext_excl,PubMed,CLUSTERING AND PRIORITIZING PATIENT SAFETY ISSUES DURING EHR IMPLEMENTATION AND UPGRADES IN HOSPITAL SETTINGS.,2017,10.1177/2327857917061028,PASS,EXCLUDE,"Focuses on patient safety issue clustering, not adoption/implementation determinants at organizational level.",False
R0373,C_fulltext_excl,PubMed,"Development, implementation, and initial evaluation of a foundational open interoperability standard for oncology treatment planning and summarization.",2015,10.1093/jamia/ocu015,PASS,EXCLUDE,"Disease-specific (oncology) data standard development, not general EHR/HIE adoption/implementation study.",False
R0409,C_fulltext_excl,PubMed,Comparing the Trends of Electronic Health Record Adoption Among Hospitals of the United States and Japan.,2019,10.1007/s10916-019-1361-y,PASS,PASS,"Cross-national empirical study of EHR adoption trends at hospital/national level, 2019.",True
R0423,C_fulltext_excl,PubMed,Responding to change: Could co-design overcome the complexities of electronic health record implementation?,2023,10.1111/medu.14990,PASS,PASS,"EHR implementation study, co-design as determinant/approach, organizational level, 2023.",True
R0424,C_fulltext_excl,PubMed,"A Longitudinal Analysis of Institutional Adoption, Use, and Dissemination of an EHR Vendor-Based Data Sharing Program.",2025,10.3233/SHTI250820,PASS,PASS,Studies institutional adoption/use of EHR-vendor data-sharing collaborative (Cosmos) longitudinally.,True
R0427,C_fulltext_excl,PubMed,Call for implementation research: cross-continental partnership experiences from the Trans-African Digital e-Health Network (i-STARC Project).,2023,10.1136/ijgc-2021-003274,PASS,EXCLUDE,"Title indicates partnership/call-for-research commentary, not empirical study of eHealth interoperability adoption.",False
R0441,C_fulltext_excl,PubMed,"Correspondence to ""Conceptualizing Patient as an Organization with the Adoption of Digital Health"".",2024,10.1177/11795972241293514,PASS,EXCLUDE,"Correspondence/editorial piece, not empirical study of EHR/HIE adoption.",False
R0484,C_fulltext_excl,PubMed,Personnel key to successful EHR implementation.,2015,,PASS,EXCLUDE,Insufficient information from title alone; no abstract to confirm scope/design/level.,False
R0491,C_fulltext_excl,PubMed,The heroes among us: Leveraging Africa's youth for effective digital health implementation in communities.,2025,10.1371/journal.pdig.0000954,PASS,EXCLUDE,"No abstract; title suggests community youth engagement, not org/national eHealth interoperability determinants.",False
R0492,C_fulltext_excl,PubMed,"Digital Health Technology Adoption Depends On Tech Comfort Level, Willingness to Pay.",2015,,PASS,EXCLUDE,"Appears consumer tech comfort/willingness-to-pay study, not organizational EHR/HIE adoption.",False
R0493,C_fulltext_excl,PubMed,Critical Success Factors for a Successful EHR Implementation for Physicians Practices.,2015,,PASS,EXCLUDE,No abstract; title alone insufficient to confirm organizational-level empirical/review study.,False
R0495,C_fulltext_excl,PubMed,Effects of HIE/HIT Implementation and Coordination of Care on Health Outcomes and Quality.,2015,,PASS,EXCLUDE,"Focuses on health outcomes/care quality effects, not adoption/implementation determinants.",False
R0498,C_fulltext_excl,PubMed,HOW FAR TO TRUE INTEROPERABILITY? Efforts ramp up to overcome barriers preventing the exchange of digital health information.,2015,,PASS,PASS,"Discusses barriers to health information exchange interoperability, systemic level, 2015.",True
R0512,C_fulltext_excl,PubMed,Long-term care needs guidance for the implementation of digital health technologies.,2023,10.1093/ageing/afad223,PASS,EXCLUDE,"Long-term care digital health technologies broadly, not specifically EHR/HIE interoperability.",False
R0594,C_fulltext_excl,PubMed,"Adoption of Certified Electronic Health Record Systems and Electronic Information Sharing in Physician Offices: United States, 2013 and 2014.",2016,,PASS,PASS,"National-level EHR adoption and electronic information sharing determinants, empirical survey data.",True
R0602,C_fulltext_excl,PubMed,Barriers to Adoption of Electronic Health Record Systems from the Perspective of Nurses: A Cross-sectional Study.,2022,10.1097/01.NCN.0000830160.90985.f0,PASS,PASS,"EHR adoption barriers, organizational-level, empirical study, 2022, meets scope criteria.",True
R0629,C_fulltext_excl,PubMed,Electronic health record adoption among adult day services: Findings from the national study of long-term care providers.,2023,10.1111/jgs.18549,PASS,PASS,"EHR adoption at organizational level among long-term care providers; empirical, 2023.",True
R0635,C_fulltext_excl,PubMed,Adolescents Are Still Waiting on a Digital Health Revolution: Accelerating Research-to-Practice Translation Through Design for Implementation.,2022,10.1001/jamapediatrics.2022.0500,PASS,EXCLUDE,"Adolescent digital health translation focus, not EHR/HIE organizational-level adoption.",False
R0722,C_fulltext_excl,PubMed,Changes in Medication Errors after Implementation of an Electronic Health Record System in a Canadian Community Hospital.,2026,10.4212/cjhp.3798,PASS,EXCLUDE,"Studies clinical outcome (medication errors) post-EHR, not adoption/implementation determinants.",False
R0764,C_fulltext_excl,PubMed,Successful Implementation of a Perioperative Data Warehouse Using Another Hospital's Published Specification From Epic's Electronic Health Record System.,2021,10.1213/ANE.0000000000004806,PASS,EXCLUDE,"Data warehouse extraction for single institution's technical process, not organizational adoption determinants.",False
R0819,C_fulltext_excl,PubMed,Rapid-Cycle Implementation of a Multi-Organization Registry for Heart Failure with Preserved Ejection Fraction Using Health Information Exchange Standards.,2019,10.3233/SHTI190534,PASS,EXCLUDE,"Single-disease (HFpEF) registry; EHR used as data source, not interoperability adoption study.",False
R0822,C_fulltext_excl,PubMed,Creation and implementation of an electronic health record note for quality improvement in pediatric epilepsy: Practical considerations and lessons learned.,2021,10.1002/epi4.12480,PASS,EXCLUDE,"Single-disease (epilepsy) EHR note for QI, not interoperability adoption/implementation study.",False
R0832,C_fulltext_excl,PubMed,Implementation of Clinical Pharmacogenomics within a Large Health System: From Electronic Health Record Decision Support to Consultation Services.,2016,10.1002/phar.1786,PASS,EXCLUDE,"Single-domain pharmacogenomic decision support tool, not EHR/HIE interoperability adoption.",False
R0842,C_fulltext_excl,PubMed,"Implementation of Certified EHR, Patient Portal, and ""Direct"" Messaging Technology in a Radiology Environment Enhances Communication of Radiology Results to Both Referring Physicians and Patients.",2016,10.1007/s10278-015-9845-x,PASS,PASS,Examines EHR/Direct-messaging interoperability implementation and organizational adoption metrics in radiology.,True
R0855,C_fulltext_excl,PubMed,Implementation challenges of the final rule of Title 42 of the Code of Federal Regulations part 2: can privacy endure in an era of electronic health information exchange?,2018,10.1111/ajad.12667,PASS,PASS,"Discusses HIE implementation/privacy challenges at policy/regulatory level, empirical/framework topic.",True
R0948,C_fulltext_excl,PubMed,Using digital health to facilitate compliance with standardized pediatric cancer treatment guidelines in Tanzania: protocol for an early-stage effectiveness-implementation hybrid study.,2020,10.1186/s12885-020-6611-3,PASS,EXCLUDE,"Single-disease (pediatric cancer) digital case-management tool, not EHR/HIE interoperability.",False
R0967,C_fulltext_excl,PubMed,Chapter 5: Barriers and facilitators for eHealth.,2015,10.12968/jowc.2015.24.Sup5.S25,PASS,EXCLUDE,Title too generic; no evidence of EHR/HIE organizational-level focus or empirical content.,False
R1035,C_fulltext_excl,PubMed,Barriers and Benefits of EHR Usage in Missouri: A Five-Year Journey.,2017,,PASS,EXCLUDE,"No abstract; title suggests general EHR usage study, unclear organizational determinants focus.",False
R1300,C_fulltext_excl,PubMed,Barriers to Local Public Health Chronic Disease Surveillance Through Health Information Exchange: A Capacity Assessment of Health Departments in the Health Information Network of South Texas.,2017,10.1097/PHH.0000000000000465,PASS,PASS,"Assesses organizational barriers/capacity for HIE use in public health, empirical study.",True
R1309,C_fulltext_excl,PubMed,Checklists for Successful Specialty Electronic Medical Record Implementation.,2020,10.1097/01.ASW.0000651948.65952.75,PASS,PASS,"Concerns EMR implementation success factors, organizational level, checklist framework.",True
R1347,C_fulltext_excl,PubMed,Barriers and facilitators to effective electronic health record-based sepsis screening in the pediatric intensive care unit.,2024,10.1093/jamiaopen/ooae048,PASS,EXCLUDE,"Single-disease (sepsis) clinical tool implementation, not general EHR/HIE interoperability.",False
R1413,C_fulltext_excl,PubMed,Implementation and Impact of Psychiatric Electronic Medical Records in a Public Medical Center.,2016,,PASS,EXCLUDE,"Single institution EMR implementation impact study, not interoperability determinants focus.",False
R1436,C_fulltext_excl,PubMed,"The Role of a Nurse Practitioner in a ""Big Bang"" Electronic Medical Record Implementation.",2021,10.1097/CIN.0000000000000729,PASS,EXCLUDE,"Individual role narrative, not organizational determinants/barriers of EMR adoption.",False
R1439,C_fulltext_excl,PubMed,Implementation of Best Practice Alert in an Electronic Medical Record to Limit Lower-Value Inpatient Echocardiograms.,2018,10.1016/j.amjcard.2018.07.017,PASS,EXCLUDE,"Single clinical decision-support alert reducing imaging use, not EHR/HIE adoption/implementation study.",False
R1449,C_fulltext_excl,PubMed,"Navigating medication safety with electronic medical records: insights from a dual-phase implementation in paediatric, neonatal and maternity care.",2025,10.1071/AH24344,PASS,EXCLUDE,"EMR implementation studied as cause of medication safety outcomes, not adoption determinants.",False
R1550,C_fulltext_excl,PubMed,Implementation of a cloud-based electronic medical record exchange system in compliance with the integrating healthcare enterprise's cross-enterprise document sharing integration profile.,2017,10.1016/j.ijmedinf.2017.09.001,PASS,EXCLUDE,"Technical system implementation/performance study, not organizational adoption determinants.",False
R1557,C_fulltext_excl,PubMed,Implementation of the Observational Medical Outcomes Partnership Model in Electronic Medical Record Systems: Evaluation Study Using Factor Analysis and Decision-Making Trial and Evaluation Laboratory-Best-Worst Methods.,2024,10.2196/58498,PASS,PASS,Evaluates EMR data model implementation/quality determinants at organizational/system level.,True
R1590,C_fulltext_excl,IEEE,Research and Implementation of Real World Traditional Chinese Medicine Clinical Scientific Research Information Electronic Medical Record Sharing System,2022,10.1109/BIBM55620.2022.9994972,PASS,PASS,"EHR sharing/interoperability system across TCM institutions, empirical implementation, org/system level.",True
R1678,C_fulltext_excl,IEEE,Developing Fast Healthcare Interoperability Resources Implementation Guide for Indonesian Health Services,2025,10.1109/ICIMTech67074.2025.11265535,PASS,EXCLUDE,"Technical FHIR IG development for one ANC service, not organizational adoption/implementation determinants study.",False
R0018,D_stage2_excl,PubMed,Implementation of digital health technologies for older adults: a scoping review.,2024,10.3389/fragi.2024.1349520,EXCLUDE,EXCLUDE,"Digital health tech (AAL, wearables) for older adults, not EHR/HIE interoperability.",True
R0056,D_stage2_excl,PubMed,Physician EHR Time and Visit Volume Following Adoption of Team-Based Documentation Support.,2024,10.1001/jamainternmed.2024.4123,EXCLUDE,EXCLUDE,"Studies EHR documentation burden/workflow, not adoption/implementation determinants of interoperable eHealth systems.",True
R0060,D_stage2_excl,PubMed,Conceptualizing Patient as an Organization With the Adoption of Digital Health.,2024,10.1177/11795972241277292,EXCLUDE,EXCLUDE,"Patient/consumer-level digital health acceptance study, not organizational EHR/HIE interoperability.",True
R0062,D_stage2_excl,PubMed,Accelerating implementation of adolescent digital health prevention programs: analysis of insights from Australian stakeholders.,2024,10.3389/fpubh.2024.1389739,EXCLUDE,EXCLUDE,"Digital health prevention programs for adolescents, not EHR/HIE interoperability technology.",True
R0065,D_stage2_excl,PubMed,Using an Extended Technology Acceptance Model to Evaluate Digital Health Services.,2022,10.3233/SHTI220782,EXCLUDE,EXCLUDE,"Individual citizen acceptance study of a personal health record service, not organizational-level.",True
R0082,D_stage2_excl,PubMed,Barriers and facilitators to the adoption of digital health interventions for COPD management: A scoping review.,2023,10.1016/j.hrtlng.2023.02.004,EXCLUDE,EXCLUDE,"Single-condition (COPD) digital health interventions, not EHR/HIE interoperability focus.",True
R0104,D_stage2_excl,PubMed,Implementation Strategies to Enhance the Implementation of eHealth Programs for Patients With Chronic Illnesses: Realist Systematic Review.,2019,10.2196/14255,EXCLUDE,EXCLUDE,"Focuses on eHealth interventions for chronic illness patients, not EHR/HIE interoperability.",True
R0161,D_stage2_excl,PubMed,Use and Acceptance of Innovative Digital Health Solutions Among Patients and Professionals: Survey Study.,2025,10.2196/60779,EXCLUDE,EXCLUDE,"Patient/professional acceptance survey of general digital health/telemedicine, not EHR/HIE interoperability.",True
R0168,D_stage2_excl,PubMed,Identifying facilitators of and barriers to the adoption of dynamic consent in digital health ecosystems: a scoping review.,2023,10.1186/s12910-023-00988-9,EXCLUDE,EXCLUDE,"Dynamic consent mechanism, not EHR/HIE interoperability adoption.",True
R0175,D_stage2_excl,PubMed,Placing equity at the heart of eHealth implementation: a qualitative pilot study.,2022,10.1186/s12939-022-01640-5,EXCLUDE,EXCLUDE,"Broad eHealth/telehealth equity study, not EHR/EMR/HIE interoperability specific.",True
R0215,D_stage2_excl,PubMed,What are the determinants of older people adopting communicative e-health services: a meta-ethnography.,2024,10.1186/s12913-023-10372-3,EXCLUDE,EXCLUDE,"Patient/consumer-level acceptance study of communicative e-health, not EHR/HIE interoperability at organizational level.",True
R0219,D_stage2_excl,PubMed,The Role of Health Information Technology in Pneumococcal Vaccination Uptake Among Adults with Heart Disease.,2022,10.1089/tmj.2021.0333,EXCLUDE,EXCLUDE,"Patient-level consumer HIT use and vaccine uptake, not EHR/HIE org-level adoption.",True
R0246,D_stage2_excl,PubMed,The digital divide: Racial disparities in adoption and utilization of health information technology among patients with lymphoid cancers.,2023,10.1002/cam4.6454,EXCLUDE,EXCLUDE,"Patient-level EMR utilization/disparities study, not organizational/institutional adoption determinants.",True
R0263,D_stage2_excl,PubMed,Unlocking digital health: inequalities in the adoption of a patient portal.,2026,10.1136/bmjhci-2025-101587,EXCLUDE,EXCLUDE,"Patient-level portal adoption/consumer acceptance study, not organizational/institutional adoption determinants.",True
R0289,D_stage2_excl,PubMed,The Impact of an Integrated Electronic Health Record Adoption on Nursing Care Quality.,2016,10.1097/NNA.0000000000000360,EXCLUDE,EXCLUDE,"Focuses on EHR impact on clinical quality outcomes, not adoption determinants at organizational level.",True
R0304,D_stage2_excl,PubMed,Adoption and Attitudes of eHealth Among People Living With HIV and Their Physicians: Online Multicenter Questionnaire Study.,2020,10.2196/16140,EXCLUDE,EXCLUDE,"Patient/physician attitudes toward eHealth for HIV care, not EHR/HIE interoperability adoption.",True
R0316,D_stage2_excl,PubMed,"Lessons learned from early implementation of the Growing Expertise in E-health Knowledge and Skills (GEEKS) program in Nigeria, 2019 - 2021.",2023,10.11604/pamj.2023.46.81.38588,EXCLUDE,EXCLUDE,"Workforce training program for immunization surveillance data, not EHR/HIE interoperability adoption.",True
R0317,D_stage2_excl,PubMed,A Survey-based Study of Pharmacist Acceptance and Resistance to Health Information Technology.,2019,,EXCLUDE,EXCLUDE,"Individual pharmacist acceptance survey, not organizational/institutional-level determinants.",True
R0332,D_stage2_excl,PubMed,Health Professionals' eHealth Literacy and System Experience Before and 3 Months After the Implementation of an Electronic Health Record System: Longitudinal Study.,2022,10.2196/29780,EXCLUDE,EXCLUDE,"Focuses on staff eHealth literacy/individual perceptions, not organizational adoption determinants.",True
R0349,D_stage2_excl,PubMed,Design and Hospitalwide Implementation of a Standardized Discharge Summary in an Electronic Health Record.,2016,10.1016/S1553-7250(16)30107-6,EXCLUDE,EXCLUDE,"Single hospital's discharge-summary template implementation, not interoperability/EHR adoption determinants.",True
R0375,D_stage2_excl,PubMed,Factors Influencing Rural End-Users' Acceptance of e-Health in Developing Countries: A study on Portable Health Clinic in Bangladesh.,2019,10.1089/tmj.2018.0039,EXCLUDE,EXCLUDE,"Individual patient/consumer acceptance study, not organizational/institutional-level EHR/HIE interoperability.",True
R0376,D_stage2_excl,PubMed,"Toward equitable digital health: an integrated framework addressing exclusion, ethics, and implementation across healthcare systems.",2026,10.1186/s12939-026-02903-1,EXCLUDE,EXCLUDE,"Broad digital health equity/ethics review, not EHR/HIE interoperability adoption specifically.",True
R0384,D_stage2_excl,PubMed,A Nationwide Natural Experiment of e-Health Implementation during the COVID-19 Pandemic in Poland: User Satisfaction and the Ease-of-Use of Remote Physician's Visits.,2022,10.3390/ijerph19148338,EXCLUDE,EXCLUDE,"Patient/consumer-level satisfaction with telemedicine visits, not EHR/HIE interoperability adoption.",True
R0408,D_stage2_excl,PubMed,Digital Health Applications in Dietetic Practice: A Cross-Sectional Online-Survey on Acceptance and Implementation in Austria.,2026,10.3233/SHTI260088,EXCLUDE,EXCLUDE,"DiGA prevention/therapy apps, provider acceptance survey—not EHR/HIE interoperability adoption.",True
R0419,D_stage2_excl,PubMed,Beyond usability: Designing digital health interventions for implementation with older adults.,2025,10.1111/jgs.19286,EXCLUDE,EXCLUDE,"Digital health intervention for older adults, not EHR/HIE interoperability topic.",True
R0443,D_stage2_excl,PubMed,Integration of eHealth Tools in the Process of Workplace Health Promotion: Proposal for Design and Implementation.,2018,10.2196/jmir.8769,EXCLUDE,EXCLUDE,"Workplace health promotion eHealth tools, not EHR/HIE interoperability adoption.",True
R0450,D_stage2_excl,PubMed,Quality measure performance in small practices before and after electronic health record adoption.,2015,10.13063/2327-9214.1131,EXCLUDE,EXCLUDE,"Studies clinical quality outcomes after EHR adoption, not adoption determinants.",True
R0463,D_stage2_excl,PubMed,Towards the Implementation of an openEHR-based Open Source EHR Platform (a vision paper).,2015,,EXCLUDE,PASS,"Framework/vision paper on openEHR-based interoperable EHR platform implementation, organizational level.",False
R0488,D_stage2_excl,PubMed,Factors that influence the adoption of a school-based eHealth alcohol prevention program among Spanish personnel: a mixed methods study.,2025,10.1186/s12889-025-21574-1,EXCLUDE,EXCLUDE,"Single-disease (alcohol) prevention app; organizational-level personnel acceptance, not EHR/HIE interoperability.",True
R0489,D_stage2_excl,PubMed,"Corrigendum to: Reconsidering hospital EHR adoption at the dawn of HITECH: implications of the reported 9% adoption of a ""basic"" EHR.",2021,10.1093/jamia/ocab213,EXCLUDE,EXCLUDE,"Corrigendum, not empirical study; also predates 2015 original research context.",True
R0490,D_stage2_excl,PubMed,Implementation of digital health interventions in respiratory medicine: a call to action by the European Respiratory Society m-Health/e-Health Group.,2020,10.1183/23120541.00281-2019,EXCLUDE,EXCLUDE,"Single-specialty digital health call-to-action, not EHR/HIE interoperability adoption study.",True
R0499,D_stage2_excl,PubMed,An international experience of electronic communication and implementation of eHealth solutions in a vascular surgery clinic.,2021,10.1007/s11845-020-02311-6,EXCLUDE,EXCLUDE,"Patient communication preferences survey, not EHR/HIE interoperability adoption.",True
R0501,D_stage2_excl,PubMed,Unraveling the Factors Associated With Digital Health Intervention Uptake: Cross-Sectional Study.,2025,10.2196/63896,EXCLUDE,EXCLUDE,"Individual consumer uptake of lifestyle app, not EHR/HIE organizational-level adoption.",True
R0509,D_stage2_excl,PubMed,Stop the Divide: Facilitators and Barriers to Uptake of Digital Health Interventions Among Socially Disadvantaged Populations.,2023,10.31486/toj.22.0101,EXCLUDE,EXCLUDE,"Telemedicine/patient acceptance study, not EHR/HIE interoperability adoption.",True
R0513,D_stage2_excl,PubMed,Design and implementation of a New Blockchain-based digital health passport: A Moroccan case study.,2022,10.1016/j.imu.2022.101125,EXCLUDE,EXCLUDE,"Blockchain health passport for COVID verification, not EHR/HIE interoperability adoption.",True
R0517,D_stage2_excl,PubMed,Lessons Learned About Digital Health Tool Acceptability Among Rural Older Adults: Systematic Review Guided by the Technology Acceptance Model.,2026,10.2196/70012,EXCLUDE,EXCLUDE,"Patient/consumer acceptance of telehealth tools, not EHR/HIE organizational interoperability.",True
R0520,D_stage2_excl,PubMed,Optimising difficult airway documentation: implementation of an automated update in the electronic health record.,2023,10.1016/j.bja.2023.04.003,EXCLUDE,EXCLUDE,"Single clinical documentation feature, not adoption/implementation of EHR interoperability system.",True
R0521,D_stage2_excl,PubMed,Electronic Health Record Implementation Is Associated With a Negligible Change in Outpatient Volume and Billing.,2017,,EXCLUDE,EXCLUDE,"Studies EHR effect on billing/volume, not adoption determinants.",True
R0532,D_stage2_excl,PubMed,Prototypical Clinical Trial Registry Based on Fast Healthcare Interoperability Resources (FHIR): Design and Implementation Study.,2021,10.2196/20470,EXCLUDE,EXCLUDE,"Clinical trial registry system, not EHR/HIE adoption or implementation determinants.",True
R0546,D_stage2_excl,PubMed,Analysis of the effects of EHR implementation on timeliness of care in a dermatology clinic: a simulation study.,2018,10.1093/jamia/ocy024,EXCLUDE,EXCLUDE,"Studies clinic workflow timing impact, not adoption/implementation determinants.",True
R0556,D_stage2_excl,PubMed,"Hazards for the Implementation and Use of Artificial Intelligence Enabled Digital Health Interventions, a UK Perspective.",2022,10.3233/SHTI210847,EXCLUDE,EXCLUDE,"AI digital health intervention safety hazards, not EHR/HIE interoperability adoption.",True
R0568,D_stage2_excl,PubMed,Facilitators and Barriers of Electronic Health Record Patient Portal Adoption by Older Adults: A Literature Study.,2017,,EXCLUDE,EXCLUDE,"Patient portal acceptance by individual older adults, not organizational-level EHR/HIE adoption.",True
R0570,D_stage2_excl,PubMed,Electronic Health Record Adoption and Its Effects on Healthcare Staff: A Qualitative Study of Well-Being and Workplace Stress.,2024,10.3390/ijerph21111430,EXCLUDE,EXCLUDE,"Focuses on staff well-being/technostress impacts, not adoption determinants at organizational level.",True
R0611,D_stage2_excl,PubMed,Sustainability of a digital health intervention within Pakistan's remote health system: learning from implementation research.,2025,10.47391/JPMA.10624,EXCLUDE,EXCLUDE,"mHealth tool for frontline worker record-keeping, not EHR/HIE interoperability.",True
R0620,D_stage2_excl,PubMed,Implementation of Telemonitoring in Health Care: Facilitators and Barriers for Using eHealth for Older Adults with Chronic Conditions.,2023,10.2147/RMHP.S396495,EXCLUDE,EXCLUDE,"Telemonitoring for chronic disease, not EHR/EMR/HIE interoperability technology.",True
R0634,D_stage2_excl,PubMed,Acceptance and perceived usefulness of digital health services in the management of chronic urticaria: a survey of patients and physicians.,2025,10.1186/s12913-025-13043-7,EXCLUDE,EXCLUDE,"Single-condition (chronic urticaria) digital health acceptance survey, not EHR/HIE interoperability.",True
R0638,D_stage2_excl,PubMed,E-health. Patterns of use and perceived benefits and barriers among people living with HIV and their physicians. Part 2: Health apps and smart devices.,2020,10.1016/j.medmal.2020.04.005,EXCLUDE,EXCLUDE,"Patient-level mHealth app/smart device acceptance for HIV, not EHR/HIE interoperability.",True
R0648,D_stage2_excl,PubMed,"Response to ""Electronic Health Record Implementation Enhances Financial Performance in High Medicaid Nursing Homes"" [Letter].",2024,10.2147/JMDH.S487196,EXCLUDE,EXCLUDE,"Letter/response format, no abstract on adoption determinants; not empirical study.",True
R0673,D_stage2_excl,PubMed,Trends and Types of Medical Errors Reporting Following the Implementation of Electronic Health Record System.,2026,10.2147/DHPS.S558973,EXCLUDE,EXCLUDE,"EHR used as data source studying medication errors, not adoption/implementation determinants.",True
R0687,D_stage2_excl,PubMed,Clinical Genomic Sequencing Reports in Electronic Health Record Systems Based on International Standards: Implementation Study.,2020,10.2196/15040,EXCLUDE,EXCLUDE,"Single institution technical implementation of genomic reporting standard, not interoperability adoption determinants.",True
R0688,D_stage2_excl,PubMed,"""Connection"": The Integration of a Person-Centered Narrative Intervention into the Electronic Health Record: An Implementation Study.",2020,10.1089/jpm.2019.0376,EXCLUDE,EXCLUDE,"Single-condition patient narrative intervention, not EHR/HIE interoperability adoption study.",True
R0697,D_stage2_excl,PubMed,Targeted EHR-based communication of diagnostic uncertainty (TECU) in the emergency department: Protocol for an effectiveness implementation trial.,2025,10.1016/j.cct.2025.107910,EXCLUDE,EXCLUDE,"EHR used as tool for single clinical communication intervention, not interoperability adoption/implementation study.",True
R0713,D_stage2_excl,PubMed,Influence of eHealth literacy on acceptance of healthcare services with risks in China: chain-mediating effect of general risk propensity and self-efficacy.,2025,10.1016/j.puhe.2025.105891,EXCLUDE,EXCLUDE,"Patient/consumer acceptance study of individual health services, not organizational EHR/HIE adoption.",True
R0715,D_stage2_excl,PubMed,Implementation of a Digital Health Tool for Patients Awaiting Input From a Specialist Weight Management Team: Observational Study.,2023,10.2196/41256,EXCLUDE,EXCLUDE,"Single-condition (weight management) patient-facing digital tool, not EHR/HIE interoperability.",True
R0734,D_stage2_excl,PubMed,Acceptance and use of digital health technologies among physiotherapists in Germany: a web-based cross-sectional survey.,2026,10.1186/s12913-026-14005-3,EXCLUDE,EXCLUDE,"Individual clinician acceptance of general DHT, not EHR/HIE interoperability at org/system level.",True
R0736,D_stage2_excl,PubMed,Attitudes towards digital health technology for the care of people with chronic kidney disease: A technology acceptance model exploration.,2024,10.1371/journal.pdig.0000614,EXCLUDE,EXCLUDE,"Patient-only acceptance study of single-condition digital health tech, not EHR/HIE interoperability.",True
R0754,D_stage2_excl,PubMed,Telemedicine implementation and healthcare utilization in Rwanda: interrupted time series of babyl digital health services from 2015 to 2024.,2026,10.1186/s12875-026-03179-8,EXCLUDE,EXCLUDE,"Telemedicine utilization impact study, not EHR/HIE interoperability adoption/implementation.",True
R0761,D_stage2_excl,PubMed,Development and Validation of Electronic Health Record Measures of Safety Planning Practices as Part of Zero Suicide Implementation.,2025,10.1080/13811118.2024.2394676,EXCLUDE,EXCLUDE,"EHR used as data source for suicide-prevention clinical measure, not interoperability adoption.",True
R0776,D_stage2_excl,PubMed,A Generic Transformation Approach for Complex Laboratory Data Using the Fast Healthcare Interoperability Resources Mapping Language: Method Development and Implementation.,2024,10.2196/57569,EXCLUDE,EXCLUDE,"Technical tool/method for data mapping, not adoption/implementation determinants study.",True
R0778,D_stage2_excl,PubMed,Training for the Digital Clinical Environment: Preliminary Findings in Implementation of Electronic Health Record Platform in Medical Education.,2026,10.1007/s10916-026-02411-3,EXCLUDE,EXCLUDE,"Educational simulation tool for medical students, not organizational/institutional EHR adoption study.",True
R0783,D_stage2_excl,PubMed,Challenges and experiences in digital health equity: a qualitative exploration of the implementation of the Health Code system in China.,2025,10.1186/s12939-025-02720-y,EXCLUDE,EXCLUDE,"Health Code contact-tracing app, patient/consumer acceptance focus, not EHR/HIE interoperability.",True
R0810,D_stage2_excl,PubMed,Implementation of an electronic health record-based tool increases administration of venous thromboembolism chemoprophylaxis in trauma.,2026,10.1016/j.surg.2025.109857,EXCLUDE,EXCLUDE,"EHR clinical decision support for single-condition VTE prophylaxis, not interoperability adoption.",True
R0830,D_stage2_excl,PubMed,Evolution of Nursing Workload Indicators Since the Implementation of the Electronic Health Record at a Tertiary Hospital in Spain.,2021,10.1097/CIN.0000000000000759,EXCLUDE,EXCLUDE,"Studies nursing workload impact post-EHR, not adoption/implementation determinants at organizational level.",True
R0839,D_stage2_excl,PubMed,Real-world Implementation of an eHealth System Based on Artificial Intelligence Designed to Predict and Reduce Emergency Department Visits by Older Adults: Pragmatic Trial.,2022,10.2196/40387,EXCLUDE,EXCLUDE,"AI risk-prediction tool for ED visits, not EHR/HIE interoperability.",True
R0858,D_stage2_excl,PubMed,Barriers and enablers of uptake and adherence to digital health interventions in older patients with cancer: A systematic review.,2022,10.1016/j.jgo.2022.06.004,EXCLUDE,EXCLUDE,"Patient-level acceptance of cancer-specific digital health interventions, not organizational EHR/HIE interoperability.",True
R0862,D_stage2_excl,PubMed,Evaluation of Nurse-Managed Heparin Nomogram Adherence After Implementation of an Electronic Health Record-Embedded Heparin Calculator: An Antithrombotic Stewardship Initiative.,2026,10.1177/10600280251395053,EXCLUDE,EXCLUDE,"Single clinical tool (heparin calculator) for dosing, not EHR/HIE interoperability adoption.",True
R0887,D_stage2_excl,PubMed,Implementation of an Electronic Health Record Integrated Clinical Pathway Improves Adherence to COVID-19 Hospital Care Guidelines.,2022,10.1097/JMQ.0000000000000036,EXCLUDE,EXCLUDE,"EHR used as clinical decision tool for single-disease guideline adherence, not interoperability adoption.",True
R0890,D_stage2_excl,PubMed,"Implementation and Evaluation of a Patient-Focused eHealth Intervention, My Kidneys My Health, in Primary Care and General Nephrology Clinics: Multimethods Study.",2025,10.2196/71832,EXCLUDE,EXCLUDE,"Single-disease (CKD) patient self-management eHealth tool, not EHR/HIE interoperability.",True
R0903,D_stage2_excl,PubMed,"Health literacy, digital health literacy and the implementation of digital health technologies in cancer care: the need for a strategic approach.",2021,10.1002/hpja.387,EXCLUDE,EXCLUDE,"Focuses on patient/consumer digital health literacy in cancer care, not EHR/HIE interoperability.",True
R0918,D_stage2_excl,PubMed,Patient-Centric Scheduling With the Implementation of Health Information Technology to Improve the Patient Experience and Access to Care: Retrospective Case-Control Analysis.,2020,10.2196/16451,EXCLUDE,EXCLUDE,"Patient scheduling tool, not EHR/HIE interoperability adoption at org/system level.",True
R0920,D_stage2_excl,PubMed,Implementation and Feasibility of an Electronic Health Record-Integrated Patient-Reported Outcomes Symptom and Needs Monitoring Pilot in Ambulatory Oncology.,2022,10.1200/OP.21.00706,EXCLUDE,EXCLUDE,"Single-condition (oncology PRO) app implementation, not general EHR/HIE interoperability determinants.",True
R0924,D_stage2_excl,PubMed,Development of an instrument (Cost-IS) to estimate costs of implementation strategies for digital health solutions: a modified e-Delphi study.,2025,10.1186/s13012-025-01423-w,EXCLUDE,EXCLUDE,"Costing instrument for digital health implementation strategies generally, not EHR/HIE-specific.",True
R0929,D_stage2_excl,PubMed,Implementation of a Machine-Learning Algorithm in the Electronic Health Record for Targeted Screening for Familial Hypercholesterolemia: A Quality Improvement Study.,2021,10.1161/CIRCOUTCOMES.120.007641,EXCLUDE,EXCLUDE,"EHR used as tool for disease-specific screening, not interoperability adoption/implementation study.",True
R0944,D_stage2_excl,PubMed,The French eHealth Acceptability Scale Using the Unified Theory of Acceptance and Use of Technology 2 Model: Instrument Validation Study.,2020,10.2196/16520,EXCLUDE,EXCLUDE,"Individual patient/consumer acceptance scale validation, not organizational-level EHR/HIE adoption.",True
R0959,D_stage2_excl,PubMed,Implementation of an Electronic Health Record Alert to Improve Naloxone Coprescribing for Adult Patients With Cancer at Risk for Opioid Overdose.,2025,10.6004/jadpro.2025.16.7.24,EXCLUDE,EXCLUDE,"Clinical decision-support alert for opioid safety, single-condition intervention, not EHR/HIE interoperability adoption.",True
R0968,D_stage2_excl,PubMed,"Digital health adoption in nutrition care: A national cross-sectional, Arabic-validated survey and cluster analysis of patient experience and willingness to use telenutrition in Saudi Arabia.",2026,10.1177/20552076261419237,EXCLUDE,EXCLUDE,"Patient/consumer-only acceptance of telenutrition, not EHR/HIE organizational-level adoption.",True
R0989,D_stage2_excl,PubMed,Patterns and Influencing Factors of eHealth Tools Adoption Among Medicaid and Non-Medicaid Populations From the Health Information National Trends Survey (HINTS) 2017-2019: Questionnaire Study.,2021,10.2196/25809,EXCLUDE,EXCLUDE,"Individual consumer eHealth tools adoption study, not organizational/institutional EHR/HIE interoperability.",True
R0990,D_stage2_excl,PubMed,Examining the Implementation of Digital Health to Strengthen the COVID-19 Pandemic Response and Recovery and Scale up Equitable Vaccine Access in African Countries.,2022,10.2196/34363,EXCLUDE,EXCLUDE,"Digital health/AI for COVID-19 response, not EHR/HIE interoperability adoption.",True
R0993,D_stage2_excl,PubMed,Implementation of an interruptive electronic health record alert improves optimal antibiotic prescribing in ambulatory patients with acute bacterial sinusitis: a quasi-experiment.,2026,10.1017/ash.2025.10283,EXCLUDE,EXCLUDE,"Single-condition clinical decision-support alert study, not interoperability adoption/implementation determinants.",True
R1006,D_stage2_excl,PubMed,Determinants of consent for electronic health information exchange: an observational retrospective study.,2025,10.1186/s12961-025-01377-x,EXCLUDE,EXCLUDE,"Focuses on individual patient consent determinants, not organizational/system-level HIE adoption.",True
R1019,D_stage2_excl,PubMed,Capturing a Patient-Reported Measure of Physical Function Through an Online Electronic Health Record Patient Portal in an Ambulatory Clinic: Implementation Study.,2018,10.2196/medinform.8687,EXCLUDE,EXCLUDE,"Single-disease patient-reported outcome collection tool, not EHR/HIE interoperability adoption study.",True
R1025,D_stage2_excl,PubMed,Developing electronic health record-based measures of the 4Ms to support implementation and evidence generation for Age-Friendly Health Systems.,2024,10.1111/jgs.18722,EXCLUDE,EXCLUDE,"EHR used as data source for clinical measure development, not interoperability adoption study.",True
R1045,D_stage2_excl,PubMed,Coproducing Knowledge of the Implementation of Complex Digital Health Interventions for Adults with Acquired Brain Injury and their Communication Partners: Protocol for a Mixed Methods Study.,2022,10.2196/35080,EXCLUDE,EXCLUDE,"Single-condition (brain injury) digital health communication tool, protocol, not EHR/HIE-focused.",True
R1052,D_stage2_excl,PubMed,Patients' and healthcare providers' perceptions in outpatient palliative cancer care services at a tertiary care hospital in Sri Lanka: prospects for adoption of a digital health intervention.,2026,10.1186/s12913-026-14528-9,EXCLUDE,EXCLUDE,"Single-disease (palliative cancer) digital health patient/provider acceptance study, not EHR/HIE interoperability.",True
R1064,D_stage2_excl,PubMed,"""Addressing barriers to digital health readiness among a Latino population"".",2024,10.1016/j.pecinn.2024.100336,EXCLUDE,EXCLUDE,"Patient/consumer-only telehealth acceptance study, not organizational EHR/HIE interoperability.",True
R1089,D_stage2_excl,PubMed,Willingness of diabetes mellitus patients to use mHealth applications and its associated factors for self-care management in a low-income country: an input for digital health implementation.,2023,10.1136/bmjhci-2023-100761,EXCLUDE,EXCLUDE,"Patient-level mHealth acceptance for single disease (diabetes), not EHR/HIE interoperability.",True
R1093,D_stage2_excl,PubMed,Implementation of a digital nurse to improve the use of digital health applications (DiGA) for older people with depressive disorders (DiGA4Aged): a randomized proof of concept study.,2025,10.1186/s13063-025-08809-7,EXCLUDE,EXCLUDE,"Single-condition digital health app for patients, not EHR/HIE interoperability.",True
R1101,D_stage2_excl,PubMed,Renal medication-related clinical decision support (CDS) alerts and overrides in the inpatient setting following implementation of a commercial electronic health record: implications for designing more effective alerts.,2021,10.1093/jamia/ocaa222,EXCLUDE,EXCLUDE,"Studies CDS alert appropriateness/overrides, not EHR/HIE adoption or implementation determinants.",True
R1105,D_stage2_excl,PubMed,"Clinic-wide depression screening in the waiting room using electronic health record integrated patient health questionnaire surveys: Implementation science outcomes for reach, inequitable reach and perceptions of barriers.",2025,10.1037/ser0000937,EXCLUDE,EXCLUDE,"Single-condition (depression) screening tool implementation, clinic-level, not general EHR/HIE interoperability determin",True
R1120,D_stage2_excl,PubMed,Barriers and challenges of using health information technology in home care: A systematic review.,2022,10.1002/hpm.3492,EXCLUDE,EXCLUDE,"Health IT in home care broadly, not EHR/HIE interoperability specific.",True
R1123,D_stage2_excl,PubMed,Understanding the multilevel factors influencing the implementation of digital health interventions for supportive care in Adolescents and Young Adult (AYA) cancer survivorship: determinants of adopting mindfulness-based mobile applications.,2024,10.1186/s43058-024-00612-w,EXCLUDE,EXCLUDE,"Single-condition mindfulness mobile app for AYA cancer survivors, not EHR/HIE interoperability.",True
R1138,D_stage2_excl,PubMed,Implementing an eHealth Model of Care for Pediatric Patients and Families at the End of Treatment for Acute Lymphoblastic Leukemia (EMERGE): Type 2 Nonrandomized Hybrid Implementation-Effectiveness Trial Study Protocol.,2026,10.2196/85901,EXCLUDE,EXCLUDE,"Single-disease (ALL) eHealth care model, not EHR/HIE interoperability technology.",True
R1149,D_stage2_excl,PubMed,A mixed methods evaluation of patient perspectives on the implementation of an electronic health record-integrated patient-reported symptom and needs monitoring program in cancer care.,2024,10.1186/s41687-024-00742-8,EXCLUDE,EXCLUDE,"Patient-only acceptance study of single cancer PRO tool, not organizational-level EHR interoperability.",True
R1187,D_stage2_excl,PubMed,Documentation and review of social determinants of health data in the EHR: measures and associated insights.,2021,10.1093/jamia/ocab194,EXCLUDE,EXCLUDE,"Focuses on SDOH data documentation quality, not EHR adoption/implementation determinants.",True
R1195,D_stage2_excl,PubMed,Using Health Information Technology to Bring Social Determinants of Health into Primary Care: A Conceptual Framework to Guide Research.,2018,10.1353/hpu.2018.0071,EXCLUDE,EXCLUDE,"SDH-in-EHR framework for clinical care, not interoperability adoption/implementation determinants.",True
R1267,D_stage2_excl,PubMed,Enabling real-world evidence for medication safety in pregnancy: Determinants of research participation and linked EHR data use.,2026,10.1016/j.ijmedinf.2026.106506,EXCLUDE,EXCLUDE,"Patient/consumer-level acceptance of research participation, not organizational EHR adoption/implementation.",True
R1280,D_stage2_excl,PubMed,"Patient-reported preferences in eHealth-based cardiac rehabilitation: A qualitative investigation of behavior change techniques, barriers and facilitators.",2024,10.1016/j.invent.2024.100728,EXCLUDE,EXCLUDE,"Patient-level acceptance of single-condition (cardiac rehab) eHealth intervention, not EHR/HIE interoperability.",True
R1292,D_stage2_excl,PubMed,Barriers to digital health services among people living in areas of socioeconomic disadvantage: Research from hospital diabetes and antenatal clinics.,2022,10.1002/hpja.540,EXCLUDE,EXCLUDE,"Patient-level digital health use/acceptance study, not EHR/HIE org-level interoperability.",True
R1344,D_stage2_excl,PubMed,"Barriers and Facilitators to Accessing Digital Health Tools Faced by South Asian Canadians in Surrey, British Columbia: Community-Based Participatory Action Exploration Using Photovoice.",2022,10.2196/25863,EXCLUDE,EXCLUDE,"Patient/consumer-level acceptance of digital health tools, not EHR/HIE organizational adoption.",True
R1351,D_stage2_excl,PubMed,"Acceptability and use determinants of digital health technologies for HIV services: a qualitative study of emergency care patients in Nairobi, Kenya.",2025,10.3389/fdgth.2025.1697814,EXCLUDE,EXCLUDE,"Single-disease (HIV) patient-acceptance app, not EHR/HIE interoperability at organizational level.",True
R1356,D_stage2_excl,PubMed,Identification of social determinants of health using multi-label classification of electronic health record clinical notes.,2021,10.1093/jamiaopen/ooaa069,EXCLUDE,EXCLUDE,"NLP classification task using EHR notes as data source, not adoption/implementation study.",True
R1367,D_stage2_excl,PubMed,"The Facilitators and Barriers to Digital Health for Managing Nutrition in People With Parkinson's Disease and Their Caregivers: A Formative, Qualitative Study.",2023,10.1016/j.jneb.2023.05.252,EXCLUDE,EXCLUDE,"Single-condition digital nutrition tool, patient/caregiver-level acceptance, not EHR/HIE interoperability.",True
R1372,D_stage2_excl,PubMed,EHealth and Its Role in Supporting Audiological Rehabilitation: Patient Perspectives on Barriers and Facilitators of Using a Personal Hearing Support System With Mobile Application as Part of the EVOTION Study.,2021,10.3389/fpubh.2021.669727,EXCLUDE,EXCLUDE,"Patient-only acceptance of hearing aid app, single-condition tool, not EHR/HIE interoperability.",True
R1409,D_stage2_excl,PubMed,"Investigating When, Which, and Why Users Stop Using a Digital Health Intervention to Promote an Active Lifestyle: Secondary Analysis With A Focus on Health Action Process Approach-Based Psychological Determinants.",2022,10.2196/30583,EXCLUDE,EXCLUDE,"Single-behavior PA/SB digital intervention, patient-level attrition, not EHR/HIE interoperability.",True
R1452,D_stage2_excl,PubMed,Exploring critical factors influencing physicians' acceptance of mobile electronic medical records based on the dual-factor model: a validation in Taiwan.,2015,10.1186/s12911-014-0125-3,EXCLUDE,EXCLUDE,"Individual physician acceptance study, not organizational/system-level adoption determinants.",True
R1460,D_stage2_excl,PubMed,Development and Implementation of a Trainee-Specific Training Model for the Electronic Medical Record.,2025,10.3233/SHTI251074,EXCLUDE,EXCLUDE,"Single-institution EHR training/burnout study, not organizational-level adoption/interoperability determinants.",True
R1476,D_stage2_excl,PubMed,A cancer care electronic medical record highly integrated into clinicians' workflow: users' attitudes pre-post implementation.,2017,10.1111/ecc.12548,EXCLUDE,EXCLUDE,"Single-condition (cancer) EMR study; focuses on user attitudes, not organizational adoption determinants.",True
R1479,D_stage2_excl,PubMed,Development and implementation of a 'Mental Health Finder' software tool within an electronic medical record system.,2017,10.1007/s11845-016-1541-4,EXCLUDE,EXCLUDE,"EMR used as data-collection tool for mental health surveillance, not interoperability adoption study.",True
R1482,D_stage2_excl,PubMed,"Patient satisfaction with the implementation of electronic medical Records in the Western Region, Saudi Arabia, 2018.",2020,10.1186/s12875-020-1099-0,EXCLUDE,EXCLUDE,"Patient satisfaction study, not organizational/institutional adoption determinants.",True
R1483,D_stage2_excl,PubMed,Bundled de-implementation of recurring hospital orders with a novel electronic medical record order set.,2024,10.1136/bmjoq-2024-002889,EXCLUDE,EXCLUDE,"Clinical order-set intervention for de-implementation, not EHR/HIE interoperability adoption study.",True
R1505,D_stage2_excl,PubMed,Implementation of a Cloud-Based Electronic Medical Record to Reduce Gaps in the HIV Treatment Continuum in Rural Kenya.,2015,10.1371/journal.pone.0135361,EXCLUDE,EXCLUDE,"EMR used as clinical tool for HIV care outcomes, not adoption/implementation determinants study.",True
R1511,D_stage2_excl,PubMed,Implementation of Electronic Medical Record Template Improves Screening for Complications in Children with Type 1 Diabetes Mellitus.,2020,10.2147/PHMT.S233998,EXCLUDE,EXCLUDE,"EHR used as tool for single-disease screening improvement, not interoperability adoption study.",True
R1542,D_stage2_excl,PubMed,Using Electronic Medical Record Data for Research in a Healthcare Information and Management Systems Society (HIMSS) Analytics Electronic Medical Record Adoption Model (EMRAM) Stage 7 Hospital in Beijing: Cross-sectional Study.,2021,10.2196/24405,EXCLUDE,EXCLUDE,"EMR data used as research data source, not adoption/implementation determinants study.",True
R1551,D_stage2_excl,PubMed,Evaluation of the role of training in the implementation of a depression screening and treatment protocol in 2 academic outpatient internal medicine clinics utilizing the electronic medical record.,2015,10.1177/1062860614532681,EXCLUDE,EXCLUDE,"Single-condition (depression) protocol implementation; EHR used as documentation tool, not interoperability study.",True
R1637,D_stage2_excl,IEEE,Digital Health Innovation: Exploring Adoption of COVID-19 Digital Contact Tracing Apps,2024,10.1109/TEM.2020.3019033,EXCLUDE,EXCLUDE,"Individual-level acceptance of COVID contact tracing app, not EHR/HIE interoperability.",True
R1642,D_stage2_excl,IEEE,Explaining acceptance of e-health services: An extension of TAM and health belief model approach,2017,10.1109/CITSM.2017.8089239,EXCLUDE,EXCLUDE,"Individual consumer acceptance study using TAM, not organizational/system-level EHR/HIE adoption.",True
R0004,E_stage1_excl,PubMed,Standards Adoption Among Health Information Exchange Organizations.,2012,,EXCLUDE,EXCLUDE,"Pre-2015 (2012); abstract text mismatched/updated, but stated year fails cutoff.",True
R0007,E_stage1_excl,PubMed,Editorial: Digital health adoption: Looking beyond the role of technology.,2022,10.3389/fdgth.2022.989003,EXCLUDE,EXCLUDE,"Editorial format, excluded regardless of topic relevance.",True
R0017,E_stage1_excl,PubMed,e-Health and telemedicine implementation in facial paralysis: challenges and pitfalls.,2021,10.1007/s00238-021-01802-8,EXCLUDE,EXCLUDE,"Single-condition (facial paralysis) telemedicine application, not EHR/HIE interoperability.",True
R0036,E_stage1_excl,PubMed,"Editorial: Digital health applications: acceptance, benefit assessment, and costs from the perspective of patients and medical professionals.",2024,10.3389/frhs.2024.1501903,EXCLUDE,EXCLUDE,"Editorial; also patient/consumer-focused digital health acceptance, not organizational EHR/HIE.",True
R0055,E_stage1_excl,PubMed,Bibliometric analysis on the adoption of artificial intelligence applications in the e-health sector.,2023,10.1177/20552076221149296,EXCLUDE,EXCLUDE,"Bibliometric analysis of AI in e-health, not EHR/HIE interoperability adoption.",True
R0100,E_stage1_excl,PubMed,Implementation of digital health interventions in thyroid cancer care: A scoping review.,2026,10.1016/j.ijmedinf.2025.106221,EXCLUDE,EXCLUDE,"Single-condition digital health interventions for thyroid cancer, not EHR/HIE interoperability.",True
R0129,E_stage1_excl,PubMed,The association between health information technology and influenza vaccine uptake among adults with heart disease.,2022,10.2217/fca-2022-0027,EXCLUDE,EXCLUDE,"Patient-level HIT use and vaccine uptake, not organizational EHR/HIE adoption.",True
R0162,E_stage1_excl,PubMed,The digital health divide: Understanding telehealth adoption across racial lines in rural Illinois.,2024,10.1016/j.ssmph.2024.101665,EXCLUDE,EXCLUDE,"Telehealth patient adoption study, not EHR/HIE interoperability at organizational level.",True
R0244,E_stage1_excl,PubMed,Implementation of hyperlinks to medication management policies and guidelines in the electronic health record.,2019,10.1093/ajhp/zxz122,EXCLUDE,EXCLUDE,"Single-institution EHR feature implementation for medication policy links, not adoption/interoperability determinants.",True
R0284,E_stage1_excl,PubMed,EHR-Based CDS Tools Supporting Long-Term Implementation of Pharmacogenomics.,2025,10.3233/SHTI251118,EXCLUDE,EXCLUDE,"Single clinical-domain PGx-CDS tool, not general EHR/HIE interoperability adoption study.",True
R0290,E_stage1_excl,PubMed,Implementation of dispense waste functionality with new electronic health record system.,2026,10.1093/ajhp/zxaf334,EXCLUDE,EXCLUDE,"Billing/workflow feature for drug waste documentation, not EHR/HIE interoperability adoption.",True
R0292,E_stage1_excl,PubMed,Acceptance of Digital Sports: A Study Showing the Rising Acceptance of Digital Health Activities Due to the SARS-CoV-19 Pandemic.,2022,10.3390/ijerph19010596,EXCLUDE,EXCLUDE,"Digital sports/fitness apps study, not EHR/HIE interoperability adoption.",True
R0298,E_stage1_excl,PubMed,The Effect of Adoption of an Electronic Health Record on Duplicate Testing.,2016,10.1155/2016/1950191,EXCLUDE,EXCLUDE,"EHR used to study clinical outcome (duplicate testing), not adoption determinants.",True
R0327,E_stage1_excl,PubMed,Design and Implementation of e-Health System Based on Semantic Sensor Network Using IETF YANG.,2018,10.3390/s18020629,EXCLUDE,EXCLUDE,"Sensor network semantic interoperability system design, not EHR/HIE organizational adoption study.",True
R0358,E_stage1_excl,PubMed,"Protocol for an intervention development and pilot implementation evaluation study of an e-health solution to improve newborn care quality and survival in two low-resource settings, Malawi and Zimbabwe: Neotree.",2022,10.1136/bmjopen-2021-056605,EXCLUDE,EXCLUDE,"Single-condition (newborn care) digital health app, not EHR/HIE interoperability.",True
R0396,E_stage1_excl,PubMed,Adherence and barriers in e-health self-control training for enhancing childhood multidisciplinary obesity treatment.,2020,10.1002/cpp.2405,EXCLUDE,EXCLUDE,"Single-condition (obesity) e-health intervention, patient-level adherence, not EHR/HIE interoperability.",True
R0469,E_stage1_excl,PubMed,Progress and challenges in electronic health record adoption: findings from a national survey of physicians.,2015,10.7326/L15-5060,EXCLUDE,PASS,"National survey on EHR adoption among physicians, organizational/national-level determinants, 2015.",False
R0565,E_stage1_excl,PubMed,Emergency Response to COVID-19 in Canada: Platform Development and Implementation for eHealth in Crisis Management.,2020,10.2196/18995,EXCLUDE,EXCLUDE,"Crisis management/triage platform for COVID-19, not EHR/HIE interoperability adoption study.",True
R0615,E_stage1_excl,PubMed,Communication of Incidental Imaging Findings on Inpatient Discharge Summaries After Implementation of Electronic Health Record Notification System.,2024,10.1097/PTS.0000000000001221,EXCLUDE,EXCLUDE,"EHR used as clinical communication tool for incidental findings, not interoperability adoption study.",True
R0650,E_stage1_excl,PubMed,Provider Access to Legacy Electronic Anesthesia Records Following Implementation of an Electronic Health Record System.,2019,10.1007/s10916-019-1232-6,EXCLUDE,EXCLUDE,"Studies clinical record access behavior post-EHR, not adoption/implementation determinants.",True
R0665,E_stage1_excl,PubMed,"Utilization of Digital Health Dashboards in Improving COVID-19 Vaccination Uptake, Accounting for Health Inequities.",2022,10.3233/SHTI220774,EXCLUDE,EXCLUDE,"Single-disease (COVID-19) vaccination dashboard, not EHR/HIE interoperability topic.",True
R0699,E_stage1_excl,PubMed,"Evidence assessing the development, evaluation and implementation of digital health technologies in wound care: A rapid scoping review.",2022,10.1016/j.jtv.2022.09.006,EXCLUDE,EXCLUDE,"Single-condition (wound care) digital health technologies, not general EHR/HIE interoperability.",True
R0718,E_stage1_excl,PubMed,Evaluating the data completeness in the Electronic Health Record after the Implementation of an Outpatient Electronic Health Record.,2015,,EXCLUDE,EXCLUDE,"Studies data completeness/quality post-implementation, not adoption/implementation determinants.",True
R0738,E_stage1_excl,PubMed,Current Practices and a Novel Operational Framework for Planning Research on Digital Health Promotion Interventions From Development to Implementation: Scoping Review.,2026,10.2196/82611,EXCLUDE,EXCLUDE,"Digital health promotion interventions research methodology, not EHR/HIE interoperability adoption.",True
R0750,E_stage1_excl,PubMed,Pilot-testing an adverse drug event reporting form prior to its implementation in an electronic health record.,2016,10.1186/s40064-016-3382-z,EXCLUDE,EXCLUDE,"Single-feature ADE form design study, not org-level EHR interoperability adoption.",True
R0755,E_stage1_excl,PubMed,Design and implementation of a digital health home spirometry intervention for remote monitoring of lung transplant function.,2023,10.1016/j.healun.2023.01.010,EXCLUDE,EXCLUDE,Single-condition remote monitoring intervention; EHR used only as data integration point.,True
R0801,E_stage1_excl,PubMed,Implementation of a Clinical Trial Recruitment Support System Based on Fast Healthcare Interoperability Resources (FHIR) in a Cardiology Department.,2022,10.3233/SHTI220497,EXCLUDE,EXCLUDE,"Single-department clinical trial recruitment tool, not organizational adoption/implementation determinants study.",True
R0838,E_stage1_excl,PubMed,Overcoming barriers of retinal care delivery during a pandemic-attitudes and drivers for the implementation of digital health: a global expert survey.,2021,10.1136/bjophthalmol-2020-316882,EXCLUDE,EXCLUDE,"Single-disease (retinal) telemedicine/digital health tool, not EHR/HIE interoperability.",True
R0852,E_stage1_excl,PubMed,Next-Generation Implementation of Chimeric Antigen Receptor T-Cell Therapy Using Digital Health.,2021,10.1200/CCI.21.00023,EXCLUDE,EXCLUDE,"CAR-T therapy digital tools; single-condition oncology intervention, not EHR/HIE interoperability.",True
R0854,E_stage1_excl,PubMed,Evaluating a Digital Health Tool Designed to Improve Low Sexual Desire in Women: Mixed-Methods Implementation Science Study.,2025,10.2196/69828,EXCLUDE,EXCLUDE,"Single-condition digital health tool for sexual desire, not EHR/HIE interoperability.",True
R0886,E_stage1_excl,PubMed,A novel extended approach under hesitant fuzzy sets to design a framework for assessing the key challenges of digital health interventions adoption during the COVID-19 outbreak.,2020,10.1016/j.asoc.2020.106613,EXCLUDE,EXCLUDE,"General digital health tech challenges framework, not EHR/HIE interoperability specific.",True
R0896,E_stage1_excl,PubMed,Enhancing the interoperability and transparency of real-world data extraction in clinical research: evaluating the feasibility and impact of a ChatGLM implementation in Chinese hospital settings.,2024,10.1093/ehjdh/ztae066,EXCLUDE,EXCLUDE,"Focuses on LLM data-extraction accuracy for research, not EHR/HIE adoption determinants.",True
R0905,E_stage1_excl,PubMed,Determinants of eHealth Literacy among Adults in China.,2020,10.1080/10810730.2020.1776422,EXCLUDE,EXCLUDE,"Individual patient eHealth literacy study, not organizational EHR/HIE adoption.",True
R0923,E_stage1_excl,PubMed,"The Experience of Key Stakeholders During the Implementation and Use of Trauma Therapy via Digital Health for Military, Veteran, and Public Safety Personnel: Qualitative Thematic Analysis.",2021,10.2196/26369,EXCLUDE,EXCLUDE,"Single-condition digital health telemedicine for trauma therapy, not EHR/HIE interoperability.",True
R0932,E_stage1_excl,PubMed,Effectiveness of an eHealth self-management tool for older adults with multimorbidity (KeepWell): protocol for a hybrid effectiveness-implementation randomised controlled trial.,2021,10.1136/bmjopen-2020-048350,EXCLUDE,EXCLUDE,"Patient-facing multimorbidity self-management app; individual-level effectiveness trial, not EHR/HIE interoperability ad",True
R0941,E_stage1_excl,PubMed,"Digital Health Interventions for Adults with Acquired Brain Injury and Their Close Others: Implementation, Scalability, and Sustainability in the COVID-19 Context.",2023,10.3233/SHTI230379,EXCLUDE,EXCLUDE,"Single-condition digital health intervention (brain injury toolkit), not EHR/HIE interoperability.",True
R0951,E_stage1_excl,PubMed,Comment on Lee et al. Empowering Hospitalized Patients With Diabetes: Implementation of a Hospital-Wide CGM Policy With EHR-Integrated Validation for Dosing Insulin. Diabetes Care 2024;47:1838-1845.,2025,10.2337/dc24-2228,EXCLUDE,EXCLUDE,"Comment on patient CGM/insulin dosing study, not org-level EHR interoperability adoption.",True
R0960,E_stage1_excl,PubMed,Screening for undiagnosed atrial fibrillation using an electronic health record‒based clinical prediction model: clinical pilot implementation initiative.,2024,10.1186/s12911-024-02773-z,EXCLUDE,EXCLUDE,"Single-condition (AF) clinical prediction/screening tool, not EHR/HIE interoperability adoption.",True
R0991,E_stage1_excl,PubMed,Preventing diabetes with digital health and coaching for translation and scalability (PREDICTS): A type 1 hybrid effectiveness-implementation trial protocol.,2020,10.1016/j.cct.2019.105877,EXCLUDE,EXCLUDE,"Single-disease digital diabetes prevention program, not EHR/HIE interoperability.",True
R0995,E_stage1_excl,PubMed,Implementation and evaluation of Stanford Health Care store-and-forward teledermatology consultation workflow built within an existing electronic health record system.,2020,10.1177/1357633X18799805,EXCLUDE,EXCLUDE,"Single-condition teledermatology tool, not general EHR/HIE interoperability implementation study.",True
R1000,E_stage1_excl,PubMed,Prompt engineering with a large language model to assist providers in responding to patient inquiries: a real-time implementation in the electronic health record.,2024,10.1093/jamiaopen/ooae080,EXCLUDE,EXCLUDE,"LLM message-drafting tool study, not EHR/HIE interoperability adoption.",True
R1012,E_stage1_excl,PubMed,"Commentary on ""Barriers and Facilitators to the Acceptance of eHealth Interventions by Dutch Pediatric Physical Therapists in Times of the COVID-19 Pandemic: A Mixed-Methods Approach"".",2023,10.1097/PEP.0000000000001013,EXCLUDE,EXCLUDE,"Commentary on individual clinician acceptance of eHealth, not org-level EHR/HIE adoption.",True
R1017,E_stage1_excl,PubMed,The Difficult Airway Navigator: Development and Implementation of a Health Care System's Approach to Difficult Airway Documentation Utilizing the Electronic Health Record.,2021,10.1213/XAA.0000000000001455,EXCLUDE,EXCLUDE,"Single clinical documentation tool implementation, not org/national interoperability adoption study.",True
R1027,E_stage1_excl,PubMed,Current Barriers to Large-scale Interoperability of Traceability Technology in the Seafood Sector.,2017,10.1111/1750-3841.13796,EXCLUDE,EXCLUDE,"Seafood traceability technology, not EHR/EMR/HIE health-IT interoperability.",True
R1057,E_stage1_excl,PubMed,Development and implementation of patient-level prediction models of end-stage renal disease for type 2 diabetes patients using fast healthcare interoperability resources.,2022,10.1038/s41598-022-15036-6,EXCLUDE,EXCLUDE,"Single-disease clinical prediction model; EHR/FHIR used as data source, not adoption study.",True
R1083,E_stage1_excl,PubMed,"Effectiveness, reach, uptake, and feasibility of digital health interventions for adults with hypertension: a systematic review and meta-analysis of randomised controlled trials.",2023,10.1016/S2589-7500(23)00002-X,EXCLUDE,EXCLUDE,"Single-condition (hypertension) digital health intervention, patient-level, not EHR/HIE interoperability.",True
R1100,E_stage1_excl,PubMed,"Decreasing drug waste, reducing drug costs, and improving workflow efficiency through the implementation of automated chemotherapy dose rounding rules in the electronic health record system.",2022,10.1093/ajhp/zxab479,EXCLUDE,EXCLUDE,"Single-condition (oncology) EHR feature/cost-savings study, not interoperability adoption/implementation.",True
R1106,E_stage1_excl,PubMed,How Health Care Providers Can Use Digital Health Technologies to Inform Human Papillomavirus (HPV) Decision Making and Promote the HPV Vaccine Uptake Among Adolescents and Young Adults.,2019,10.1089/biores.2018.0051,EXCLUDE,EXCLUDE,"Single-disease (HPV vaccine) digital health patient acceptance study, not EHR/HIE interoperability.",True
R1130,E_stage1_excl,PubMed,"Design, implementation and evaluation of a spiral module combining data science, digital health and evidence-based medicine in the undergraduate medical curriculum: A mixed methods study.",2024,10.1016/j.clinme.2024.100207,EXCLUDE,EXCLUDE,"Medical education curriculum design, not EHR/HIE adoption at organizational/system level.",True
R1132,E_stage1_excl,PubMed,Education and electronic health record implementation-better together? An assessment of compliance of oral vancomycin dosing for Clostridioides difficile infection and the impact of different antimicrobial stewardship interventions.,2026,10.1017/ash.2025.10272,EXCLUDE,EXCLUDE,"Single-disease antimicrobial stewardship intervention, not org-level EHR adoption/implementation study.",True
R1140,E_stage1_excl,PubMed,Implementation of an Enhanced Recovery Pathway for Minimally Invasive Pectus Surgery: A Population-Based Cohort Study Evaluating Short- and Long-Term Outcomes Using eHealth Technology.,2018,10.2196/10996,EXCLUDE,EXCLUDE,"Single-condition surgical recovery pathway, not EHR/HIE interoperability adoption study.",True
R1148,E_stage1_excl,PubMed,Using EHR Data to Identify Social Determinants of Health Affecting Disparities in Cancer Survival.,2022,10.3233/SHTI220224,EXCLUDE,EXCLUDE,"EHR used as data source for cancer survival study, not adoption/implementation.",True
R1159,E_stage1_excl,PubMed,Determinants of Digital Health Literacy: International Cross-Sectional Study.,2025,10.2196/66631,EXCLUDE,EXCLUDE,"Studies individual patient digital health literacy, not EHR/HIE organizational adoption.",True
R1160,E_stage1_excl,PubMed,"Effectiveness, reach, uptake, and feasibility of digital health interventions for adults with type 2 diabetes: a systematic review and meta-analysis of randomised controlled trials.",2023,10.1016/S2589-7500(22)00233-3,EXCLUDE,EXCLUDE,"Single-disease (diabetes) digital health interventions, not EHR/HIE interoperability.",True
R1161,E_stage1_excl,PubMed,Digital health literacy as a super determinant of health: More than simply the sum of its parts.,2022,10.1016/j.invent.2022.100500,EXCLUDE,EXCLUDE,"Individual literacy determinant, not organizational/national EHR/HIE adoption.",True
R1175,E_stage1_excl,PubMed,[Addressing the digital determinants of health: Main advantages and challenges of digital health].,2025,10.1016/j.aprim.2025.103311,EXCLUDE,EXCLUDE,"Focuses on digital health equity/access, not EHR/HIE interoperability adoption at organizational level.",True
R1188,E_stage1_excl,PubMed,Language-Related Barriers to Digital Health Engagement in Pediatric Primary Care.,2025,10.1177/15305627251387193,EXCLUDE,EXCLUDE,"Patient-level portal/telemedicine engagement disparity study, not organizational adoption/interoperability determinants.",True
R1191,E_stage1_excl,PubMed,Identifying and Addressing Social Determinants of Health with an Electronic Health Record.,2025,10.3122/jabfm.2024.240167R1,EXCLUDE,EXCLUDE,"EHR used as tool for SDoH screening, not interoperability adoption study.",True
R1205,E_stage1_excl,PubMed,Social Determinants of Health in Digital Health Policies: an International Environmental Scan.,2024,10.1055/s-0044-1800759,EXCLUDE,EXCLUDE,"Focuses on SDoH inclusion in digital health policy, not EHR/HIE adoption/implementation determinants.",True
R1207,E_stage1_excl,PubMed,Gender-Specific Determinants of eHealth Literacy: Results from an Adolescent Internet Behavior Survey in Taiwan.,2022,10.3390/ijerph19020664,EXCLUDE,EXCLUDE,"Individual consumer eHealth literacy study, not EHR/HIE adoption at organizational level.",True
R1212,E_stage1_excl,PubMed,"Telehealth Implementation, Treatment Attendance, and Socioeconomic Disparities in Treatment Utilization in a Community Mental Health Setting During the COVID-19 Pandemic: A Retrospective Analysis of Electronic Health Record Data.",2023,10.1089/tmr.2022.0005,EXCLUDE,EXCLUDE,"Telehealth attendance/utilization study, EHR used only as data source, not interoperability adoption.",True
R1214,E_stage1_excl,PubMed,"Hypothesis: Is ""Terminator Syndrome"" a Barrier to Democratizing Artificial Intelligence and Public Engagement in Digital Health?",2019,10.1089/omi.2019.0070,EXCLUDE,EXCLUDE,"Opinion/hypothesis piece on AI public perception, not eHealth interoperability adoption.",True
R1221,E_stage1_excl,PubMed,Determinants of Digital Health Literacy Among Patients With Serious Mental Illness: Cross-Sectional Survey.,2026,10.2196/88700,EXCLUDE,EXCLUDE,"Patient digital health literacy study, not EHR/HIE organizational adoption topic.",True
R1229,E_stage1_excl,PubMed,Advancing Interoperability of Patient-level Social Determinants of Health Data to Support COVID-19 Research.,2022,,EXCLUDE,EXCLUDE,"Data-mapping case study for SDoH interoperability, not organizational EHR/HIE adoption determinants.",True
R1232,E_stage1_excl,PubMed,Enrichment of a Data Lake to Support Population Health Outcomes Studies Using Social Determinants Linked EHR Data.,2023,,EXCLUDE,EXCLUDE,"Data linkage/privacy framework for research use, not adoption/implementation determinants of EHR systems.",True
R1244,E_stage1_excl,PubMed,Social determinants of health predict readmission following COVID-19 hospitalization: a health information exchange-based retrospective cohort study.,2024,10.3389/fpubh.2024.1352240,EXCLUDE,EXCLUDE,"HIE used as data source for clinical readmission study, not adoption/implementation topic.",True
R1255,E_stage1_excl,PubMed,Understanding digital health literacy as a structural determinant of health and public health capability.,2026,10.1186/s44263-025-00236-9,EXCLUDE,EXCLUDE,"Digital health literacy topic, not EHR/HIE adoption or interoperability determinants.",True
R1258,E_stage1_excl,PubMed,"Realizing the potential of social determinants data in EHR systems: A scoping review of approaches for screening, linkage, extraction, analysis, and interventions.",2024,10.1017/cts.2024.571,EXCLUDE,EXCLUDE,"Focus is SDoH data capture/use in EHR, not interoperability adoption/implementation determinants.",True
R1268,E_stage1_excl,PubMed,Barriers and facilitators to health information exchange in low- and middle-income country settings: a systematic review protocol.,2015,10.14236/jhi.v22i2.98,EXCLUDE,EXCLUDE,"Systematic review protocol only, no results reported; also pre-2015 evidence period.",True
R1275,E_stage1_excl,PubMed,Sociodemographic determinants of digital health literacy: A systematic review and meta-analysis.,2023,10.1016/j.ijmedinf.2023.105124,EXCLUDE,EXCLUDE,"Individual digital health literacy, not EHR/HIE organizational adoption/implementation.",True
R1294,E_stage1_excl,PubMed,Digital health literacy among urban community-dwelling older adults in China: Current status and determinants.,2026,10.1177/20552076261452909,EXCLUDE,EXCLUDE,"Individual patient/consumer digital health literacy, not organizational EHR/HIE adoption.",True
R1295,E_stage1_excl,PubMed,Determinants of digital health literacy among older adult patients with chronic diseases: a qualitative study.,2025,10.3389/fpubh.2025.1568043,EXCLUDE,EXCLUDE,"Patient-level digital health literacy study, not organizational EHR/HIE adoption.",True
R1329,E_stage1_excl,PubMed,eHealth as a facilitator of equitable access to primary healthcare: the case of caring for non-communicable diseases in rural and refugee settings in Lebanon.,2018,10.1007/s00038-018-1092-8,EXCLUDE,EXCLUDE,"Single-disease screening app for NCD detection, not EHR/HIE interoperability adoption.",True
R1339,E_stage1_excl,PubMed,Rapid Adoption of a Serious Illness Conversation Electronic Medical Record Template: Lessons Learned and Future Directions.,2020,10.1089/jpm.2019.0420,EXCLUDE,EXCLUDE,"Single-condition (serious illness conversation) clinical documentation tool, not general interoperability adoption.",True
R1348,E_stage1_excl,PubMed,Dissatisfaction and Barriers in Electronic Health Record Use for Patients With Inflammatory Bowel Disease: A Nationwide Survey of Major IBD Centers.,2025,10.14309/ajg.0000000000003598,EXCLUDE,EXCLUDE,"Single-disease (IBD) clinician satisfaction survey, not interoperability adoption/implementation determinants.",True
R1358,E_stage1_excl,PubMed,Older adults' acceptability and perceived barriers to digital health tools integrating nutrition and physical activity: a focus group study.,2026,10.3389/fdgth.2026.1803847,EXCLUDE,EXCLUDE,"Patient/consumer-only acceptance of mHealth app, not EHR/HIE interoperability at organizational level.",True
R1362,E_stage1_excl,PubMed,Social Determinants of Health and After-Hours Electronic Health Record Documentation: A National Survey of US Physicians.,2022,10.1089/pop.2021.0212,EXCLUDE,EXCLUDE,"Studies SDoH documentation burden, not EHR adoption/implementation determinants.",True
R1381,E_stage1_excl,PubMed,Effective implementation of electronic medical records and health information technologies.,2015,,EXCLUDE,EXCLUDE,"Studies IT capabilities' effect on clinical mortality, not adoption/implementation determinants.",True
R1405,E_stage1_excl,PubMed,Highlights From ACMQ's Annual Meeting Virtual Medical Quality 2020: Real World Digital Health Strategies Impacting Social Determinants of Health and Health Care Disparities.,2021,10.1097/01.JMQ.0000733464.74709.f3,EXCLUDE,EXCLUDE,"Conference highlights/editorial on digital health/SDOH, not EHR/HIE adoption study.",True
R1423,E_stage1_excl,PubMed,A retrospective evaluation of a health provider electronic health record reminder system to reduce urinary tract infections through enhanced barrier precautions in a skilled nursing facility.,2026,10.1177/17571774261440765,EXCLUDE,EXCLUDE,"Single-condition (UTI) infection-control QI study using EHR reminders, not interoperability adoption.",True
R1427,E_stage1_excl,PubMed,Development and implementation of an electronic medical record module to track genetic testing results.,2021,10.1038/s41436-020-01057-x,EXCLUDE,EXCLUDE,"Single-institution EMR module for genetic test tracking, not interoperability/adoption study.",True
R1443,E_stage1_excl,PubMed,"Development of an electronic health record-based Human Immunodeficiency Virus (HIV) risk prediction model for women, incorporating social determinants of health.",2025,10.1186/s12889-025-23460-2,EXCLUDE,EXCLUDE,"EHR used as data source for clinical risk-prediction model, not interoperability adoption study.",True
R1463,E_stage1_excl,PubMed,Implementation of Indigenous Electronic Medical Record System to Facilitate Care of Sickle Cell Disease Patients in Chhattisgarh.,2016,10.7860/JCDR/2016/16047.7186,EXCLUDE,EXCLUDE,"Single-disease (sickle cell) EMR data system, not interoperability adoption study.",True
R1494,E_stage1_excl,PubMed,Association between Electronic Medical Record Implementation of Default Opioid Prescription Quantities and Prescribing Behavior in Two Emergency Departments.,2018,10.1007/s11606-017-4286-5,EXCLUDE,EXCLUDE,"Single clinical intervention (opioid prescribing defaults) using EHR, not adoption/implementation determinants.",True
R1518,E_stage1_excl,PubMed,Decreased in-hospital mortality rate following implementation of a comprehensive electronic medical record system.,2022,10.1111/jpc.15718,EXCLUDE,EXCLUDE,"Studies EMR impact on mortality outcomes, not adoption/implementation determinants.",True
R1532,E_stage1_excl,PubMed,Implementation of an electronic medical record tool for early detection of deep vein thrombosis in the ambulatory oncology setting.,2019,10.1002/rth2.12176,EXCLUDE,EXCLUDE,"Single-condition clinical alert tool for DVT detection, not interoperability adoption study.",True
R1548,E_stage1_excl,PubMed,An Electronic Medical Record-Derived Individualized Performance Metric to Measure Risk-Adjusted Adherence with Perioperative Prophylactic Bundles for Health Care Disparity Research and Implementation Science.,2020,10.1055/s-0040-1714692,EXCLUDE,EXCLUDE,"EMR used as data source for clinical performance metric, not interoperability adoption.",True
R1563,E_stage1_excl,PubMed,Next Steps and Barriers for Integration of Artificial Intelligence into Electronic Medical Records and Cardiovascular Health.,2026,10.1016/j.amjcard.2026.05.022,EXCLUDE,EXCLUDE,"AI integration into EMR for cardiovascular focus, not general interoperability adoption; no abstract detail.",True
R1567,E_stage1_excl,PubMed,Sex Differences in Determinants of Suicide Risk Preceding Psychiatric Admission: An Electronic Medical Record Study.,2022,10.3389/fpsyt.2022.892225,EXCLUDE,EXCLUDE,"EMR used only as data source for suicide-risk clinical study, not interoperability adoption.",True
R1573,E_stage1_excl,PubMed,Moving electronic medical records upstream: incorporating social determinants of health.,2015,10.1016/j.amepre.2014.07.009,EXCLUDE,EXCLUDE,"Focuses on EMR content/functionality for SDOH, not interoperability adoption determinants.",True
R1575,E_stage1_excl,PubMed,DeepBiomarker2: Prediction of Alcohol and Substance Use Disorder Risk in Post-Traumatic Stress Disorder Patients Using Electronic Medical Records and Multiple Social Determinants of Health.,2024,10.3390/jpm14010094,EXCLUDE,EXCLUDE,"EHR used as clinical prediction data source, not adoption/implementation study.",True
R1584,E_stage1_excl,IEEE,Health Record Chain (HRC): Implementation of Mobile Healthcare system using Blockchain to enhance Privacy of Electronic Health Record EHR,2020,10.1109/CSCI51800.2020.00161,EXCLUDE,EXCLUDE,"Mobile app/blockchain privacy system, wearable-focused, not organizational EHR adoption/implementation determinants.",True
R1611,E_stage1_excl,IEEE,The Implementation of CPML for the Improved HIE-FDTD Method,2023,10.1109/MAPCON58678.2023.10464006,EXCLUDE,EXCLUDE,"Unrelated field—computational electromagnetics (FDTD numerical method), not health IT.",True
R1616,E_stage1_excl,IEEE,Implementation of Fog computing for reliable E-health applications,2015,10.1109/ACSSC.2015.7421170,EXCLUDE,EXCLUDE,"Fog/cloud computing infrastructure paper, not EHR/HIE interoperability adoption study.",True
R1617,E_stage1_excl,IEEE,Implementation of an “at-home” e-Health system using heterogeneous devices,2016,10.1109/ISC2.2016.7580865,EXCLUDE,EXCLUDE,"Home health-monitoring sensor system, not EHR/HIE interoperability adoption study.",True
R1621,E_stage1_excl,IEEE,Design and implementation of an e-Health system for depression detection,2015,10.1109/ICCE.2015.7066324,EXCLUDE,EXCLUDE,"Single-condition (depression) detection app, not EHR/HIE interoperability.",True
R1625,E_stage1_excl,IEEE,"Challenges in the design and implementation of wireless sensor networks: A holistic approach-development and planning tools, middleware, power efficiency, interoperability",2015,10.1109/MECO.2015.7181857,EXCLUDE,EXCLUDE,"Wireless sensor network technology, not EHR/HIE/health-IT interoperability.",True
R1632,E_stage1_excl,IEEE,Implementation and Evaluation of the iHAC Hub Leveraging the Web of Things for Interoperability Between Matter and ECHONET Lite Devices,2026,10.1109/CCNC65079.2026.11366425,EXCLUDE,EXCLUDE,"Smart home device interoperability, not health-IT/EHR/HIE systems.",True
R1634,E_stage1_excl,IEEE,Interoperability Conflict in Data Warehouse Implementation: A Paired Samples T-Test Analysis of Technical Performance and Stakeholder Satisfaction,2026,10.1109/AIEI69164.2026.11497258,EXCLUDE,EXCLUDE,"Data warehouse study, not EHR/EMR/HIE health-IT interoperability.",True
R1635,E_stage1_excl,IEEE,Virtual Testbed Implementation for Interoperability Verification of Multi-Robot Control Frameworks,2025,10.23919/ICCAS66577.2025.11301204,EXCLUDE,EXCLUDE,"Multi-robot control interoperability, not EHR/HIE health-IT adoption.",True
R1645,E_stage1_excl,IEEE,Sentiment Classification of Features in e-Health Adoption: A Technical and Security Approach Using Convolutional Neural Network (CNN),2024,10.1109/IoTaIS64014.2024.10799498,EXCLUDE,EXCLUDE,"Consumer app review sentiment analysis, not organizational/institutional adoption determinants.",True
R1659,E_stage1_excl,IEEE,Evaluating Academic Performance in Health Informatics Post-EHR Implementation,2024,10.1109/ICHI61247.2024.00118,EXCLUDE,EXCLUDE,"About educational curriculum impact, not organizational adoption/implementation determinants.",True
R1661,E_stage1_excl,IEEE,Implementation of Lightweight eHealth Applications on a Low-Power Embedded Processor,2020,10.1109/ACCESS.2020.3006901,EXCLUDE,EXCLUDE,"IoT device hardware/monitoring engineering, not EHR/HIE interoperability adoption.",True
R1662,E_stage1_excl,IEEE,Increasing Engagement in eHealth Interventions Using Personalization and Implementation Intentions,2020,10.1109/SIEDS49339.2020.9106640,EXCLUDE,EXCLUDE,"Single-condition mental health eHealth intervention, patient engagement, not EHR/HIE org-level.",True
R1677,E_stage1_excl,IEEE,"A Secondary Control Framework for Microgrid Interoperability With Vendor-Agnostic Grid-Forming Units: Design, Implementation, and Demonstration via Large-Scale Hardware Setup",2025,10.1109/ACCESS.2025.3643737,EXCLUDE,EXCLUDE,"Microgrid power control interoperability, not health-IT/EHR/HIE.",True
