"Document Title",Authors,"Author Affiliations","Publication Title",Date Added To Xplore,"Publication Year","Volume","Issue","Start Page","End Page","Abstract","ISSN",ISBNs,"DOI",Funding Information,PDF Link,"Author Keywords","IEEE Terms","Mesh_Terms",Article Citation Count,Patent Citation Count,"Reference Count","License",Online Date,Issue Date,"Meeting Date","Publisher",Document Identifier
"Health Record Chain (HRC): Implementation of Mobile Healthcare system using Blockchain to enhance Privacy of Electronic Health Record EHR","A. Alfaidi; E. Chow","Department of Computer Science, University of Colorado at Colorado Springs, Colorado Springs, USA; Department of Computer Science, University of Colorado at Colorado Springs, Colorado Springs, USA",2020 International Conference on Computational Science and Computational Intelligence (CSCI),"23 Jun 2021","2020","","","863","866","Mobile health applications connect to wearable devices with inbuilt sensors to monitor critical human body parameters such as heart rate, pulse rate, body temperatures ,and others. This paper will introduce our system, Health Record Chain HRC, to investigate how to design and implement secure mobile health systems that leverage the smart mobile devices' new authentication and geo-location mechanism. HRC introduces an enhancing framework to ensure the users' security and privacy and conform to the related regulations ( General Data Protection Regulation GDPR, Health Insurance Portability and Accountability Act HIPPA) using blockchain. The immutability of blockchain conflicts with GDPR’ ""Right to be forgotten"" when the user can delete all of his/her data. This work implements a blockchain system with a mobile application and a web interface to address this conflict by hashing the Electronic health record EHR to Ethereum based blockchain.","","978-1-7281-7624-6","10.1109/CSCI51800.2020.00161","","https://ieeexplore.ieee.org/stamp/stamp.jsp?arnumber=9457984","Mobile health application;Electronic Health Record EHR;Blockchain;Ethereum;Privacy","Temperature sensors;Temperature measurement;Scientific computing;Regulation;Security;Blockchains;Wearable devices","","3","","11","IEEE","23 Jun 2021","16-18 Dec. 2020","16-18 Dec. 2020","IEEE","IEEE Conferences"
"Electronic Health Record System (EHR) Adoption: From Bangaladesh Medical Students' Perspective","M. N. Sakib; M. Jaladeen; M. Razi","Department of Information Systems, International Islamic University, Malaysia; Dept. of Inf. Syst., Int. Islamic Univ., Kuala Lumpur, Malaysia; Dept. of Inf. Syst., Int. Islamic Univ., Kuala Lumpur, Malaysia",2015 4th International Conference on Advanced Computer Science Applications and Technologies (ACSAT),"26 May 2016","2015","","","234","238","Paper base health care systems create number of problems. Considerable amount of data recording and storage cost with protection from fire, water etc., improper documentation, poor accessibility of medical record, fragile or lost document, ambiguous note of physician, and fragmentation of patient document cause ambiguity in health care system. To overcome, most of the countries have shown their keen interest to adapt electronic health record (EHR) systems. Bangladesh, as one of the most populated countries, undeniably will be benefited by such systems. However, very limited information is available in the literature about current and future medical doctors' perception towards EHR in third world countries, such as Bangladesh. Therefore, the current study aims to investigate the level of behavioral intention and the influencing factors towards EHR adoption by collecting data from 238 medical students from two Bangladesh medical colleges. The finding shows that the respondents are moderately intent to use EHR and all three factors, performance expectancy, effort expectancy, and social influence that were considered to be influencing their intention were emerged as predictors.","","978-1-5090-0424-9","10.1109/ACSAT.2015.44","","https://ieeexplore.ieee.org/stamp/stamp.jsp?arnumber=7478750","Bangladesh;EHR;Technology adoption;Medical Students","Computational modeling;Reliability;Hospitals;Electronic medical records;Security","","2","","18","IEEE","26 May 2016","8-10 Dec. 2015","8-10 Dec. 2015","IEEE","IEEE Conferences"
"Integrative system of virtual electronic health record with online community-based health determinant data for home care service: MHealth development and usability test","W. Boonchieng; E. Boonchieng; W. Tuanrat; C. Khuntichot; K. Duangchaemkarn","Faculty of Nursing, Chiang Mai University, Chiang Mai, Thailand; Center of Excellence in Community Health Informatics, Chiang Mai University, Chiang Mai, Thailand; Faculty of Nursing, Chiang Mai University, Chiang Mai, Thailand; Center of Excellence in Community Health Informatics, Chiang Mai University, Chiang Mai, Thailand; Biomedical Engineering Center, Chiang Mai University, Chiang Mai, Thailand",2017 IEEE Healthcare Innovations and Point of Care Technologies (HI-POCT),"21 Dec 2017","2017","","","5","8","Home care service is an important sector of public health service in Thailand. It is necessary that home healthcare team needed to access patient past medical history to improve the overall quality of the service. However, the limitation of current electronics health record (EHR) system, patient medical record is unable to access outside the healthcare setting. We developed a virtual electronic health record and integrated it into the community-based health determinant data system which is containing health-related determinant information range from district level down to individual level, based on the location of their household. The aim of this project is to develop an integrated system that can reconcile the medical history from the hospital to provide intuitive information for the home healthcare team. According to this objective, transmission control protocol and internet protocol (TCP/IP) architecture was designed and developed. Different independent databases are connected using mobile communication platform (mHealth). User authorization requires to retrieve the individual clinical information from virtual EHR. The evaluation of mHealth application based on usability tests and feasibility studies on effectiveness, efficacy, and satisfaction for home healthcare providers.","","978-1-5386-1392-4","10.1109/HIC.2017.8227571","","https://ieeexplore.ieee.org/stamp/stamp.jsp?arnumber=8227571","","Usability;Databases;History;Mobile communication;Electronic medical records;Hospitals","","3","","9","IEEE","21 Dec 2017","6-8 Nov. 2017","6-8 Nov. 2017","IEEE","IEEE Conferences"
"An analysis of the adoption of health information exchange under network effects","Xinxin Guo; Haiyan Wang","School of Economics and Management, Southeast University, Nanjing, China; School of Economics and Management, Southeast University, Nanjing, China",2017 International Conference on Service Systems and Service Management,"31 Jul 2017","2017","","","1","4","The presence of network and competitive effects result in reluctance to engage in information sharing. To study the influence of the above effect on the hospitals HIE adoption decisions, we analyze the effect of heterogeneous health care quality and price between two hospitals on new market equilibrium using a modified Hotelling framework. Our results provide decision support for hospital adoption of HIE.","2161-1904","978-1-5090-6370-3","10.1109/ICSSSM.2017.7996261","","https://ieeexplore.ieee.org/stamp/stamp.jsp?arnumber=7996261","Health information exchange;Technology adoption;Health care inequality;Network effects","Hospitals;Information management;Switches;Information exchange;Economics;Consumer electronics","","","","10","IEEE","31 Jul 2017","16-18 June 2017","16-18 June 2017","IEEE","IEEE Conferences"
"Theoretical Model of Determinants Factors of Health Information Technology (HIT) Acceptance","N. Sevani; B. Marpaung","Department of Informatics Engineering, Krida Wacana Christian University (Ukrida), Jakarta, Indonesia; Department of Industrial Engineering, Krida Wacana Christian University (Ukrida), Jakarta, Indonesia",2018 International Seminar on Research of Information Technology and Intelligent Systems (ISRITI),"14 Oct 2019","2018","","","690","694","Knowledge of determinants factors of Health Information Technology (HIT) acceptance is important for successful implementation of the technology. So far, the Technology Acceptance Model (TAM) and Unified Theory of Acceptance and Use of Technology (UTAUT) are commonly adopted to measure user acceptance of the technology in the medical field. However, to be implemented in developing countries, those models should be extended. One of the determinant factors that affect user acceptance of the HIT in developing countries is cost-effectiveness. Therefore, in this study, we develop a theoretical model by elaborating variables from TAM and UTAUT with cost-effectiveness. The proposed model is expected to give benefit to the healthcare provider in developing countries, to implement a proper strategy of the HIT.","","978-1-5386-7422-2","10.1109/ISRITI.2018.8864471","","https://ieeexplore.ieee.org/stamp/stamp.jsp?arnumber=8864471","cost-effectiveness;medical area;TAM;user acceptance;UTAUT","Reliability theory;Testing;Organizations;Hospitals","","4","","31","IEEE","14 Oct 2019","21-22 Nov. 2018","21-22 Nov. 2018","IEEE","IEEE Conferences"
"Barriers and Facilitators of Health Information Exchange (HIE) Adoption in the United States","H. Wu; E. Larue",Chatham University; University of Pittsburgh,2015 48th Hawaii International Conference on System Sciences,"30 Mar 2015","2015","","","2942","2949","HIE is growing in the United States because HIE is an important priority under the Meaningful Use stage II requirements. However, only a small percent of U.S. Hospitals engaged in HIE with unaffiliated providers and large variation existed among states. In order to understand potential HIE Adoption Recommendations, we reviewed the literature on barriers and facilitators of HIE adoption in the United States. Our search yielded 669 articles, 48 meeting our inclusion criteria. In general, we found several organizational and end user HIE adoption barriers as well as facilitators. Therefore, policy-makers, healthcare organizations, vendors, and clinic staffs need to work closely and innovatively in order to overcome all of these barriers and utilize facilitators to expedite nationwide HIE adoption, minimize data breach, and eventually, achieve continuity of care.","1530-1605","978-1-4799-7367-5","10.1109/HICSS.2015.356","","https://ieeexplore.ieee.org/stamp/stamp.jsp?arnumber=7070171","Health Information Exchange;adoption;barriers;facilitators;United States","Hospitals;Standards organizations;Government;Data models;Biological system modeling","","12","","46","IEEE","30 Mar 2015","5-8 Jan. 2015","5-8 Jan. 2015","IEEE","IEEE Conferences"
"Research and Implementation of Real World Traditional Chinese Medicine Clinical Scientific Research Information Electronic Medical Record Sharing System","Y. Tian; Q. Xie; R. Zhang; X. Zhou; T. Wen; L. Zhang; X. Zhang; B. Wang; X. Miao; J. Yang; B. Liu","China Academy of Chinese Medical Sciences, Institute of Information on Traditional Chinese Medicine (National Data Center), Beijing, China; China Academy of Chinese Medical Sciences, Beijing, China; Guang’anmen Hospital China Academy of Chinese Medical Sciences, Beijing, China; Beijing Jiaotong University, Beijing, China; China Academy of Chinese Medical Sciences, Institute of Information on Traditional Chinese Medicine (National Data Center), Beijing, China; China Academy of Chinese Medical Sciences, Institute of Information on Traditional Chinese Medicine (National Data Center), Beijing, China; China Academy of Chinese Medical Sciences, Institute of Information on Traditional Chinese Medicine (National Data Center), Beijing, China; China Academy of Chinese Medical Sciences, Institute of Information on Traditional Chinese Medicine (National Data Center), Beijing, China; Beijing ZhongTengBaiMai Medical Technology Company Ltd, Beijing, China; China Academy of Chinese Medical Sciences, Institute of Information on Traditional Chinese Medicine (National Data Center), Beijing, China; China Academy of Chinese Medical Sciences, Beijing, China",2022 IEEE International Conference on Bioinformatics and Biomedicine (BIBM),"2 Jan 2023","2022","","","3715","3718","The standardization degree of traditional Chinese medicine clinical data in the real world is low and heterogeneous data aggregation among institutions is difficult, which leads to the difficulty of sharing clinical data and scientific research data of traditional Chinese medicine. This paper designs and implements a real world traditional Chinese medicine clinical scientific research information electronic medical record sharing system. The system consists mainly of two subsystems, namely electronic medical record collection system and electronic medical record integration system. The collection system can collect, normalize and structured storage inpatient electronic medical records, outpatient electronic medical records and cloud platform electronic medical records. The integration system can integrate heterogeneous data from different traditional Chinese medicine diagnostic and treatment institutions to realize the sharing of traditional Chinese medicine clinical and research data.","","978-1-6654-6819-0","10.1109/BIBM55620.2022.9994972","","https://ieeexplore.ieee.org/stamp/stamp.jsp?arnumber=9994972","electronic medical record;scientific research information;sharing system;real world traditional Chinese medicine clinical","Dictionaries;Databases;Data integration;Standardization;Quality control;Data aggregation;Data mining","","2","","9","IEEE","2 Jan 2023","6-8 Dec. 2022","6-8 Dec. 2022","IEEE","IEEE Conferences"
"Implementation of a city-wide Health Information Exchange solution in the largest metropolitan region in China","Guangjun Yu; Wenbin Cui; Li Zhou; D. W. Bates; Jianlei Gu; Hui Lu","Department of Medical Affairs, Shanghai Hospital Development Center, Shanghai, China; Department of Medical Affairs, Shanghai Hospital Development Center, Shanghai, China; Brigham and Women's Hospital, Harvard Medical School, Boston, Massachusetts; Brigham and Women's Hospital, Harvard Medical School, Boston, Massachusetts; Center for Biomedical Informatics, Shanghai Jiaotong University, Shanghai, China; Center for Biomedical Informatics, Shanghai Jiaotong University, Shanghai, China",2016 IEEE International Conference on Bioinformatics and Biomedicine (BIBM),"19 Jan 2017","2016","","","795","798","Objective: Health Information Exchange (HIE) enables providers to share healthcare information electronically across different organizations to promote safer, more efficient, and less costly patient-centered care. This paper describes the development and implementation of a city-wide HIE system in Shanghai, China. Methods: In 2006, as a product of the Chinese healthcare reform, the Health Information Exchange and Sharing Platform was proposed as a means to facilitate HIE within Shanghai. In collaboration with the Shanghai Hospital Development Center, a state-run nonprofit corporate, the HIE project was implemented across multiple levels within the city. The HIE system is based on the Service-oriented Architecture and complies with industry standards. Results: On September 2010, the first and largest Chinese HIE system was established. As of 2016 the system includes all of Shanghai's 38 tertiary hospitals (highest level hospitals in China), plus 6 district hospitals, and 40 community health centers, with coverage for 39 million patients. The system currently provides a rich source of patient information including encounter history, medication history, laboratory results, radiology images and reports, and clinical notes. Initial outcomes indicate a significant reduction in medication errors and duplication of tests, saving at least 48 million RMB a year, with overall improvement in the quality of care following implementation. Conclusion: The adoption of HIE in Shanghai resulted in improved access to accurate, complete, and relevant clinical information in real time, thus facilitating delivery of high-quality, cost-effective, and efficient care.","","978-1-5090-1611-2","10.1109/BIBM.2016.7822626","","https://ieeexplore.ieee.org/stamp/stamp.jsp?arnumber=7822626","Health Information Exchange;Interoperability;Regional Health Information Exchange Organizations;Longitudinal Health Records","Hospitals;Information exchange;Biomedical imaging;Urban areas;Clinical diagnosis","","3","","10","IEEE","19 Jan 2017","15-18 Dec. 2016","15-18 Dec. 2016","IEEE","IEEE Conferences"
"Implementation of Blockchain based Electronic Health Record System using Java Eclipse and MongoDB","M. Nasreen; S. K. Singh","Dept. of Computer Science & Information Technology, Mahatma Gandhi Central University, Motihari, INDIA; Dept. of Computer Science & Information Technology, Mahatma Gandhi Central University, Motihari, INDIA",2022 IEEE International Conference on Blockchain and Distributed Systems Security (ICBDS),"9 Nov 2022","2022","","","1","6","With the advancement in technologies, Healthcare systems are facing different issues and challenges. Increase in population, increases the health issues. Large amount of health data is being generated and to store these data, centralized EHRs (Electronic Health Records) are used, due to which the problem of data security and privacy also increases. To overcome this situation, a distributed-ledger technology (DLT), Blockchain is developed. Its far-reaching potential has stretched its capabilities beyond the initial goal and impacted a wide range of fields. Blockchain can innovate community-based healthcare models. It stores the data in distributed database and uses the concept of cryptography for security. This paper stores the EHRs in Blockchain and for its implementation, Java programming language is used. EHRs are accessed from MongoDB and stored in the Blockchain. Proof of Work (PoW) consensus mechanism is applied, to provide security to the health data.","","978-1-6654-2832-3","10.1109/ICBDS53701.2022.9935933","","https://ieeexplore.ieee.org/stamp/stamp.jsp?arnumber=9935933","Blockchain;Electronic Health Records;Hash;Security;HIPAA;Data Preservation","Industries;Java;Sociology;Medical services;Proof of Work;Blockchains;Consensus protocol","","9","","20","IEEE","9 Nov 2022","16-18 Sept. 2022","16-18 Sept. 2022","IEEE","IEEE Conferences"
"Implementation of RSA 2048-bit and AES 256-bit with digital signature for secure electronic health record application","M. A. Sadikin; R. W. Wardhani","Faculty of Engineering, National Crypto Institute, Bogor, Indonesia; National Crypto Institute, Bogor, Indonesia",2016 International Seminar on Intelligent Technology and Its Applications (ISITIA),"23 Jan 2017","2016","","","387","392","This research addresses the implementation of encryption and digital signature technique for electronic health record to prevent cybercrime problem such as robbery, modification and unauthorized access. In this research, RSA 2048-bit algorithm, AES 256-bit and SHA 256 will be implemented in Java programming. Secure Electronic Health Record Information (SEHR) application design is intended to combine given services, such as confidentiality, integrity, authentication, and non-repudiation. Cryptography is used to ensure the file records and electronic documents for detailed information on the medical past, present and future forecasts that have been given only for the patients. The document will be encrypted using an encryption algorithm based on NIST Standard. In the application, there are two schemes, namely the protection and verification scheme. This research uses black-box testing and white-box testing to test the software input, output, and code without testing the process and design that occurs in the system. We demonstrated the implementation of cryptography in Secure Electronic Health Record Information (SEHR). The implementation of encryption and digital signature in this research can prevent archive thievery which is shown on implementation and is proven on the test.","","978-1-5090-1709-6","10.1109/ISITIA.2016.7828691","","https://ieeexplore.ieee.org/stamp/stamp.jsp?arnumber=7828691","Electronic Medical Record;Digital Signature;Cryptography on Java Programming","Encryption;Digital signatures;Electronic medical records;Public key;Authentication;Medical services","","9","","26","IEEE","23 Jan 2017","28-30 July 2016","28-30 July 2016","IEEE","IEEE Conferences"
"A Preliminary Implementation of HL7 FHIR to Achieve Interoperability in Indonesia's Local EHR","I. F. Hidayat; B. R. Hermanto","School of Electrical Engineering and Informatics, Institut Teknologi Bandung, Bandung, Indonesia; School of Electrical Engineering and Informatics, Institut Teknologi Bandung, Bandung, Indonesia",2020 27th International Conference on Telecommunications (ICT),"30 Oct 2020","2020","","","1","5","Electronic Health Records (EHR) presents opportunities to improve interoperability between healthcare services. Interoperability is needed by the primary health centers in Indonesia to enable seamless transfer of patient's health records across healthcare facilities. However, the development of EHR in Indonesia makes interoperability difficult to achieve because it is built differently among healthcare services. This study aims to explore the feasibility of implementing the HL7 FHIR standard in the Indonesian primary health center's EHR. Fast Healthcare Interoperability Resources (FHIR) is a health interoperability standard developed by HL7 that supports syntactic interoperability upon the concept of resources and API. This interoperability standard helps to build the bridge to enable coordination between different systems. In this study, we implemented an EHR client-server prototype to simulate the exchange of health data using the FHIR resources and REST API. The health data messages were modeled and structured as a FHIR resource. The calculation of content overlap shows that only 65.8% of local health data can be represented as a FHIR resource. We did the profiling to further adapt the use of FHIR resources to meet Indonesia's health data requirements. The extensions were added to represent the local data elements that FHIR resources cannot cover. This preliminary study showed that FHIR implementation is possible in Indonesia's primary health centers. The implementation of 111.7 FHIR using FHIR resources, profile, and REST API supports the syntactic and semantic interoperability. It can provide quality data to support the referral system, analysis purposes, and health decision-making.","","978-1-7281-6587-5","10.1109/ICT49546.2020.9239534","","https://ieeexplore.ieee.org/stamp/stamp.jsp?arnumber=9239534","interoperability;FHIR;resources;profile;REST API","Semantics;Decision making;Medical services;Syntactics;Telecommunications;Interoperability;Standards","","6","","22","IEEE","30 Oct 2020","5-7 Oct. 2020","5-7 Oct. 2020","IEEE","IEEE Conferences"
"Protecting Electronic Health Record Transmission by the Implementation of Patient-Oriented Accessibility-Management in a Blockchain-based E-Health Cloud","D. N. Joy; B. Lal; C. S. Yadav","School Of Computer Science Singhania University, Pacheri Bari, Jhunjhunu (Raj.), India; Computer Science and Engineering Singhania University, Pacheri Bari, Jhunjhunu(Raj), India; School of Computer Applications Noida Institute of Engineering and Technology, Greater Noida, India",2025 Third International Conference on Augmented Intelligence and Sustainable Systems (ICAISS),"24 Jun 2025","2025","","","202","210","Online and ""Block-Chain (BC)"" technology advancements are opening up fresh paths of profit for businesses and organizations. The risk of cyberattacks, subsequently, is increased by these developments. The hackers' focus in recent times has shifted to ""Electronic Health Records (EHRs)"" and bank account information. Intending to disrupt company operations as a whole, the hackers make use of an extensive range of tactics. A safe and robust method for managing cyber-attacks is recommended by several healthcare bodies. The current, conventional ""Access-Control Policy (ACP)"" keeps the authority to access the framework centrally. Every request for accessibility in those platforms is routed through a single point of control. Apart from being ineffective in providing dynamic privileges in a networked BC context, this method has several other downsides, especially a one-point failure. To control the allocation of resources to users, this research proposes a ""Patient-Oriented Accessibility-Management (POAM)"" framework for an ""E-Health Cloud (EHC)"" Platform formed in the BC environment. Within the EHC system, ""Health-Service Providers (HSPs)"" are defined as a group within the suggested POAM architecture, which automates the process of exchanging EHRs. The BC participants' transmission and accessibility rights are defined by the ACPs according to the suggested POAM framework. Another feature that the POAM framework offers is the ability for ""Data-Owners (DOs)"" to limit accessibility to users by revoking previously given permission. Using this method, data exchange with several HSPs can be completely automated and set up with no intermediaries, allowing for smooth access. After comparing the proposed POAM framework with the existing BC-LS, and BC-HE frameworks utilizing the measurements of ""Security Ratio,"" ""Encryption Time,"" and ""Decryption Time,"" the results demonstrate that the proposed POAM framework offers a higher level of security.","","979-8-3315-0724-4","10.1109/ICAISS61471.2025.11041984","","https://ieeexplore.ieee.org/stamp/stamp.jsp?arnumber=11041984","Block-Chain;Electronic Health Record;E-Health Cloud;Access-Control Policy;Patient-Oriented Accessibility-Management","Privacy;Computer hacking;Medical services;Time measurement;Real-time systems;Encryption;Delays;Resource management;Electronic medical records;Cyberattack","","","","17","IEEE","24 Jun 2025","21-23 May 2025","21-23 May 2025","IEEE","IEEE Conferences"
"A Cross-Country Comparison of Success Factor Priorities for Health Information Technology Managers: Evidence of Convergence in the Nordic Countries","T. T. H. Nguyen; T. R. Eikebrokk; C. E. Moe; R. Medaglia; H. Larsson; T. Tapanainen","University of Eastern Finland, Finland; University of Agder, Norway; University of Agder, Norway; Copenhagen Business School, Denmark; Orebro University, Sweden; Hanyang University, Korea",2015 48th Hawaii International Conference on System Sciences,"30 Mar 2015","2015","","","2824","2833","The implementation of Health Information Technology (HIT) can improve the provision of high-quality and efficient healthcare services, however, it has met with significant challenges in many cases. Despite the challenges occurring in many countries, prior research on HIT implementation success factors is, however, mainly from the USA. This research conducted a survey to IT managers in Nordic countries' healthcare organizations and compiled a list of the HIT implementation success factors that these managers considered important in each country. It was found that IT managers in Nordic countries agree highly with each other in their judgment of the importance of these success factors. While Nordic countries' healthcare systems and culture are relatively similar, the results suggest that an internationally applicable set of recommendations for the successful completion of HIT implementations could be within the realm of possibility.","1530-1605","978-1-4799-7367-5","10.1109/HICSS.2015.342","","https://ieeexplore.ieee.org/stamp/stamp.jsp?arnumber=7070157","Health Information Technology (HIT);implementation;success factors;Information Technology (IT) manager;Chief Information Officer (CIO)","Organizations;Medical services;Context;Bibliographies;Education;Information technology","","","","60","IEEE","30 Mar 2015","5-8 Jan. 2015","5-8 Jan. 2015","IEEE","IEEE Conferences"
"Development of user acceptance model for electronic medical record system","A. A. Arman; S. Hartati","School of Electrical Engineering and Informatics, Bandung Institute of Technology (ITB), Bandung, Indonesia; School of Electrical Engineering and Informatics, Bandung Institute of Technology (ITB), Bandung, Indonesia",2015 International Conference on Information Technology Systems and Innovation (ICITSI),"24 Mar 2016","2015","","","1","6","Although electronic medical record (EMR) has already applied in many countries, the global adoption rate of EMR still low. Many previous studies found that the main obstacle of EMR systems adoption is the challenges associated with the user. Medical personnel are the main users in EMR system, so medical personnel have a very important role in determining the success rate of EMR system adoption. Acceptance of EMR by medical personnel is a very important requirement to ensure that the benefits expected from the implementation of EMR system are accomplished. Therefore, it is very important to understand factors influencing the acceptance of medical personnel on EMR system. The purpose of this study was to analyze factors influencing the acceptance of medical personnel on EMR system using the proposed model. The original model is the unified theory of acceptance and use of technology (UTAUT). In this research several factors added to the original model. Additional factors are: motivation to help others, privacy risk and trust. The result this study showed that EMR acceptance by medical personnel is significantly influenced by trust, performance expectancy, privacy risk, social influence, motivation to help others and facilitating conditions.","","978-1-4673-6664-9","10.1109/ICITSI.2015.7437724","","https://ieeexplore.ieee.org/stamp/stamp.jsp?arnumber=7437724","UTAUT;EMR;Medical Personnel","Personnel;Privacy;Hospitals;Computational modeling;Information systems;Organizations","","21","","30","IEEE","24 Mar 2016","16-19 Nov. 2015","16-19 Nov. 2015","IEEE","IEEE Conferences"
"Adoption of an Integrated Cloud-Based Electronic Medical Record System at Public Healthcare Facilities in Free-State, South Africa","N. Masana; G. M. Muriithi","Central University of Technology, Bloemfontein, Free State, South Africa; Central University of Technology, Bloemfontein, Free State, South Africa",2019 Conference on Information Communications Technology and Society (ICTAS),"2 May 2019","2019","","","1","6","Access to a patient's medical history at the right time can significantly improve the ability of health practitioners to render effective healthcare services. Health facilities in developing countries often lack this capability due to reliance on manual records. The emerging cloud computing model offers an opportunity to cost-effectively share and exchange selected patient records among healthcare facilities. However, the extent to which Free State public healthcare facilities are willing to embrace a shared cloud platform is unclear. This study investigated this issue using a cross-sectional survey involving thirty-one public healthcare facilities spread across five administrative districts of the Free State Province, South Africa. Results showed that most public healthcare facilities still utilize paper-based systems with some form of IT to record basic patient details. Results also revealed that relative advantage, security concern, top management support and organization readiness are the most significant factors that could influence the decision to adopt.","","978-1-5386-7365-2","10.1109/ICTAS.2019.8703606","","https://ieeexplore.ieee.org/stamp/stamp.jsp?arnumber=8703606","","Cloud computing;Public healthcare;Organizations;Computational modeling;Security;Technological innovation","","3","","34","IEEE","2 May 2019","6-8 March 2019","6-8 March 2019","IEEE","IEEE Conferences"
"Implementing a Model-Based Approach for Digital Health Adoption Model Development","P. Rahayu; S. Dwiasnati; N. Rahim; I. D. A. Saputra; F. Ranadhan","Information System Department, Faculty of Computer Science, Universitas Mercu Buana, Jakarta, Indonesia; Informatic Department, Faculty of Computer Science, Universitas Mercu Buana, Jakarta, Indonesia; Fakulti Informatik Dan Komputeran, Universiti Sultan Zainal Abidin, Malaysia; Informatic Department, Faculty of Computer Science, Universitas Mercu Buana, Jakarta, Indonesia; Informatic Department, Faculty of Computer Science, Universitas Mercu Buana, Jakarta, Indonesia","2023 International Conference on Informatics, Multimedia, Cyber and Informations System (ICIMCIS)","14 Dec 2023","2023","","","352","357","The purpose of this study is to create a digital health adoption model based on parameters that have been found in previous studies, using the Model Development Engineering (MDE) method. This method is used to overcome the challenges of the Covid-19 pandemic in validating the model design to be implemented. One of the main advantages of the Model Development Engineering (MDE) approach is that all models produced are formal extensions of the Unified Modeling Language (UML). MDE is a system used to build a framework for organizing, planning, and controlling the information systems development process. In the verification stage of the Digital Health model, the presentation stage is adopted which involves two approaches, namely the design approach and the system approach. The design approach adopts Model Driven Engineering (MDE), which is used in the development of system architecture. The results of this study are the model designs used to adjust validation in developing digital health models using the Model Development Engineering technique.","2837-5203","979-8-3503-0730-6","10.1109/ICIMCIS60089.2023.10349048","Universitas Mercu Buana; Universitas Mercu Buana; ","https://ieeexplore.ieee.org/stamp/stamp.jsp?arnumber=10349048","COVID-19;Pandemic;Digital health;Model Driven Engineering","COVID-19;Pandemics;Multimedia systems;Unified modeling language;Systems architecture;Process control;Model driven engineering","","","","16","IEEE","14 Dec 2023","7-8 Nov. 2023","7-8 Nov. 2023","IEEE","IEEE Conferences"
"Socio-Technological Factors Affecting User’s Adoption of eHealth Functionalities: A Case Study of China and Ukraine eHealth Systems","S. Kutia; S. H. Chauhdary; C. Iwendi; L. Liu; W. Yong; A. K. Bashir","School of Business, Beijing Technology and Business University, Beijing, China; Faculty of Computing and Information Technology, University of Jeddah, Jeddah, Saudi Arabia; Department of Electronics, Central South University of Forestry and Technology, Changsha, China; School of Software, Tsinghua University, Beijing, China; School of Business, Beijing Technology and Business University, Beijing, China; Department of Computing and Mathematics, Manchester Metropolitan University, Manchester, U.K.",IEEE Access,"22 Jul 2019","2019","7","","90777","90788","Recent studies have shown the rapid adoption of digital health software applications worldwide. However, researchers are yet to fully understand users’ rationale of eHealth systems. Therefore, the objective of this paper is to analyze user attitudes to eHealth applications in China and eHealth system in Ukraine, and then provide insights and suggestions to the development of an eHealth application (eZdorovya) for health information services in general. This study includes a survey conducted by Chinese and Ukrainian users, after which thorough data analyses were conducted. Based on the technology acceptance model (TAM), this research framework explores the influence of socio-technical factors affecting user’s adoption of eHealth functionalities. Serial Multiple Mediator Model 6 (SMMM6) and a deep neural network-based approach were used to analyze the eHealth software users’ rationale with the sample size of survey 236 end-users from China and 124 end-users from Ukraine. The key findings from the data analysis are: 1) if the software application is covering an important service function and is interesting to use, Chinese users will continue using it, 2) given an eHealth software with important or interesting function, it is inconclusive whether Ukrainian users will switch to use the application, and 3) deep neural network shows highly accurate prediction results and was given applied suggestions for Chinese and Ukrainian providers in the case of improving eHealth systems based on a raw prediction.","2169-3536","","10.1109/ACCESS.2019.2924584","Prodintelligence and Deep Learning Studio, Estonia/Ukraine; ","https://ieeexplore.ieee.org/stamp/stamp.jsp?arnumber=8744204","Chinese and Ukrainian eHealth systems;mediators;deep neural networks","Electronic healthcare;Software;Business;Switches;Correlation","","56","","43","CCBY","24 Jun 2019","2019","","IEEE","IEEE Journals"
"Assessment of the Blockchain Technology Adoption for the Management of the Electronic Health Record Systems","S. Alzahrani; T. Daim; K. -K. R. Choo","Department of Management Information System, King Saud University, Riyadh, Saudi Arabia; Portland State University, Portland, OR, USA; Department of Information Systems and Cyber Security, The University of Texas at San Antonio, San Antonio, TX, USA",IEEE Transactions on Engineering Management,"19 Jun 2023","2023","70","8","2846","2863","Blockchain has applications in a broad range of settings, including healthcare (e.g., patient data management, health supply chain management, financial and insurance claims, and preventing counterfeit medications). There are, however, challenges associated with implementing such solutions, for example project failure rate, and the need for various parties to function together. Currently, there is a lack of quantitative and comprehensive models in the literature that researchers and practitioners can use to assess healthcare organizations’ readiness for blockchain adoption, particularly from multiple perspectives and using expert judgements. Thus, the objective of this article is to develop a scoring model to evaluate healthcare organization's readiness to adopt blockchain in the context of electronic health records system management. Specifically, in this article, a literature review and expert feedback were used to identify the most important factors influencing blockchain adoption. The outcomes of the article present an identification and prioritization of the blockchain adoption impacting factors. The article identified 17 factors. These factors are grouped into five perspective: financial, social, technical, organizational, and regulations and legal. The results of the article highlight that regulation compliance, regulation uncertainty, budget availability, management support, security and privacy, and financial risk and uncertainty play an important role in the organization's readiness for blockchain adoption. The readiness scoring model then developed and evaluated through two real-world case studies at two healthcare organizations. Two case studies were conducted to demonstrate the practicality of the research model, identify areas of deficiencies, and propose corrective actions in the healthcare organization's capabilities. The goal is to prevent any possible issues, before the project starts, in order to increase chances of a successful blockchain adoption.","1558-0040","","10.1109/TEM.2022.3158185","King Saud University; Deanship of Scientific Research at King Saud University; ","https://ieeexplore.ieee.org/stamp/stamp.jsp?arnumber=9763354","Blockchain;distributed ledger technologies (DLT);electronic health records (EHR);health information technology (HIT);hierarchical decision modeling (HDM);technology adoption;technology management;technology readiness","Blockchains;Medical services;Costs;Organizations;Security;Interoperability;Industries","","91","","104","IEEE","26 Apr 2022","Aug. 2023","","IEEE","IEEE Journals"
"Towards the European Electronic Health Record Exchange Format adoption: Case of Laboratory Report in XpanDH","F. Januario; O. Becze; G. Heja; M. Salazar; A. Abelha; H. Martins; M. Marques","Centre of Technology and Systems (UNINOVA-CTS) and Associated Lab of Intelligent Systems (LASI), Caparica, Portugal; Orszagos Korhazi Foigazgatosag (OKFO), Budapest, Hungary; Orszagos Korhazi Foigazgatosag (OKFO), Budapest, Hungary; Centro Hospitalar Universitario de Santo Antonio, Porto, Portugal; ALGORITMIILASL University of Minho, Braga, Portugal; ISCTE University Institute of Lisbon, Lisbon, Portugal; Centre of Technology and Systems (UNINOVA-CTS) and Associated Lab of Intelligent Systems (LASI), Caparica, Portugal","2024 IEEE International Conference on Engineering, Technology, and Innovation (ICE/ITMC)","18 Dec 2024","2024","","","1","7","This paper explores the adoption of the European Electronic Health Record Exchange Format in the context of the XpanDH project, where institutions undertake exercises around the format to identify their requirements and level of alignment for its potential implementation. Institutions are guided through a methodology that allows for specifying the use cases, current and envisioned data exchange scenarios, and assessing alignment with the elements outlined in the eHealth Network guidelines. The pilot results of this analysis are presented in this paper, as well as the challenges and barriers encountered throughout the conducted analysis. Furthermore, the implications of this adoption for improving patient care, enabling research innovation, and fostering collaboration among stakeholders within the EU and its broader implications for advancing the European Health Data Space objectives are discussed.","2693-8855","979-8-3503-6243-5","10.1109/ICE/ITMC61926.2024.10794267","","https://ieeexplore.ieee.org/stamp/stamp.jsp?arnumber=10794267","EEHRxF;EHDS;eHN guidelines;interoperability;digital health","Technological innovation;Electric potential;Europe;Collaboration;Electronic healthcare;Stakeholders;Electronic medical records;Interoperability;Guidelines","","","","20","IEEE","18 Dec 2024","24-28 June 2024","24-28 June 2024","IEEE","IEEE Conferences"
"Acceptance of Telemedicine and E-Health Applications in Developing Countries","R. Mamoun; M. Nasor; S. H. Abulikailik","Department of Biomedical Engineering, University of Medical, Sciences and Technology, Khartoum, Sudan; Department of Biomedical Engineering, Ajman University, Ajman, UAE; Department of Biomedical Engineering, Almoghtaribeen University, Khartoum, Sudan","2020 International Conference on Computer, Control, Electrical, and Electronics Engineering (ICCCEEE)","17 May 2021","2021","","","1","5","Healthcare systems in developing countries continue to face considerable challenges in providing high-quality and affordable diagnosis and treatment services for the majority of the population. Recent increase in the use of smart mobile phones in developing countries and the affordable prices of internet access represent an unprecedented opportunity for using online delivery of various services including healthcare. Despite the many benefits of telemedicine and E-Health, people in developing countries remain skeptical about online health delivery technologies. To assess the degree of acceptance of online health platforms by the public in developing countries, a market research was conducted through an online survey, targeting a population sample of 114 individuals comprised of 47 females and 67 males. The analysis of the responses showed that 92.55% of the surveyed sample accept and trust online applications for healthcare delivery.","","978-1-7281-9111-9","10.1109/ICCCEEE49695.2021.9429558","","https://ieeexplore.ieee.org/stamp/stamp.jsp?arnumber=9429558","Telemedicine;Sudan;Market Research;Google Drive.","Digital control;Hospitals;Telemedicine;Sociology;Developing countries;Drives;Market research","","6","","8","IEEE","17 May 2021","26 Feb.-1 March 2021","26 Feb.-1 March 2021","IEEE","IEEE Conferences"
"Factor Influenced the Acceptance of e-Health from Health Care Personnel and Patient Perspective: Systematic Literature Review","P. E. Putra; A. N. Hidayanto","Fakultas Ilmu Komputer, Universitas Indonesia, Jakarta, Indonesia; Fakultas Ilmu Komputer, Universitas Indonesia, Jakarta, Indonesia","2022 6th International Conference on Information Technology, Information Systems and Electrical Engineering (ICITISEE)","10 Mar 2023","2022","","","330","334","e-Health projects have typically been seen as opportunities for fundamental reforms in the public health care system to reduce the massive demand and supply of health care. However there are still many factors and challenges from health care personnel and patients themselves that cause there is still low application and utilization of e-Health in the society. Acceptance of the use of technology in the health industry can be a factor that can accelerate the implementation of e-Health in society. This study aims to summarize the factors that influence e-Health acceptance from the perspective of health care personnel and patient. Through a systematic literature review process, 13 relevant papers were found to be discussed in order to find the answer. Seven factors were found that most influenced acceptance from the perspective of health care personnel with the ease of use is the main factor, while eight factor found from the patient's perspective with factors that most influence acceptance are ease of use, usability & usefulness, and trust.","","979-8-3503-9961-5","10.1109/ICITISEE57756.2022.10057936","","https://ieeexplore.ieee.org/stamp/stamp.jsp?arnumber=10057936","e-Health;m-Health;Telemedicine;Telehealth;Electronic Health Record;Systematic Literature Review","Systematics;Costs;Bibliographies;Medical services;Standardization;Personnel;Usability","","1","","23","IEEE","10 Mar 2023","13-14 Dec. 2022","13-14 Dec. 2022","IEEE","IEEE Conferences"
"A framework of e-health systems adoption and telemedicine readiness in developing countries","A. Abdullrahim; R. De Coster","College of Engineering, Design and Physical Sciences, Brunel University London, UK; College of Engineering, Design and Physical Sciences, Brunel University London, UK",2016 International Conference on Information Society (i-Society),"16 Feb 2017","2016","","","105","108","Fundamental transformation of the healthcare sector through informatics is achievable, from technical prospective. However, organisational issues surrounding technology implementation in healthcare setting have not yet received adequate research attentions in developing countries. The aim of this study is to develop a conceptual framework model to determine Telemedicine Readiness (TR) at an organisational level in Libyan healthcare establishments. In addition, Telemedicine Adoption and Outcome Expectations were also examined as further model outcomes. A questionnaire based survey was designed and developed to include 7 items concerning various conceptual subscales. The paper reports the responses of 161 participants targeting mainly Libyan physicians and healthcare staff who are studying for further education in the UK and who have been healthcare providers in Libya. The results show a strong correlation of TR with Human Resources (HR) capability (r = 0.535, P <; 0.001) and with IT Infrastructure (r = 0.44, P <; 0.001). The overall Cronbach Alpha coefficient = 0.835. The factor analysis (validity) illustrated five factors with positive loading > 0.5. Further, user acceptance, IT infrastructure and HR capability have significant influences on TR (r2 = 0.472, P <; 0.001). From both reliability test and factor analysis, the framework is considered a valid model to assess TM readiness.","","978-1-9083-2061-2","10.1109/i-Society.2016.7854188","","https://ieeexplore.ieee.org/stamp/stamp.jsp?arnumber=7854188","Telemedicine;Chronic Conditions;Value Provision;TM Adoption","Medical services;Telemedicine;Reliability;Correlation;Technological innovation;Informatics;Loading","","6","","15","","16 Feb 2017","10-13 Oct. 2016","10-13 Oct. 2016","IEEE","IEEE Conferences"
"Research and Implementation of Electronic Medical Record System Based on Blockchain","S. Wu; S. Cao; Z. Xu","School of Information and Communication Engineering, Communication University of China, Beijing, China; State Key Laboratory of Media Convergence and Communication, Communication University of China, Beijing, China; State Key Laboratory of Media Convergence and Communication, Communication University of China, Beijing, China",2021 IEEE 3rd International Conference on Frontiers Technology of Information and Computer (ICFTIC),"24 Dec 2021","2021","","","754","760","In order to solve the problem of low efficiency and information islands in the traditional electronic medical record system, this paper designs an electronic medical record system based on Hyperledger Fabric. The system is based on the blockchain distributed storage mechanism, which effectively overcomes the problem of information blockage between different hospitals and low processing efficiency, and realizes the secondary use of data. At the same time, the decentralized nature of the blockchain architecture ensures the transparency and immutability of medical record information, which greatly improves the security of the system, ensures the privacy and security of patients and the authenticity of medical information in the context of media convergence to a certain extent. It is of great significance to the treatment process of patients and the development of medical technology as well as society.","","978-1-6654-0605-5","10.1109/ICFTIC54370.2021.9647103","","https://ieeexplore.ieee.org/stamp/stamp.jsp?arnumber=9647103","blockchain;medical record system;Hyperledger Fabric;media convergence","Privacy;Distributed ledger;Pain;Information sharing;Computer architecture;Media;Fabrics","","","","8","IEEE","24 Dec 2021","12-14 Nov. 2021","12-14 Nov. 2021","IEEE","IEEE Conferences"
"Towards Federated Health Information Exchange Architecture in Indonesia: Design and Implementation","D. Wijayanti; S. Urbaya; S. Yusuf; C. Sulton; D. S. Sumunar; T. Sitompul","Information Systems Management Department, BINUS Graduate Program – Master of Information Systems Management, Bina Nusantara University, Jakarta, Indonesia; Information Systems Management Department, BINUS Graduate Program – Master of Information Systems Management, Bina Nusantara University, Jakarta, Indonesia; Indonesian Nursing Informatics Association, Jakarta, Indonesia; Department Informatics Engineering, University of Mataram, West Nusa Tenggara, Indonesia; Department of Health Policy and Management, Faculty of Medicine, Public Health and Nursing, Gadjah Mada University, Yogyakarta, Indonesia; Informatics Department, School of Computer Science, Bina Nusantara University, Jakarta, Indonesia",2025 International Conference on Information Management and Technology (ICIMTech),"4 Dec 2025","2025","","","282","287","Indonesia continues to face challenges in health data fragmentation and disconnected systems, limiting timely clinical decisions and continuity of care. Although the SATUSEHAT platform adopts HL7 FHIR to promote interoperability, real-time, bidirectional data exchange remains limited due to incomplete electronic health record (EHR) integration. This paper presents a Design Science Research (DSR) case study to develop and evaluate a federated Health Information Exchange (HIE) architecture enabling real-time data sharing across EHRs, regional HIEs, and the national platform. Piloted in Jakarta and East Java, the solution reflects a scalable, standards-based model aligned with national priorities. The study begins with a literature review and case analysis of HIE implementations in diverse settings to extract key architectural and governance strategies. The proposed architecture spans point-of-service, regional, and national levels and includes registry services, business services, and interoperability layers. Design activities involve iterative modeling, prototyping, and scenario-based testing in a controlled environment. The resulting artifact offers a replicable model for HIE advancement in low- and middle-income countries.","2837-2778","979-8-3315-9701-6","10.1109/ICIMTech67074.2025.11264924","","https://ieeexplore.ieee.org/stamp/stamp.jsp?arnumber=11264924","health information exchange;electronic health record;interoperability;digital health;platform-as-a-service","Java;Scalability;Real-time systems;Electronic healthcare;Stakeholders;Electronic medical records;Interoperability;Information exchange;Testing;Systematic literature review","","","","16","IEEE","4 Dec 2025","28-29 Aug. 2025","28-29 Aug. 2025","IEEE","IEEE Conferences"
"Digital imaging & electronic health record systems: Implementation and regulatory challenges faced by healthcare providers","T. C. Piliouras; R. J. Suss; P. L. Yu","Center for Advanced Research on Emerging Healthcare Technologies Technical Consulting & Research, Inc., Weston, CT; Center for Advanced Research on Emerging Healthcare Technologies Technical Consulting & Research, Inc., Weston, CT; Center for Advanced Research on Emerging Healthcare Technologies Technical Consulting & Research, Inc., Weston, CT","2015 Long Island Systems, Applications and Technology","16 Jul 2015","2015","","","1","6","Electronic capture of patient records, including digital imaging, facilitates: i) collaboration and communication between providers and entities involved in patient care, ii) compilation of lifetime patient histories that are more accessible to treating physicians, and iii) aggregation of population data for evidence-based medicine and creation of decision support tools. The Medicare and Medicaid electronic health record (EHR) Incentive Programs and associated Meaningful Use (MU) requirements are a driving force in the evolution towards digitized patient recordkeeping. For the foreseeable future, MU will continue to exert pressure on EHR vendors, hospitals, and ambulatory practices to conform to increasingly stringent government reporting requirements or else face obsolescence and/or reduced fees for services. This is encouraging many practices - including radiology and digital imaging centers - that may have opted out of MU compliance in the past - to re-examine how they integrate their work flows with EHR systems and with other physicians and treatment facilities. This paper describes digital imaging technology and strategies to interface and integrate it with EHR systems and clinical work flows. A case study based on the open source electronic health record software, OpenEMR, is presented as an illustrative example of challenges integrating imaging and EHR technology across and between clinical practices. The case study demonstrates how poor EHR integration with picture archiving and communication systems (PACS) and radiology information systems (RIS) complicates and adds to the clinician work flow and reduces the diagnostic value of imaging data. EHR, PACS, and RIS vendors need to improve system interoperability and image sharing capabilities in their product offerings. Better, more complete standards are needed to enable this to happen. DICOM, HL7, IHE, and other standards are evolving to address gaps in data integration and continuity across the spectrum of health information technology used in patient care. This will alleviate burdens on healthcare professionals and information technology staff who must use and implement systems infrastructure while maintaining compliance with Meaningful Use (MU) and Health Insurance Portability and Accountability Act (HIPAA). This is essential to achieving technology's promise of optimized healthcare delivery.","","978-1-4799-8643-9","10.1109/LISAT.2015.7160179","","https://ieeexplore.ieee.org/stamp/stamp.jsp?arnumber=7160179","medical digital imaging;Health Insurance and Portability Act (HIPAA);Meaningful Use;DICOM format;OpenEMR;electronic healthcare records (EHR) systems;picture archiving and communication systems (PACS);radiology information systems (RIS)","Medical services;DICOM;Picture archiving and communication systems;Medical diagnostic imaging;Digital images","","10","","28","IEEE","16 Jul 2015","1-1 May 2015","1-1 May 2015","IEEE","IEEE Conferences"
"The Implementation of Convolutional Perfectly Matched Layer (CPML) for One-Step Leapfrog HIE-FDTD Method","M. -L. Zhai; H. -L. Peng; Z. Chen; W. -Y. Yin","Key Lab of Ministry of Education of China for Research of Design and EMC of High Speed Electronic Systems, Shanghai Jiao Tong University, Shanghai, China; Key Lab of Ministry of Education of China for Research of Design and EMC of High Speed Electronic Systems, Shanghai Jiao Tong University, Shanghai, China; Department of Electrical and Computer Engineering, Dalhousie University, Halifax, Nova Scotia, Canada; Key Lab of Ministry of Education of China for Research of Design and EMC of High Speed Electronic Systems, Shanghai Jiao Tong University, Shanghai, China",IEEE Antennas and Wireless Propagation Letters,"3 Sep 2015","2015","14","","1694","1697","The convolutional perfectly matched layer (CPML) is modified and implemented for one-step leapfrog hybrid implicit-explicit finite-difference time-domain (HIE-FDTD) method. Its stability is verified in a semi-analytical way and its effectiveness is demonstrated numerically. It is shown that even when time step size is large, the absorbing performance of CPML is still very good.","1548-5757","","10.1109/LAWP.2015.2419257","National Natural Science Foundation of China(grant numbers:61171037,61431014,61331004,61471107); ","https://ieeexplore.ieee.org/stamp/stamp.jsp?arnumber=7078873","Convolutional perfectly matched layer (CPML);hybrid implicit-explicit finite-difference time-domain (HIE-FDTD);one-step leapfrog","Finite difference methods;Time-domain analysis;Equations;Reflection;Stability analysis;Numerical stability;Perfectly matched layers","","23","","10","IEEE","2 Apr 2015","2015","","IEEE","IEEE Journals"
"Efficient Implementation of Lossy Media using Improved 3-D HIE-FDTD Method","A. K. Pandey; A. K. Saxena","Department of Electrical Engineering, IIT Jammu, Jagti, J&K, India; Department of Electrical Engineering, IIT Jammu, Jagti, J&K, India",2022 IEEE International Symposium on Antennas and Propagation and USNC-URSI Radio Science Meeting (AP-S/URSI),"21 Sep 2022","2022","","","1128","1129","This paper presents an efficient lossy media implementation using the improved hybrid implicit–explicit finite-difference time-domain (HIE-FDTD) method. Various schemes, including a forward-backward scheme, are formulated for the proposed implementation. The efficiency of formulated schemes are validated through numerical results and compared to the efficient alternating-direction-implicit (ADI)-FDTD and the conventional FDTD methods.","1947-1491","978-1-6654-9658-2","10.1109/AP-S/USNC-URSI47032.2022.9886178","","https://ieeexplore.ieee.org/stamp/stamp.jsp?arnumber=9886178","","Conferences;Media;Time-domain analysis;Finite difference methods","","1","","5","IEEE","21 Sep 2022","10-15 July 2022","10-15 July 2022","IEEE","IEEE Conferences"
"The Implementation of CPML for the Improved HIE-FDTD Method","A. K. Pandey; A. K. Saxena","Department of the Electrical Engineering, IIT Jammu, Jammu, India; Department of the Electrical Engineering, IIT Jammu, Jammu, India","2023 IEEE Microwaves, Antennas, and Propagation Conference (MAPCON)","20 Mar 2024","2023","","","1","5","This article introduces an implementation of the convolutional perfectly matched layer (CPML) boundary condition for the improved hybrid implicit explicit finite-difference time-domain (HIE-FDTD) method. The study includes a numerical investigation to validate the effectiveness of the convolutional PML (CPML) implementation, as well as an assessment of its performance. Additionally, the numerical simulations of the proposed convolutional PML (CPML) implementation compared with the traditional HIE-FDTD and leapfrog HIE-FDTD methods. The results of the simulation study indicate that the proposed convolutional PML (CPML) implementation on the improved HIE-FDTD method exhibits comparatively weakly conditional stability when compared with the regular traditional HIE and the leapfrog HIE-FDTD methods.","","979-8-3503-2826-4","10.1109/MAPCON58678.2023.10464006","","https://ieeexplore.ieee.org/stamp/stamp.jsp?arnumber=10464006","Convolutional perfectly matched layer (CPML);hybrid implicit-explicit finite-difference time-domain (HIEFDTD);leapfrog FDTD","Microwave antennas;Numerical simulation;Microwave theory and techniques;Stability analysis;Reflection;Perfectly matched layers;Time-domain analysis","","","","12","IEEE","20 Mar 2024","11-14 Dec. 2023","11-14 Dec. 2023","IEEE","IEEE Conferences"
"Advancing Digital Health: Strategies for Implementation and Management","A. Khanna; A. Kumar; B. S. Rajeshwari","Institute Of Health Management And Research, Bangalore, Karnataka; Department Of Health And Family, Welfare Government Of Karnataka; Institute Of Health Management And Research, Bangalore, Karnataka","2025 International Conference on Intelligent and Innovative Technologies in Computing, Electrical and Electronics (IITCEE)","14 Mar 2025","2025","","","1","5","India’s healthcare system is undergoing rapid digital transformation, with innovations like the Scan and Share system under the Ayushman Bharat Digital Health Mission (ABDM) streamlining patient registration. This study examines the low adoption of the Scan and Share system in Karnataka’s government hospitals, identifying barriers such as limited training, connectivity issues, and low awareness of the Digital Health Incentive Scheme (DHIS). By combining quantitative and qualitative data from 40 hospitals, the study highlights key enablers including targeted training, improved communication, and enhanced DHIS awareness. Addressing these challenges can significantly improve operational efficiency, patient care, and overall system adoption, contributing to a more integrated digital healthcare system in India.","","979-8-3315-1591-1","10.1109/IITCEE64140.2025.10915449","Health; ","https://ieeexplore.ieee.org/stamp/stamp.jsp?arnumber=10915449","ABDM;DHIS;Scan and share Technology","Training;Technological innovation;Hospitals;Digital transformation;Government;Electronic healthcare;Incentive schemes","","","","14","IEEE","14 Mar 2025","16-17 Jan. 2025","16-17 Jan. 2025","IEEE","IEEE Conferences"
"Implementation of EHR using Digital Transformation: A study on Telemedicine","S. Gochhait; T. Singh; A. Bende; M. Thapliyal; H. Vemulapalli; G. Shukla; D. Ghosh; D. Chinta","Symbiosis Institute of Digital and Telecom Management, Constituent of Symbiosis International: Deemed University; Symbiosis Institute of Digital and Telecom Management, Constituent of Symbiosis International: Deemed University; Symbiosis Institute of Digital and Telecom Management, Constituent of Symbiosis International: Deemed University; Symbiosis Institute of Digital and Telecom Management, Constituent of Symbiosis International: Deemed University; Symbiosis Institute of Digital and Telecom Management, Constituent of Symbiosis International: Deemed University; Symbiosis Institute of Digital and Telecom Management, Constituent of Symbiosis International: Deemed University; Symbiosis Institute of Digital and Telecom Management, Constituent of Symbiosis International: Deemed University; Symbiosis Institute of Digital and Telecom Management, Constituent of Symbiosis International: Deemed University",2020 International Conference for Emerging Technology (INCET),"3 Aug 2020","2020","","","1","4","Telemedicine is regarded as one of the major innovations in health services, not only from the technological but also from the cultural and social perspectives since it benefits accessibility to health care services and improves the quality of medical care and organizational efficiency. Telemedicine has a role in providing solutions to the challenges posed by socioeconomic changes in health care systems in the 21st century (greater demands on health care, aging populations, increased mobility of citizens, the need to manage large amounts of information, global competitiveness, and improved health care provision), all in an environment of limited budgets and restrictions on spending. Nevertheless, there are significant barriers to standardizing telemedicine and for its full consolidation and expansion. This paper aims to provide solutions for the successful implementation of telemedicine services (and eHealth, in general) in the health care setting.","","978-1-7281-6221-8","10.1109/INCET49848.2020.9154146","","https://ieeexplore.ieee.org/stamp/stamp.jsp?arnumber=9154146","Telemedicine;ehealth;IOT;Healthcare","Telemedicine;Medical diagnostic imaging;Hospitals;Real-time systems;Stakeholders;Sociology","","8","","7","IEEE","3 Aug 2020","5-7 June 2020","5-7 June 2020","IEEE","IEEE Conferences"
"Streamlining Honduran Healthcare: EHR Implementation for Improved Clinical Workflows","",,2024 IEEE Central America and Panama Student Conference (CONESCAPAN),"20 Feb 2025","2024","","","1","6","The inefficient management of medical records in physical format in Honduras public and private healthcare facilities represents a significant problem in medical care. The manual search for records, prolonged by the need to locate them by ID number, consumes valuable medical staff time and exposes the records to environmental risks, such as flooding, causing possible loss of critical information. The overall objective of the project was to develop a medical informatics system that would allow appointment management and the recording of preclinical and ophthalmologic care data at the private clinic in Tegucigalpa. The method used included a literature review, detailed interviews with clinical staff, and a comparative evaluation of different EHR systems. OpenEMR was then implemented and adapted to the specific workflows of the clinic, followed by staff training and feedback collection for continuous improvements. The best result obtained was the implementation of the medical information management software, achieving workflow optimization, reducing the process by 30 percent and eliminating the use of paper formats. In conclusion, a medical informatics system was developed, which includes modules for appointment management, pre-clinic data registration, and also the inclusion of an ophthalmology section.","","979-8-3503-7759-0","10.1109/CONESCAPAN62181.2024.10891088","","https://ieeexplore.ieee.org/stamp/stamp.jsp?arnumber=10891088","Appointment Management;Clinical Data Man-agement;Electronic Health Records (EHR);Medical Informatics;OpenEMR Implementation","Training;Medical services;Manuals;Software;Recording;Ophthalmology;Security;Informatics;Optimization;Systematic literature review","","1","","20","IEEE","20 Feb 2025","24-27 Sept. 2024","24-27 Sept. 2024","IEEE","IEEE Conferences"
"The Implementation of the Ehealth System and Anticorruption Reforms (Case of EU Countries for Ukraine)","O. Dluhopolskyi; T. Dluhopolska; A. Farion; I. Karp; A. Zhukovska; N. Kryvokulska","Economic Theory Department, Ternopil National Economic University, Ternopil, Ukraine; International Economic Relations Department, Ternopil National Economic University, Ternopil, Ukraine; Economic Security and Financial Investigations Department, Ternopil National Economic University, Ternopil, Ukraine; Economic Theory Department, Ternopil National Economic University, Ternopil, Ukraine; Management and Public Administration Department, Ternopil National Economic University, Ternopil, Ukraine; Management and Public Administration Department, Ternopil National Economic University, Ternopil, Ukraine",2019 9th International Conference on Advanced Computer Information Technologies (ACIT),"1 Aug 2019","2019","","","346","349","The article discusses the most actual reform of the national economy - health care sector transformation. One of the directions of this reform is e-health solutions. Well-known, that today the Government of Ukraine has a strong political will to launch the e-Health system for the benefit of its citizens and the health care institutions. Thus, since 2017 the Ministry of Health of Ukraine has announced the implementation of the e-Health project as its priority. In the article, we discuss that the Ministry seeks to establish a medical data system, which will maintain a pan-Ukrainian registry of patients, doctors and medical institutions, as well as possess data on contractual relations between them. The goals of this reform include achieving maximal informativeness and minimal regulatory burden in order to transform a highly inefficient Ukrainian healthcare system. Rapidly growing local ICT sector and governments' vision for eHealth predict well for the future. In the example of EU countries, we analyze pro et contra of e-health reform and predict the effectiveness of the Ukrainian health care sector transformation in the nearest future.","","978-1-7281-0450-8","10.1109/ACITT.2019.8779933","","https://ieeexplore.ieee.org/stamp/stamp.jsp?arnumber=8779933","e-health;health care system;ICT;reform","Economics;Europe;Security;Informatics;Medical services;Internet","","7","","22","IEEE","1 Aug 2019","5-7 June 2019","5-7 June 2019","IEEE","IEEE Conferences"
"Implementation of Fog computing for reliable E-health applications","R. Craciunescu; A. Mihovska; M. Mihaylov; S. Kyriazakos; R. Prasad; S. Halunga","Center for TeleInfrastruktur, Aalborg University; Center for TeleInfrastruktur, Aalborg University; Center for TeleInfrastruktur, Aalborg University; Center for TeleInfrastruktur, Aalborg University; Center for TeleInfrastruktur, Aalborg University; Telecommunication Department, University Politehnica of Bucharest","2015 49th Asilomar Conference on Signals, Systems and Computers","29 Feb 2016","2015","","","459","463","This paper addresses the current technical challenge of an impedance mismatch between the requirements of smart connected object applications within the sensing environment and the characteristics of today's cloud infrastructure. We investigate the possibility to offload cloud tasks, such as storage and data signal processing to the edge of the network, thus decreasing the latency associated with performing those tasks within the cloud. The research scenario is an e-Health laboratory implementation where the real-time processing is performed by the home PC, while the extracted metadata is sent to the cloud for further processing.","1058-6393","978-1-4673-8576-3","10.1109/ACSSC.2015.7421170","","https://ieeexplore.ieee.org/stamp/stamp.jsp?arnumber=7421170","fog computing;eHealth;Sensors;ZigBee;AAL","Real-time systems;Metadata;Detection algorithms;Gas detectors;Sensor fusion;Biomedical monitoring","","41","","10","IEEE","29 Feb 2016","8-11 Nov. 2015","8-11 Nov. 2015","IEEE","IEEE Conferences"
"Implementation of an “at-home” e-Health system using heterogeneous devices","L. Scalise; F. Pietroni; S. Casaccia; G. M. Revel; A. Monteriù; M. Prist; S. Longhi; L. Pescosolido","DIISM, Università Politecnica delle Marche, Ancona, Italy; DIISM, Università Politecnica delle Marche, Ancona, Italy; DIISM, Università Politecnica delle Marche, Ancona, Italy; DIISM, Università Politecnica delle Marche, Ancona, Italy; DII, Università Politecnica delle Marche, Ancona, Italy; DII, Università Politecnica delle Marche, Ancona, Italy; DII, Università Politecnica delle Marche, Ancona, Italy; DIET Department, University of Rome “La Sapienza”, Rome, Italy",2016 IEEE International Smart Cities Conference (ISC2),"3 Oct 2016","2016","","","1","4","Systems enabling long-term monitoring of physiological data and everyday activities has been the subject of considerable research efforts in the last years, in order to improve the quality of life of patients, elderly people and common citizens at home, out of the hospitalization. With the availability of inexpensive, low power, wireless and integrated devices, current smart homes are typically equipped with a large amount of sensors, which collaboratively process and make deductions from the acquired data on the state of the home, as well as the activities and behaviors of its residents. According to the field of application and the end-users involved (healthy people, elderly, people with disabilities), the definition of the parameters (e.g. heart rate, blood pressure, activity, body mass, etc.) and the appropriate sensors (electrocardiogram, sphygmomanometer, glucometer, etc.) for their acquisition assume a fundamental role. One of the goals of the Italian project Health@Home is to create a network of health sensors and home automation devices to monitor the user's status within the home environment. We present a candidate implementation of such a system, describing the software architecture and the selected components, and a testbed of the architecture, realized in a lab room and used for a preliminary experimental study involving seven users.","","978-1-5090-1846-8","10.1109/ISC2.2016.7580865","","https://ieeexplore.ieee.org/stamp/stamp.jsp?arnumber=7580865","home monitoring;sensors network;wearable devices;health status","Biomedical monitoring;Monitoring;Temperature measurement;Temperature sensors;Computer architecture;Heart rate","","17","","15","IEEE","3 Oct 2016","12-15 Sept. 2016","12-15 Sept. 2016","IEEE","IEEE Conferences"
"Implementation of E-health care system using web services and cloud computing","U. Dhanaliya; A. Devani","Electronics and Communication, Shantilal Shah Engineering College, Bhavnagar, Gujarat, India; Electronics and Communication, Shantilal Shah Engineering College, Bhavnagar, Gujarat, India",2016 International Conference on Communication and Signal Processing (ICCSP),"24 Nov 2016","2016","","","1034","1036","For economical, technological and social development of any country needs enhanced health care system. Development of health care system necessitates large no of manpower, especially when a patients needs continuous monitoring. Power of information and communication technology provided efficient and effective solution to health care system. Using Internet of Things (IoT) condition of a patient can be monitored and controlled remotely. In this paper we present E-Health care system by using cloud computing and web services. Use of cloud computing made remote monitoring and controlling possible. It provides automatic update of measured parameter of patient as well as it sends alert mail by using SMTP (Simple Mail Transfer Protocol).","","978-1-5090-0396-9","10.1109/ICCSP.2016.7754306","","https://ieeexplore.ieee.org/stamp/stamp.jsp?arnumber=7754306","E-health care system;cloud computing;SMTP;monitoring and controlling","ZigBee;Cloud computing;Medical services;Biomedical monitoring;Blood pressure;Receivers;Monitoring","","15","","7","IEEE","24 Nov 2016","6-8 April 2016","6-8 April 2016","IEEE","IEEE Conferences"
"Effective implementation of data segregation & extraction using big data in E - health insurance as a service","K. M. Kumar; Tejasree S; S. Swarnalatha","Department of Computer Science & Engineering, Sri Venkateswara College of Engineering (SVCE), Tirupati, Andhra Pradesh, India; Department of Computer Science & Engineering, Sri Venkateswara College of Engineering (SVCE), Tirupati, Andhra Pradesh, India; Department of Information Technology, Sri Venkateswara College of Engineering (SVCE), Tirupati, Andhra Pradesh, India",2016 3rd International Conference on Advanced Computing and Communication Systems (ICACCS),"10 Oct 2016","2016","01","","1","5","Big data is emerging technology now in all areas, i.e. like online purchase, E-healthcare, tweet analysis, and banking sector. Now a day's insurance companies are showing interest towards analysis of their huge datasets consists of patient's and hospital's information. From those data sets they extracting some useful information. Mostly they concentrate on success and failure percentage and feedback given by patients. Patients will be applying the hospital bills along with discharge summary, medical reports to the insurance company. Based on the patient procedure insurance company will decide to approve the claim and suggest for new patients. Here in this paper patients records, reports, symptoms, and feedbacks are analyzed using big data technologies like infinispan and map reduce concepts for data extraction and segregation in E-health insurance. Disclosing of patients' private information has been done using private data encoding algorithm.","","978-1-4673-9206-8","10.1109/ICACCS.2016.7586323","","https://ieeexplore.ieee.org/stamp/stamp.jsp?arnumber=7586323","Big data;Data Extraction;segregation;E-health insurance;privacy","Companies;Algorithm design and analysis;Diseases;Programming profession;Cryptography;Computers","","9","","11","IEEE","10 Oct 2016","22-23 Jan. 2016","22-23 Jan. 2016","IEEE","IEEE Conferences"
"Implementation of Patient E-Health Monitoring System using Mobile Applications","M. V. Uma; A. Kalaiselvi; K. Priyanka; J. Haritha","ECE Department, Kumaraguru College of Technology, Coimbatore; ECE Department, Kumaraguru College of Technology, Coimbatore; ECE Department, Kumaraguru College of Technology, Coimbatore; ECE Department, Kumaraguru College of Technology, Coimbatore",2022 International Conference on Emerging Trends in Engineering and Medical Sciences (ICETEMS),"11 Apr 2023","2022","","","158","162","A faster pace of technological development makes life easier for people. Approximately 20,000 people die per month as they give less importance in monitoring their own body. Because of their heavy workload people forgot to monitor their health. Science and technology together make everything possible and makes the human lives more and more comfortable. The significance of proposing this system is to prevent diseases and avoid going to hospitals especially in this recent pandemic situation. Therefore, the proposed health monitoring device is designed to measure the patients’ health parameters like temperature and heart rate (pulse rate), emotion detector using EMG electrode and blood pressure. Human body temperature and pulse rate are most important healthcare parameters which will conclude patient’s condition. The parameters detected from the sensors are displayed on LCD and in mobile application through IoT web server which is used to compare the obtained values with the normal values. If the obtained data is greater than the normal values, then preventive measures can be followed. This proposed health care monitoring system, ensures good medical assistance to doctors, and improves proper maintenance of patient’s health record which thereby reduces the risk of illness.","","978-1-6654-6112-2","10.1109/ICETEMS56252.2022.10093435","","https://ieeexplore.ieee.org/stamp/stamp.jsp?arnumber=10093435","Health Monitoring;Body temperature;Pulse rate;Blood Pressure;EMG;Mobile Application;IoT","Temperature measurement;Temperature sensors;Hospitals;Web servers;Time measurement;Mobile applications;Biomedical monitoring","","4","","12","IEEE","11 Apr 2023","18-19 Nov. 2022","18-19 Nov. 2022","IEEE","IEEE Conferences"
"Design and implementation of an e-Health system for depression detection","T. C. Thang; H. T. Tran; V. D. Trong; D. V. Nguyen; H. T. Le; T. D. Pham","University of Aizu, Aizuwakamatsu, Japan; Hanoi University of Science and Technology, Hanoi, Vietnam; Vietnam Academy of Science and Technology, Hanoi, Vietnam; University of Aizu, Aizuwakamatsu, Japan; University of Aizu, Aizuwakamatsu, Japan; University of Aizu, Aizuwakamatsu, Japan",2015 IEEE International Conference on Consumer Electronics (ICCE),"26 Mar 2015","2015","","","74","75","We present the design and implementation of a cost-effective e-Health system for automatic depression detection. The system is based on a client-server architecture, where clients are popular mobile devices. For practical deployment, various factors that affect the accuracy and speed of depression detection are discussed and evaluated with extensive experiments.","2158-4001","978-1-4799-7543-3","10.1109/ICCE.2015.7066324","","https://ieeexplore.ieee.org/stamp/stamp.jsp?arnumber=7066324","","Servers;Feature extraction;Accuracy;Support vector machines;Medical services;Mobile handsets;Sensitivity","","2","","8","IEEE","26 Mar 2015","9-12 Jan. 2015","9-12 Jan. 2015","IEEE","IEEE Conferences"
"Predictive Control Implementation in Raspberry Pi for IoT-Based E-Health Incubator Systems","M. A. Zermani; E. Feki; O. Jemli; A. Mami","Dept.of Physics, Faculty of Science, Tunis El Manar University, Tunis, Tunisia; Dept.of Physics, Faculty of Science, Tunis El Manar University, Tunis, Tunisia; Dept.of Physics, Faculty of Science, Tunis El Manar University, Tunis, Tunisia; Dept.of Physics, Faculty of Science, Tunis El Manar University, Tunis, Tunisia",2025 IEEE International Multi-Conference on Smart Systems & Green Process (IMC-SSGP),"16 Apr 2026","2025","","","1","6","This work details the deployment of a model predictive control approach on a Raspberry Pi-driven Internet of Things (IoT) architecture tailored for neonatal incubator supervision. The proposed system couples the Raspberry Pi with an E-health sensor suite to perform real-time data acquisition and regulation of essential physiological metrics, such as ambient temperature, skin temperature, and respiratory parameters. Utilizing the processing power of the Raspberry Pi alongside IoT communication capabilities, the platform enables healthcare professionals to remotely monitor infant conditions. The results confirm the viability of executing predictive control algorithms on low-power embedded devices and highlight the system's potential to improve the accuracy and responsiveness of thermal management in neonatal care settings.","","979-8-3315-6626-5","10.1109/IMC-SSGP67001.2025.11474173","","https://ieeexplore.ieee.org/stamp/stamp.jsp?arnumber=11474173","GPC;Raspberry PI;E-health;Incubator;IoT","Aerospace and electronic systems;Sensor systems;Microcontrollers;Microprocessors;Circuits;Circuits and systems;Circuit synthesis;Diodes;Voltage multipliers;Internet of Things","","","","15","IEEE","16 Apr 2026","30 Oct.-2 Nov. 2025","30 Oct.-2 Nov. 2025","IEEE","IEEE Conferences"
"The Country's Implementation and Adoption of Standardized Health Terminologies to Promote Interoperability: A Systematic Literature Review","T. Sitompul; H. L. Hendric Spits Warnars; Meyliana; A. N. Hidayanto; H. Prabowo","Computer Science Department, BINUS Graduate Program - Doctor of Computer Science, Bina Nusantara University, Jakarta, Indonesia; Computer Science Department, BINUS Graduate Program - Doctor of Computer Science, Bina Nusantara University, Jakarta, Indonesia; Information Systems Department, School of Information Systems, Bina Nusantara University, Jakarta, Indonesia; Faculty of Computer Science, Universitas Indonesia, Depok, Indonesia; Management Department, BINUS Business School Undergraduate Program, Bina Nusantara University, Jakarta, Indonesia",2023 International Conference on Information Management and Technology (ICIMTech),"17 Oct 2023","2023","","","1","6","Modern healthcare systems demand comprehensive information systems but face obstacles during adoption. Organizational and structural complexity, especially decentralized systems, challenges the integrated management and sharing of data across information systems. Interoperability is critical to address these issues effectively in heterogeneous and distributed environments. However, different medical terminology hinders interoperability within health information systems. To address this, a systematic literature review examined various medical terminology standards for national interoperability. From 790 articles, 12 were selected according to PRISMA guidelines with inclusion and exclusion criteria. Standard health terminology is critical to achieving interoperability, and many countries have adopted it, although some have required adaptation to accommodate local contexts. Data models, governance, and maintenance of standards are equally important in achieving national interoperability. In addition, standardized health terminology promotes consistency and uniformity in terminology, which is beneficial for decision-making by stakeholders in the health system.","2837-2778","979-8-3503-2609-3","10.1109/ICIMTech59029.2023.10278050","","https://ieeexplore.ieee.org/stamp/stamp.jsp?arnumber=10278050","systematic literature review;national interoperability;medical terminology;implementation standard data","Vocabulary;Systematics;Terminology;Bibliographies;Decision making;Maintenance engineering;Data models","","1","","25","IEEE","17 Oct 2023","24-25 Aug. 2023","24-25 Aug. 2023","IEEE","IEEE Conferences"
"Data Integration and Interoperability Problems of HL7 FHIR Implementation and Potential Solutions: A Systematic Literature Review","R. Setyawan; A. N. Hidayanto; D. I. Sensuse; Kautsarina; R. R. Suryono; K. Abilowo","Faculty of Computer Science, Universitas Indonesia, Depok, Indonesia; Faculty of Computer Science, Universitas Indonesia, Depok, Indonesia; Faculty of Computer Science, Universitas Indonesia, Depok, Indonesia; Faculty of Computer Science, Universitas Indonesia, Depok, Indonesia; Faculty of Computer Science, Universitas Teknokrat Indonesia, Bandar Lampung, Indonesia; Faculty of Computer Science, Universitas Indonesia, Depok, Indonesia",2021 5th International Conference on Informatics and Computational Sciences (ICICoS),"29 Dec 2021","2021","","","293","298","The trend of using and adopting E-Health is getting higher in the world. Moreover, with the pandemic situation, which causes a need and compulsion by health service providers to be able to transform. The health system is a very complex system and involves many other systems outside the health system. So it will have complex problems in integration and interoperability. On the other hand, Health Level Seven (HL7) fully understands this need and sets a standard to help drive that transformation process. One of the standards whose adoption is very rapidly developing is regarding HL7 Fast Healthcare Interoperability Resources (FHIR) which places a strong emphasis on developments in integration and interoperability issues. Therefore, it is necessary to investigate the problems with the implementation of HL7 FHIR, especially the integration and interoperability parts. This research aims to identify integration and interoperability problems of HL7 FHIR implementation and provide technical solutions and non-technical solutions to these problems. When a Systematic Literature Review (SLR) is carried out using the Science Direct, IEEE, and SCOPUS databases. This research has succeeded in identifying integration and interoperability problems of HL7 FHIR implementation and presented potential alternative solutions.","2767-7087","978-1-6654-3807-0","10.1109/ICICoS53627.2021.9651762","","https://ieeexplore.ieee.org/stamp/stamp.jsp?arnumber=9651762","E-Health;HL7;FHIR;integration;interoperability","Systematics;Pandemics;Databases;Bibliographies;Transforms;Medical services;Market research","","14","","47","IEEE","29 Dec 2021","24-25 Nov. 2021","24-25 Nov. 2021","IEEE","IEEE Conferences"
"Challenges in the design and implementation of wireless sensor networks: A holistic approach-development and planning tools, middleware, power efficiency, interoperability","G. Papadopoulos","University of Patras, Patras, GR",2015 4th Mediterranean Conference on Embedded Computing (MECO),"10 Aug 2015","2015","","","1","3","Wireless Sensor Networks (WSNs) constitute a networking area with promising impact in the environment, health, security, industrial applications and more. Each of these presents different requirements, regarding system performance and QoS, and involves a variety of mechanisms such as routing and MAC protocols, algorithms, scheduling policies, security, OS, all of which are residing over the HW, the sensors, actuators and the Radio Tx/Rx. Furthermore, they encompass special characteristics, such as constrained energy, CPU and memory resources, multi-hop communication, leading to a few steps higher the required special knowledge. Although the status of WSNs is nearing the stage of maturity and wide-spread use, the issue of their sustainability hinges upon the implementation of some features of paramount importance: Low power consumption to achieve long operational life-time for battery-powered unattended WSN nodes, joint optimization of connectivity and energy efficiency leading to best-effort utilization of constrained radios and minimum energy cost, self-calibration and self-healing to recover from failures and errors to which WSNs are prone, efficient data aggregation lessening the traffic load in constrained WSNs, programmable and reconfigurable stations allowing for long life-cycle development, system security enabling protection of data and system operation, short development time making more efficient the time-to-market process and simple installation and maintenance procedures for wider acceptance. Despite the considerable research and important advances in WSNs, large scale application of the technology is still hindered by technical, complexity and cost impediments. Ongoing R&D is addressing these shortcomings by focusing on energy harvesting, middleware, network intelligence, standardization, network reliability, adaptability and scalability. However, for efficient WSN development, deployment, testing, and maintenance, a holistic unified approach is necessary which will address the above WSN challenges by developing an integrated platform for smart environments with built-in user friendliness, practicality and efficiency. This platform will enable the user to evaluate his design by identifying critical features and application requirements, to verify by adopting design indicators and to ensure ease of development and long life cycle by incorporating flexibility, expandability and reusability. These design requirements can be accomplished to a significant extent via an integration tool that provides a multiple level framework of functionality composition and adaptation for a complex WSN environment consisting of heterogeneous platform technologies, establishing a software infrastructure which couples the different views and engineering disciplines involved in the development of such a complex system, by means of the accurate definition of all necessary rules and the design of the ‘glue-logic’ which will guarantee the correctness of composition of the various building blocks. Furthermore, to attain an enhanced efficiency, the design/development tool must facilitate consistency control as well as evaluate the selections made by the user and, based on specific criteria, provide feedback on errors concerning consistency and compatibility as well as warnings on potentially less optimal user selections. Finally, the WSN planning tool will provide answers to fundamental issues such as the number of nodes needed to meet overall system objectives, the deployment of these nodes to optimize network performance and the adjustment of network topology and sensor node placement in case of changes in data sources and network malfunctioning.","2377-5475","978-1-4799-1976-5","10.1109/MECO.2015.7181857","","https://ieeexplore.ieee.org/stamp/stamp.jsp?arnumber=7181857","","Wireless sensor networks;Electrical engineering;Industries;Europe;Embedded computing;Wireless communication;Sensor systems","","4","","","IEEE","10 Aug 2015","14-18 June 2015","14-18 June 2015","IEEE","IEEE Conferences"
"Decreasing the implementation costs of smart metering systems with interoperability","J. Vujasinović; G. Savić; I. B. Bjelic; N. Rajaković","Faculty of Electrical Engineering, University of Belgrade, Belgrade, Serbia; Faculty of Electrical Engineering, University of Belgrade, Belgrade, Serbia; Institute of Technical Sciences of the Serbian Academy of Sciences and Arts, Belgrade, Serbia; Faculty of Electrical Engineering, University of Belgrade, Belgrade, Serbia",2021 IEEE International Workshop on Metrology for Industry 4.0 & IoT (MetroInd4.0&IoT),"27 Jul 2021","2021","","","370","373","This paper describes the importance of the interoperability in smart metering systems for modern distribution system operators. The lack of interoperability significantly increases the costs of smart metering system implementation for distribution system operators, especially the costs of purchasing new equipment. The replacement, cleanup and maintenance of electricity meters produced by different manufacturers, which are not interoperable, are also much more complex and expensive. Furthermore, without the interoperability, the system cannot be observable, i.e. the observability exists only for some particular segments of the system. This prevents many functionalities of distribution management system. In terms of interoperability, smart metering systems have gone through four different stages. A comparison of the system implementation costs for these four stages is presented for distribution system operator of Serbia.","","978-1-6654-1980-2","10.1109/MetroInd4.0IoT51437.2021.9488512","Ministry of Education, Science and Technological Development(grant numbers:451-03-68/2020-14/200175); ","https://ieeexplore.ieee.org/stamp/stamp.jsp?arnumber=9488512","interoperability;smart metering;costs","Procurement;Meters;5G mobile communication;3G mobile communication;Maintenance engineering;Smart meters;Reliability","","2","","6","IEEE","27 Jul 2021","7-9 June 2021","7-9 June 2021","IEEE","IEEE Conferences"
"Microgrid interoperability: First steps from policy to implementation","M. N. Mojdehi; N. Webb","Energy and Microgrid Group, O'Brien & Gere, Syracuse, NY; Energy and Microgrid Group, O'Brien & Gere, Syracuse, NY",2016 IEEE Power & Energy Society Innovative Smart Grid Technologies Conference (ISGT),"12 Dec 2016","2016","","","1","5","There have been no shortage of discussions, policies, executive orders, special committees, conferences and natural disasters to enumerate the benefits of microgrids. However, as we pass the 10 year anniversary of Hurricane Katrina and the 2 year anniversary of Superstorm Sandy the proliferation of microgrids is still seemingly trapped in a wave of dialogue and a limited number of projects which resemble the Department of Energy's definition of a localized resiliency solution - WHY? Ultimately, the widespread implementation of microgrids will be driven by a clear and logical approach to addressing baseline attributes of these systems; self-healing, dynamic participation and asset optimization are but a few. This paper will examine an approach for one of the first essential attributes to be confronted in the planning and design of microgrids, which is to understand the parameters for seamless transition between grid-tied and island modes of operation.","2472-8152","978-1-5090-5167-0","10.1109/ISGT.2016.7781025","","https://ieeexplore.ieee.org/stamp/stamp.jsp?arnumber=7781025","microgrid;transient analysis;seamless transition;grid-tied mode;island mode","Microgrids;Generators;Control systems;Turbines;Phasor measurement units;Renewable energy sources;Load modeling","","2","","12","IEEE","12 Dec 2016","6-9 Sept. 2016","6-9 Sept. 2016","IEEE","IEEE Conferences"
"Earth Observation data access interoperability implementation among space agencies","S. H. Miura","Japan Aerospace Exploration Agency (JAXA), Space Technology Directorate I",2016 IEEE International Geoscience and Remote Sensing Symposium (IGARSS),"3 Nov 2016","2016","","","3621","3623","Heterogeneous Earth Observation (EO) satellite data is available from many agencies. In order to make best use of these data, interoperability for data access is very important. In this paper, the importance of data access interoperability and the work of CEOS (Committee on Earth Observation Satellites) WGISS (the Working Group on Information Systems and Services) to improve data access interoperability are described.","2153-7003","978-1-5090-3332-4","10.1109/IGARSS.2016.7729938","","https://ieeexplore.ieee.org/stamp/stamp.jsp?arnumber=7729938","Earth;Observation;Data;Interoperability;CEOS","Earth;Satellites;Interoperability;Metadata;Europe;Best practices;Organizations","","2","","","IEEE","3 Nov 2016","10-15 July 2016","10-15 July 2016","IEEE","IEEE Conferences"
"Coverage Standards as a Mature Interoperability-Enabling Implementation Platform","P. Baumann","Jacobs University, Bremen, Germany",2021 IEEE International Geoscience and Remote Sensing Symposium IGARSS,"12 Oct 2021","2021","","","7795","7798","Coverages represent a unifying concept for space/time Big Data which is mature, conceptually elaborate, and practically proven. Recently, coverage services have gained high interest, driven by the fact that getting insights through analytics is only feasible through advanced server-side analytics. The need for data fusion adds further challenges. Not surprisingly, considerable efforts have been invested by various standardization bodies to establish concise, interoperable specifications. In this contribution we inspect and relate coverage standards in OGC, ISO, and INSPIRE, thereby providing “in a nutshell” the core concepts, standards, and trends in the field of coverages.","2153-7003","978-1-6654-0369-6","10.1109/IGARSS47720.2021.9553494","","https://ieeexplore.ieee.org/stamp/stamp.jsp?arnumber=9553494","coverage;datacube;WCS;WCPS;ISO;OGC;INSPIRE","Protocols;ISO Standards;Geoscience and remote sensing;Data integration;Tools;Market research;Synchronization","","1","","16","IEEE","12 Oct 2021","11-16 July 2021","11-16 July 2021","IEEE","IEEE Conferences"
"Hardware-in-the-Loop (HIL) Based Interoperability implementation Using Sensors for an Hybrid Electric Vehicles","G. V. Rao; S. Radhika","EEE. BITS Pilani Hyderabad Campus, BITS Pilani Deemed university, Rajasthan, India; EEE. BITS Pilani Hyderabad Campus, BITS Pilani Deemed university, Rajasthan, India",2025 18th International Conference on Sensing Technology (ICST),"13 May 2026","2025","","","1","6","A safe & secure hardware-in-loop based hybrid electric vehicle testing is prerequisite for an increasing share of electric mobility development sector. The monitoring, protection and control (MPC) of HEV can be done by sensors, which can improve the reliability & safety. With respective their standards, there were two major challenges in the sensor data interoperability of the HEV such are optional functions and implementation. The assurance and achievement of the measurement and assessment methodologies can be done by interoperability modelling and testing certification. This work proposes a HIL simulation-based interoperability testing method for HEV in the closed-loop MPC use cases of testing. In this testing method, a sensor connected cord as hardware or device user test (DUT) is connected into the closed-loop MPC application simulation of HEV to test its interoperability with the test of simulation system. The working illustration of IEC 61850-9-2 test case interoperability done by HIL-simulation of 4-pin terminal merging unit (TMU) with Ti-F28379D controller. The test method focuses on major aspects rather than just exchanging the data among 4-pin TMU & protective relay (PR), its tests how the information can be used by PR from the sensors for MPC application. The The time factor considered for both test cases executed at same interval of time in operating the closing and opening of CB at 1.1 is synchronized in both the cases. The testing data further under use for the research application and for BITS WILP students learning from various manufacturing companies and OEM’s to develop testing system which helps to achieve interoperability and ultimately, plugand play of HEV with various sub-systems and sensors integrated for various resources for a hybrid vehicle HEV.","2156-8073","979-8-3315-5371-5","10.1109/ICST66402.2025.11512468","","https://ieeexplore.ieee.org/stamp/stamp.jsp?arnumber=11512468","Hardware-in-loop (HIL);Hybrid Electric vehicles (HEV);Sensors;LabCar;interoperability testing;Monitoring;Protection and Control (MPC);Real Time Simulation;Safety &reliability;device under test (DUT);terminal merging unit (TMU)","Image sensors;Testing;Interoperability;Hybrid electric vehicles;Current;PIN photodiodes;Pins;IEC;Voltage;Batteries","","","","15","IEEE","13 May 2026","1-3 Dec. 2025","1-3 Dec. 2025","IEEE","IEEE Conferences"
"A Reference Implementation of Blockchain Interoperability Architecture Framework","V. Harish; R. Swathi; N. Satyanarayana","e- Security Department, Centre for Development of Advanced Computing, Hyderabad, India; e- Security Department, Centre for Development of Advanced Computing, Hyderabad, India; e- Security Department, Centre for Development of Advanced Computing, Hyderabad, India",2024 26th International Conference on Advanced Communications Technology (ICACT),"25 Mar 2024","2024","","","01","06","In this paper we describe interoperability architecture between blockchain networks. A blockchain network can serve multiple organizations that form as a consortium for dealing with transactions among themselves. However, when multiple blockchain networks are deployed how do we support interoperability and what are the major concerns in this direction have to be studied. Towards this direction, we developed a reference architecture for smooth transmission of transactions between the blockchain networks using custom designed transaction flow mechanism on top of Cactus framework from Linux Foundation.","1738-9445","979-11-88428-12-0","10.23919/ICACT60172.2024.10471955","","https://ieeexplore.ieee.org/stamp/stamp.jsp?arnumber=10471955","blockchain;interoperability;Hyperledger fabric;Hyperledger sawtooth","Linux;Organizations;Communications technology;Blockchains;Middleware;Interoperability;Local area networks","","","","7","","25 Mar 2024","4-7 Feb. 2024","4-7 Feb. 2024","IEEE","IEEE Conferences"
"Implementation and Evaluation of the iHAC Hub Leveraging the Web of Things for Interoperability Between Matter and ECHONET Lite Devices","R. Takaki; K. Yamashita; H. Suzuki","Graduate School of Science and Technology, Meijo University, Nagoya, Japan; Faculty of Information Engineering, Meijo University, Nagoya, Japan; Faculty of Information Engineering, Meijo University, Nagoya, Japan",2026 IEEE 23rd Consumer Communications & Networking Conference (CCNC),"4 Feb 2026","2026","","","1","6","In the smart home field, it has been pointed out that interoperability between different standards is difficult due to the differences in the ecosystems supported by each device. As a new communication standard to address this issue, Matter-developed by the Connectivity Standards Alliance has emerged and is gaining attention for its high compatibility with major smart home ecosystems. However, compatibility with ECHONET Lite, which is the standard adopted within Japan, has not been established, making direct interoperability between the two systems difficult. The authors have previously proposed the iHAC Hub as a system enabling interoperability between devices with different communication standards. In this study, we enabled bidirectional collaboration between ECHONET Lite devices and Matter devices by extending the iHAC Hub with Matter communication functionality. Furthermore, we introduced the concept of the Web of Things (WoT) and investigated a mechanism to express the correspondence between the iHAC Hub’s unique message format and the data structures of each communication standard using the WoT’s Thing Description (TD) format. Evaluation using actual devices confirmed that the proposed system can mediate communication between the two protocols in a short time, demonstrating its effectiveness as a method for interworking between devices with different communication standards.","2331-9860","979-8-3315-9673-6","10.1109/CCNC65079.2026.11366425","","https://ieeexplore.ieee.org/stamp/stamp.jsp?arnumber=11366425","Matter;WoT;ECHONET Lite;Smart Home","Protocols;Scalability;Multimedia systems;Ecosystems;Smart homes;Data models;Relays;Interoperability;Standards;Communication standards","","","","12","IEEE","4 Feb 2026","9-12 Jan. 2026","9-12 Jan. 2026","IEEE","IEEE Conferences"
"PHYSICAL AND ELECTRICAL INTEROPERABILITY FOR SAS IEDS – A PRACTICAL IMPLEMENTATION","G. Silva; M. Marques; E. Abrantes; C. Fortunato; A. Pereira; L. Pires; J. Gonçalves","Protection & Automation Systems, EDP Labelec, Lisboa, Portugal; 2EDP Labelec/E-REDES, HV Assets - Digital Systems, Lisboa, Portugal; Network Operation & Management, E-REDES, Lisboa, Portugal; Network Operation & Management, E-REDES, Lisboa, Portugal; E-REDES, Porto, Portugal; Network Operation & Management, E-REDES, Lisboa, Portugal; Network Operation & Management, E-REDES, Lisboa, Portugal",CIRED 2021 - The 26th International Conference and Exhibition on Electricity Distribution,"25 Jan 2022","2021","2021","","1405","1409","Physical and electrical interoperability, when combined with communications and logic interoperability, will lead to high levels of operational efficiency and cost reduction in asset management and substation maintenance. With this in mind and considering that there are currently no market solutions capable of achieving this goal, E-REDES (Portuguese DSO, previously named as EDP Distribuição) partnered with EDP Labelec to develop efforts to achieve a solution that guarantees the interoperability between Multi-vendor Intelligent Electronic Device (IED).","","978-1-83953-591-8","10.1049/icp.2021.1504","","https://ieeexplore.ieee.org/stamp/stamp.jsp?arnumber=9692475","","","","","","","","25 Jan 2022","20-23 Sept. 2021","20-23 Sept. 2021","IET","IET Conferences"
"Interoperability Conflict in Data Warehouse Implementation: A Paired Samples T-Test Analysis of Technical Performance and Stakeholder Satisfaction","N. Kandula; K. Marepalli","CVS Health, Cincinnati, USA; William Jessup University, San Jose, USA",2026 IEEE International Conference on AI Engineering and Innovations (AIEI),"5 May 2026","2026","","","1","5","In this work, we polled 532 professionals from various industries in this study to investigate the relationship between organizational support, business use, decision support frameworks, system complexity, compatibility, and overall usage and stakeholder satisfaction. Some technical parts of the system, including interoperability, have become better, but user satisfaction has kept going down, along with trust in support and decision-making abilities. This set of results illustrates that just upgrading the technology isn't enough to match what customers really want from a data warehouse environment. Instead, the results show that there is a bigger gap between how data warehouse users work on a daily basis and how enterprises are building these systems.","","979-8-3315-6045-4","10.1109/AIEI69164.2026.11497258","","https://ieeexplore.ieee.org/stamp/stamp.jsp?arnumber=11497258","data warehouse;stakeholder satisfaction;system compatibility;business intelligence;decision support;enterprise data management","Interoperability;Protocols;Internetworking;HTTP;Radio access networks;Regional area networks;Storage area networks;Computer networks;Artificial intelligence;Machine learning","","","","10","IEEE","5 May 2026","26-28 March 2026","26-28 March 2026","IEEE","IEEE Conferences"
"Virtual Testbed Implementation for Interoperability Verification of Multi-Robot Control Frameworks","J. Jung; B. Park; I. Weon","Airport Research Institute, Incheon International Airport Corporation, Incheon, Republic of Korea; Airport Research Institute, Incheon International Airport Corporation, Incheon, Republic of Korea; The Flexible Manufacturing R&D Department, Korea Institute of Industrial Technology, Incheon, Korea","2025 25th International Conference on Control, Automation and Systems (ICCAS)","29 Dec 2025","2025","","","805","807","This paper proposes a virtual verification system for standardized robot framework technologies, focusing on enhancing the efficiency and reliability of multi-robot cooperation control. The system consists of a user interface, a centralized multi-robot cooperation control module, and distributed robot terminals. It enables end-to-end virtual validation from task input and status monitoring to path planning and traffic control within a digital simulation environment. Real-time synchronization is achieved through a task status table and a multi-robot path planning database, while each robot autonomously executes tasks based on SLAM-based localization. The proposed system facilitates interoperability verification and automated testing of robotic software, proving its practical value in pre-deployment validation stages.","2642-3901","978-8-9932-1539-7","10.23919/ICCAS66577.2025.11301204","Korea Evaluation Institute of Industrial Technology(grant numbers:20023455); Korea Institute of Industrial Technology(grant numbers:EH-25-040); ","https://ieeexplore.ieee.org/stamp/stamp.jsp?arnumber=11301204","Multi-Robot Cooperation;Standardized Robot Framework;Virtual Verification System;Task and Path Planning;SLAM-based Localization","Location awareness;User interfaces;Traffic control;Path planning;Software;Synchronization;Reliability;Robots;Interoperability;Testing","","","","6","","29 Dec 2025","4-7 Nov. 2025","4-7 Nov. 2025","IEEE","IEEE Conferences"
"Digital health and indoor air quality: an IoT-driven human-centred visualisation platform for behavioural change and technology acceptance","R. R. Kureshi; B. K. Mishra; D. Thakker; S. Mazumdar; X. Li","School of Computer Science, University of Hull, Kingston upon Hull, HU6 7RX, UK; Data Science AI and Modelling Centre (DAIM), University of Hull, Kingston upon Hull, HU6 7RX, UK; School of Computer Science, University of Hull, Kingston upon Hull, HU6 7RX, UK; Information School, The University of Sheffield, Sheffield, UK; Beijing Capital Online Technology Ltd, Beijing, People's Republic of China",4th International Conference on Distributed Sensing and Intelligent Systems (ICDSIS 2023),"30 Aug 2024","2023","2023","","104","113","The detrimental effects of air pollutants on human health have prompted increasing concerns regarding indoor air quality (IAQ). The emergence of digital health interventions and citizen science initiatives has provided new avenues for raising awareness, improving IAQ and promoting behavioural changes. The Technology Acceptance Model (TAM) offers a theoretical framework to understand user acceptance and adoption of IAQ technology. This paper presents a case study using the COM-B model and Internet of Things (IoT) technology to design a human-centred digital visualisation platform, leading to behavioural changes and improved IAQ. The study also investigates users' acceptance and adoption of the technology, focusing on their experiences, expectations, and the impact on IAQ. Integrating IAQ sensing, digital health-related interventions, citizen science, and the TAM model offers opportunities to address IAQ challenges, enhance public health, and foster sustainable indoor environments. The analytical results show that factors such as human behaviour, indoor activities, and awareness play crucial roles in shaping IAQ.","","978-1-83724-025-8","10.1049/icp.2024.0471","","https://ieeexplore.ieee.org/stamp/stamp.jsp?arnumber=10660325","","","","","","","","30 Aug 2024","21-23 Dec. 2023","21-23 Dec. 2023","IET","IET Conferences"
"Digital Health Innovation: Exploring Adoption of COVID-19 Digital Contact Tracing Apps","S. Sharma; G. Singh; R. Sharma; P. Jones; S. Kraus; Y. K. Dwivedi","School of Management & Public Administration, The University of the South Pacific, Suva, Fiji; School of Management & Public Administration, The University of the South Pacific, Suva, Fiji; School of Management & Public Administration, The University of the South Pacific, Suva, Fiji; School of Management, Swansea University, Swansea, U.K.; Durham University Business School, Durham University, Durham, U.K.; School of Management, Swansea University, Swansea, U.K.",IEEE Transactions on Engineering Management,"7 Aug 2024","2024","71","","12272","12288","With the outbreak of COVID-19, contact tracing is becoming a used intervention to control the spread of this highly infectious disease. This article explores an individual's intention to adopt COVID-19 digital contact tracing (DCT) apps. A conceptual framework developed for this article combines the procedural fairness theory, dual calculus theory, protection motivation theory, theory of planned behavior, and Hofstede's cultural dimension theory. The study adopts a quantitative approach collecting data from 714 respondents using a random sampling technique. The proposed model is tested using structural equation modeling. Empirical results found that the perceived effectiveness of privacy policy negatively influenced privacy concerns, whereas perceived vulnerability had a positive influence. Expected personal and community-related outcomes of sharing information positively influenced attitudes toward DCT apps, while privacy concerns had a negative effect. The intention to adopt DCT apps were positively influenced by attitude, subjective norms, and privacy self-efficacy. This article is the first to empirically test the adoption of DCT apps of the COVID-19 pandemic and contributes both theoretically and practically toward understanding factors influencing its widespread adoption.","1558-0040","","10.1109/TEM.2020.3019033","","https://ieeexplore.ieee.org/stamp/stamp.jsp?arnumber=9198147","Adoption intention;COVID-19;digital contact tracing (DCT);information disclosure;privacy","Privacy;Calculus;Cultural differences;Government;Data privacy","","111","","87","IEEE","15 Sep 2020","2024","","IEEE","IEEE Journals"
"Investigating Adoption and User Experience of Digital Health Technologies Amongst Elderly Population","N. Sabagh; Y. Lee; L. Anthonysamy","Faculty of Management, MultiMedia University, Cyberjaya, Malaysia; Faculty of Management, MultiMedia University, Cyberjaya, Malaysia; Faculty of Management, MultiMedia University, Cyberjaya, Malaysia","2023 15th International Conference on Software, Knowledge, Information Management and Applications (SKIMA)","23 Jan 2024","2023","","","34","39","One in five Malaysians will be 60 years of age or older by 2030 [2], according to estimations, which indicates that the country is seeing a significant rise in its senior population. The challenges presented by this demographic shift include the requirement for robust digital health solutions that can support elderly individuals throughout their daily lives. This study uses bibliometric analyses to explore challenges encountered by the elderlies when using health technologies, additionally, the study investigates factors affection the adoption of technologies. Bibliometric analysis techniques are utilised to systematically review literature on the novel science of Gerontechnology, identifying trends, patterns and gaps that provides insight into the adoption of digital health technologies among the ageing demographics.","2573-3214","979-8-3503-1655-1","10.1109/SKIMA59232.2023.10387349","","https://ieeexplore.ieee.org/stamp/stamp.jsp?arnumber=10387349","IoT;Gerontechnology;digital health;Aging;health technologies;adoption;user experience","Sociology;Bibliometrics;Market research;Gerontechnology;User experience;Software;Electronic healthcare","","","","17","IEEE","23 Jan 2024","8-10 Dec. 2023","8-10 Dec. 2023","IEEE","IEEE Conferences"
"Digital Health Services with Special Reference to Adoption of m Health Applications","P. S. Tabeck; V. Jain","Symbiosis Institue of Business Management, Noida Symbiosis Intemational(Deemed) University, Pune; Dept. of Marketing, Amity Business School, Amity University Uttar Pradesh, Noida, UP, India","2024 14th International Conference on Cloud Computing, Data Science & Engineering (Confluence)","21 Mar 2024","2024","","","732","737","Digital health services can be categorized as the way in which digital and mobile technologies are being used to support health system needs. Across the globe, during the pandemic (COVID-19) countries suspended all their health services including outpatient departments also. This study aims to understand and bridge the research gap w.r.t to Mobile Health Applications by recommending and analytically confirming a theoretical model which can capture vital aspects of the user's perception. The researchers used UTUAT to predict the behaviour of user's acceptance of digital health services. An empirical study has been conducted in India using the survey method. Following the analysis, the researchers observed that, Performance expectancy has been found to be the most prominent factor prophesying e-satisfaction and persistent intent. This establishes the significance of cognitive and functional benefits of Mobile Health Applications (MHAs) from customers' perspective. Data was then probed by utilizing and applying the structural equation modelling (SEM). The outcomes mostly reinforced and validated the current study's model. A rich result was presented considering the nature of MHAs and customers. Based on these results, there is adequate support for the application developers and decision-makers in India to build appropriate infrastructure for Mobile health applications.","2766-421X","979-8-3503-4483-7","10.1109/Confluence60223.2024.10463393","","https://ieeexplore.ieee.org/stamp/stamp.jsp?arnumber=10463393","mobile health applications;UTUAT Model;Digital and health technologies","Surveys;COVID-19;Bridges;Analytical models;Numerical analysis;Pandemics;Bibliographies","","","","47","IEEE","21 Mar 2024","18-19 Jan. 2024","18-19 Jan. 2024","IEEE","IEEE Conferences"
"Development of Trust-Integrated Technology Acceptance Model for eHealth Based on MetaAnalytic Findings","F. Trapsilawati; H. M. Arini; T. Wijayanto; A. Widyanti; A. D. Wibawa; K. Muslim","Department of Mechanical and Industrial Engineering, Universitas Gadjah Mada, Yogyakarta, Indonesia; Department of Mechanical and Industrial Engineering, Universitas Gadjah Mada, Yogyakarta, Indonesia; Department of Mechanical and Industrial Engineering, Universitas Gadjah Mada, Yogyakarta, Indonesia; Department of Industrial Engineering, Institute Teknologi Bandung, Bandung, Indonesia; Department of Industrial Engineering, Institute Teknologi Sepuluh Nopember, Surabaya, Indonesia; Department of Industrial Engineering, Institute Teknologi Bandung, Bandung, Indonesia","2019 2nd International Conference on Bioinformatics, Biotechnology and Biomedical Engineering (BioMIC) - Bioinformatics and Biomedical Engineering","16 Mar 2020","2019","1","","1","6","eHealth program has been proposed by World Health organization to support universal health coverage for all people using information and communication technology (ICT). This can enable people to easily access health treatment anywhere and everywhere. However, the adoption of eHealth is still limited due to many factors and one of the important elements is trust as the underlying construct for acceptance. This study aims to analyze factors affecting trust in eHealth and to propose the trust integrated technology acceptance model in eHealth based on the meta-analytic findings. Meta-analysis procedure was conducted involving article selection, study coding, and effect size calculation. Affinity diagram approach was adopted to cluster the factors resulted from the meta analysis. There were three main aspects affecting trust in and use of eHealth obtained from the meta-analysis, namely personal, system, and interaction factors. The meta-analysis findings revealed that internet use, perceived usefulness, and baseline trust as the factors having higher effect than other factors. From the results of meta-analysis findings, we proposed a TAM model for eHealth considering trust construct and the factors influencing it. This model can be used as a suggestion for policy maker to enhance the acceptance and utilization of eHealth.","","978-1-7281-4711-6","10.1109/BioMIC48413.2019.9034735","","https://ieeexplore.ieee.org/stamp/stamp.jsp?arnumber=9034735","acceptance;eHealth;meta-analysis;model;trust","Electronic healthcare;Education;Technology acceptance model;Industrial engineering;Information and communication technology;Standards","","3","","39","IEEE","16 Mar 2020","12-13 Sept. 2019","12-13 Sept. 2019","IEEE","IEEE Conferences"
"Listen to My Heart? How Privacy Concerns Shape Users’ Acceptance of e-Health Technologies","E. -M. Schomakers; C. Lidynia; M. Ziefle","Human-Computer Interaction Center, RWTH Aachen University, Aachen, Germany; Human-Computer Interaction Center, RWTH Aachen University, Aachen, Germany; Human-Computer Interaction Center, RWTH Aachen University, Aachen, Germany","2019 International Conference on Wireless and Mobile Computing, Networking and Communications (WiMob)","5 Dec 2019","2019","","","306","311","Due to the ageing population healthcare systems face monumental economic and social challenges. To respond to them, e-Health technologies and services are developed that seek to improve the quality of care and to support the monitoring and management of chronic diseases. One decisive factor for the widespread use of these technologies is user acceptance. As many e-Health technologies are essentially based on the storage, analysis, and transmission of large amounts of health-related data, privacy concerns can be a serious impediment to the successful adoption. However, privacy concerns are not included in traditional technology acceptance models. In this study, the impact of privacy concerns on the acceptance of e-Health technologies is studied. Also benefits and the formation of privacy concerns through trust in data protection, perceived data sensitivity, and the individual disposition to value privacy are examined. N = 253 participants with chronic health conditions evaluated two exemplary e- Health technologies: fitness trackers and remote monitoring of implanted cardiac devices. Structural equation modelling shows that privacy concerns are indeed an important barrier to the adoption of e-Health technologies and are influenced by the perceived data sensitivity, trust in data protection, and the individual disposition to value privacy. Users' privacy perceptions and concerns should be taken into account when designing e-Health technologies.","2160-4894","978-1-7281-3316-4","10.1109/WiMOB.2019.8923448","","https://ieeexplore.ieee.org/stamp/stamp.jsp?arnumber=8923448","e-Health;privacy;privacy concern;user study;privacy calculus;technology acceptance","Privacy;Data privacy;Remote monitoring;Mathematical model;Diseases;Medical treatment","","21","","42","IEEE","5 Dec 2019","21-23 Oct. 2019","21-23 Oct. 2019","IEEE","IEEE Conferences"
"Explaining acceptance of e-health services: An extension of TAM and health belief model approach","R. Wahyuni; Nurbojatmiko","University of Indonesia Depok, depok, Indonesia; State Islamic University Syarif Hidayatullah Jakarta, Jakarta, Indonesia",2017 5th International Conference on Cyber and IT Service Management (CITSM),"30 Oct 2017","2017","","","1","7","This study explains factors in terms of intention to use e-health services: consumer informatics e-health type. For this purpose, the original version of Technology Acceptance Model (TAM), which included perceived usefulness, perceived ease of use, and intention to use, is extended with Health Belief Model approach (perceived health risk, health consciousness). A survey method and analyzed data using SmartPLS 3.0 shows that additional factors (perceived health risk, health consciousness) have a significant effect on intention to use e-health services. Perceived health risk and health consciousness exerted strong direct effects on individual perceived usefulness of e-health services. An original construct of TAM, perceived usefulness, also have a strong effect on intention to use e-health services. In contrast, perceived ease of use did not have significant effect on intention to use e-health services.","","978-1-5386-2739-6","10.1109/CITSM.2017.8089239","","https://ieeexplore.ieee.org/stamp/stamp.jsp?arnumber=8089239","e-health;TAM;health belief model","Diseases;Reliability;Informatics;Instruments;Load modeling","","15","","28","IEEE","30 Oct 2017","8-10 Aug. 2017","8-10 Aug. 2017","IEEE","IEEE Conferences"
"Generational perspectives on E-Health acceptance: an extended UTAUT Framework","G. Gogiali; G. Nevi; L. Dezi","Dept. of Communication and Social Research, Sapienza University of Rome, Rome, Italy; Dept. of Management - Polytechnic, University of Marche, Ancona, Italy; Dept. of Communication and Social Research, Sapienza University of Rome, Rome, Italy","2024 IEEE International Conference on Technology Management, Operations and Decisions (ICTMOD)","11 Apr 2025","2024","","","1","6","The adoption of e-health technologies among older adults is critical for addressing evolving healthcare demands. This study investigates the factors influencing the acceptance of e-health services among three generational cohorts: Gen X, Baby Boomers, and the Silent Generation. Using the Unified Theory of Acceptance and Use of Technology (UTAUT) as a framework, alongside additional constructs of user experience, perceived trust, and health literacy, the research explores how these factors shape behavioral intentions towards e-health adoption. Data collected through a survey in Italy will be analyzed using multiple linear regression to uncover generational differences and moderators influencing technology acceptance. The study contributes insights into tailoring e-health strategies for diverse generational needs, enhancing healthcare accessibility and effectiveness for older populations.","2159-5119","979-8-3503-6735-5","10.1109/ICTMOD63116.2024.10959120","","https://ieeexplore.ieee.org/stamp/stamp.jsp?arnumber=10959120","ehealth;technology acceptance;user experience;generational cohorts;ehealth literacy","Surveys;Technological innovation;Technology management;Shape;Telemedicine;Linear regression;User experience;Electronic healthcare;Older adults;Faces","","","","54","IEEE","11 Apr 2025","4-6 Nov. 2024","4-6 Nov. 2024","IEEE","IEEE Conferences"
"Factors Affecting the Successful Adoption of e-Health Cloud Based Health System From Healthcare Consumers’ Perspective","P. E. Idoga; M. Toycan; H. Nadiri; E. Çelebi","Management Information Systems Department, Cyprus International University, Nicosia, Cyprus; Management Information Systems Department, Cyprus International University, Nicosia, Cyprus; Business Administration Department, Cyprus International University, Nicosia, Cyprus; Computer Engineering Department, Faculty of Engineering Cyprus International University, Nicosia, Cyprus",IEEE Access,"9 Dec 2018","2018","6","","71216","71228","Cloud computing in healthcare has witnessed a major development in recent years due to its remote access capabilities among others. Studies have shown that it has attracted great attention in the field of healthcare. However, research studies show a number of healthcare consumers are yet to accept the technology, especially in developing countries due to reasons, such as the data security and the improper utilization of available information and communication technologies (ICTs) in healthcare. This paper therefore aims to identify factors affecting healthcare consumers' attitude toward the adoption of the cloud-based health center. Questionnaires were administered to 465 respondents in four locations in Benue, Nigeria with 76.9% response rate. The analysis of the data was conducted with statistical package for social science (20.0), factor analysis, and LISREL (9.30), was used to determine the structural path model. Using the social technical design approach, we developed the cloud-based health center which will provide access to healthcare services remotely to rural communities and reduce the cost/time of medical healthcare delivery when implemented into the Nigerian healthcare system. The results show that performance expectancy (β = 0.31 and t = 5.80), effort expectancy (β = 0.19 and t = 3.90), social influence (β = 0.21 and t = 3.95), facilitating conditions (β = 0.22 and t = 4.82), data security (β = 0.15 and t = 3.07), and information sharing (β = 0.11 and t = 2.53) had a significant impact on the behavioral intention of healthcare consumers. However, cloud-based health knowledge (β = 0.09 and t = 1.49) was found to be statistically not significant. With these findings, healthcare policy makers must think carefully before the implementation of cloud-based health center. Otherwise, the integration will continue to create a challenge.","2169-3536","","10.1109/ACCESS.2018.2881489","","https://ieeexplore.ieee.org/stamp/stamp.jsp?arnumber=8543572","Behavioral intention;cloud;e-health;Nigeria;remote access","Medical services;Cloud computing;Data security;Information management;Economics;Sociology;Statistics","","35","","59","OAPA","23 Nov 2018","2018","","IEEE","IEEE Journals"
"Sentiment Classification of Features in e-Health Adoption: A Technical and Security Approach Using Convolutional Neural Network (CNN)","D. S. B. S. Depari; R. Fauzi; R. Y. Fa’rifah","Information System Department, School of Industrial and System Engineering, Telkom University, Bandung, Indonesia; Information System Department, School of Industrial and System Engineering, Telkom University, Bandung, Indonesia; Information System Department, School of Industrial and System Engineering, Telkom University, Bandung, Indonesia",2024 IEEE International Conference on Internet of Things and Intelligence Systems (IoTaIS),"19 Dec 2024","2024","","","283","289","Indonesia ranks third globally in e-Health utilization, which is carried out by 57% of respondents. It shows that public awareness of the importance of technology in the health sector has changed significantly. This awareness needs to be continuously enhanced. However, this is not in line with the use of health services for pregnant women. This is related to the factor of adopting health technology that is in line with the features of e-Health itself. This research examines sentiment analysis on 17 e-Health in Indonesia to gain in-depth insight into user perceptions and responses related to features, especially Technical Factors and Security/Privacy Factors taken through the Google Playstore. The methods include sentiment labelling with TextBlob and modelling using Convolutional Neural Network (CNN). The overall model produced an accuracy of 71.67%, indicating that the model is most reliable in classifying aspects of Perceived Ease of Use and Performance Risk. This research is expected to provide valuable insights for application developers and the government in optimizing the quality and trust in e-Health in Indonesia.","2832-1383","979-8-3315-2121-9","10.1109/IoTaIS64014.2024.10799498","","https://ieeexplore.ieee.org/stamp/stamp.jsp?arnumber=10799498","e-Health;Technical Factors;Security/Privacy Factors;TextBlob;Convolutional Neural Network","Pregnancy;Sentiment analysis;Accuracy;Neural networks;Government;Convolutional neural networks;Security;Reliability;Labeling;Internet of Things","","2","","34","IEEE","19 Dec 2024","28-30 Nov. 2024","28-30 Nov. 2024","IEEE","IEEE Conferences"
"Understanding M-Health Adoption in Indonesia and the Role of E-Health Literacy","E. Halim; R. R. Putra; D. Kartawiguna; D. W. Sukmaningsih; Y. Chandra; P. Poba-Nzaou","Department of Information Systems, School of Information Systems, Bina Nusantara University, Jakarta, Indonesia; Department of Information Systems, School of Information Systems, Bina Nusantara University, Jakarta, Indonesia; Department of Information Systems, School of Information Systems, Bina Nusantara University, Jakarta, Indonesia; Department of Information Systems, School of Information Systems, Bina Nusantara University, Jakarta, Indonesia; Department of Information Systems, School of Information Systems, Bina Nusantara University, Jakarta, Indonesia; Department of Organization and HR, University of Quebec in Montreal, Montréal, Canada",2024 3rd International Conference on Creative Communication and Innovative Technology (ICCIT),"8 Oct 2024","2024","","","1","8","Mobile Health (M-Health) technology enhances healthcare accessibility and efficiency but faces challenges due to the lack of a real-time surveillance system for emergency responses. This study investigates the factors influencing M-Health acceptance among Indonesian citizens, specifically focusing on Behavioral Intention, Trust, Facilitating Conditions, Performance Expectancy, Social Influence, Effort Expectancy, Habit, Satisfaction, Usage Intention, and Usage Behavior. Data were collected from 216 respondents in Indonesia through purposive sampling in June 2024. Quantitative analysis was employed to evaluate the relationships between these variables. The findings reveal that Behavioral Intention, Effort Expectancy, and Social Influence do not significantly affect Satisfaction, while other factors show varying degrees of influence on M-Health acceptance. Understanding these dynamics is essential for developing effective strategies to enhance M-Health adoption and efficiency in Indonesia, ultimately improving healthcare outcomes and user satisfaction with M-Health services.","","979-8-3503-6749-2","10.1109/ICCIT62134.2024.10701245","","https://ieeexplore.ieee.org/stamp/stamp.jsp?arnumber=10701245","Mobile Health;Protection Motivation Theory;M-Health Acceptance;Behavioral Intention;User Satisfaction","Privacy;Statistical analysis;Surveillance;Focusing;Data protection;Medical services;Real-time systems;Reliability;Interoperability;Faces","","2","","43","IEEE","8 Oct 2024","7-8 Aug. 2024","7-8 Aug. 2024","IEEE","IEEE Conferences"
"Factors Affecting e-Health Adoption in South African Public Hospitals: A Case of Edendale Hospital","S. T. Faloye; S. L. Ndlanzi; N. Ajayi","School of Information Technology, Varsity College Westville, Durban, South Africa; Old Mutual Insurance, Johannesburg; University of Johannesburg, Johannesburg, South Africa",2021 IST-Africa Conference (IST-Africa),"26 Oct 2021","2021","","","1","11","Information and communication technology (ICT) play a crucial role in improving healthcare by providing innovative and more efficient ways of accessing, communicating and storing medical information. The use of ICT in healthcare is often referred to as e-health. Nowadays, e-health has become an essential in the health sector, due to the shortage of healthcare professionals, as well as the increase in the costs of healthcare services. Additionally, e-health ensures efficient and cost-effective healthcare services, which in turn allows healthcare providers to streamline their processes. However, the literature shows that the adoption of e-health in South African public hospitals has been slow. Thus, this study was conducted to investigate the factors affecting e-health adoption in South African public hospitals. A quantitative research methodology was employed: 265 questionnaires were distributed to staff at the Edendale Hospital, South Africa. Results showed that the presence of facilitating conditions, such as low-cost internet access; adequate ICT infrastructure; relevant computer skills training; government support; and the involvement of the hospital management, would encourage healthcare professionals to adopt and use an e-health system. Furthermore, healthcare professionals expect an e-health system to produce an accurate patient diagnosis, improve patients’ awareness regarding their health, and ensure enhanced information security. The study concludes with recommendations for e-health systems developers, hospital management and government.","2576-8581","978-1-905824-67-0","","","https://ieeexplore.ieee.org/stamp/stamp.jsp?arnumber=9576997","e-health;technology;ICTs;patients;healthcare;Patients","Training;Costs;Hospitals;Government;Medical services;Software;Information and communication technology","","","","44","","26 Oct 2021","10-14 May 2021","10-14 May 2021","IEEE","IEEE Conferences"
"Prerequisites for the Adoption of the X - Road Interoperability and Data Exchange Framework: A Comparative Study","R. Saputro; I. Pappel; H. Vainsalu; S. Lips; D. Draheim","Information Systems Group, Tallinn University of Technology, Tallinn, Estonia; Information Systems Group, Tallinn University of Technology, Tallinn, Estonia; Roksnet Solutions Ltd., Tallinn, Estonia; Information Systems Group, Tallinn University of Technology, Tallinn, Estonia; Information Systems Group, Tallinn University of Technology, Tallinn, Estonia",2020 Seventh International Conference on eDemocracy & eGovernment (ICEDEG),"1 Jul 2020","2020","","","216","222","Data Exchange layer X-Road successfully implemented in Estonia is a key enabler for secure data exchange and interoperability in public and private sector. Other countries are adopting the similar interoperability and data exchange framework as a part of e-governance solution. To ensure successful adoption of previously named framework it is important to identify crucial prerequisites influencing the process. In current paper, we analyse the practice of nine different countries. First, we define possible prerequisites in combination with relevant literature, data and documentation analysis. Second, we validate these prerequisites through qualitative expert interviews and identify additional prerequisites. The focus of this paper is on X-Road adoption critical prerequisites, in this context we analyse X-Road deployment wealth indicators, the impact of prerequisites in accelerating X-Road implementation, and procedures to assess countries readiness to adopt X-Road. Research results presented in this paper offer initial assessment framework to investigate the country's readiness to adopt systems similar to X-Road.","2573-1998","978-1-7281-5882-2","10.1109/ICEDEG48599.2020.9096704","","https://ieeexplore.ieee.org/stamp/stamp.jsp?arnumber=9096704","data exchange framework;interoperability;X-Road;e-governance","Interoperability;Law;Interviews;Electronic government;Information systems","","24","","20","IEEE","1 Jul 2020","22-24 April 2020","22-24 April 2020","IEEE","IEEE Conferences"
"If You Build It, Will They Come? : An Adoption Analysis of the HL7/FHIR/Da Vinci Healthcare Interoperability Stack","B. Zenobia","Novillus LLC, Portland Oregon, USA",2022 Portland International Conference on Management of Engineering and Technology (PICMET),"14 Sep 2022","2022","","","1","14","The COVID-19 pandemic has exposed significant flaws in the exchange of electronic health information (EHI) in the United States. EHI interoperability is a top priority for the Center for Medicare and Medicaid Services (CMS) and the Office of the National Coordinator for Health IT (ONC). In July 2021 these agencies began enforcing legal mandates under the 21st Century Cures Act with the goal of achieving major EHI interoperability throughout the US by 2025. If this goal can be met, then EHI interoperability has the potential to trigger major disruption in the healthcare industry and realignment during the coming decade. Toward this end, CMS and ONC have embraced the Fast Healthcare Interoperability Resources (FHIR) framework as promoted by the Health Level Seven International (HL7) standards organization. A key unanswered question is whether HL7/FHIR is mature enough to support this national goal. This paper assesses the HL7/FHIR technology framework and the FHIR Accelerator known as the Da Vinci Project to forecast its adoption potential. Historical forecasting analogies as well as the PRISM methodology are used. The analysis identifies likely adoption risks, forecasts expected patterns of adopter behavior, and recommends strategies for mitigate risks.","2159-5100","978-1-890843-41-0","10.23919/PICMET53225.2022.9882646","","https://ieeexplore.ieee.org/stamp/stamp.jsp?arnumber=9882646","","Industries;COVID-19;Pandemics;Law;Standards organizations;Medical services;Behavioral sciences","","","","35","","14 Sep 2022","7-11 Aug. 2022","7-11 Aug. 2022","IEEE","IEEE Conferences"
"Fundamental Weaker HIE-PML Algorithm With Simple Implementation and Enlarged Time Step for Fine Details Along a Single Direction","P. Wu; J. Wang; H. Jiang; Y. Xie; T. Natsuki","School of Electronic and Information Engineering and Beijing Key Laboratory of Microwave Sensing and Security Applications, Beihang University, Beijing, China; Beijing Institute of Aerospace Systems Engineering, Beijing, China; School of Electronic and Information Engineering, Nanjing University of Information Science and Technology, Nanjing, China; School of Electronic and Information Engineering and Beijing Key Laboratory of Microwave Sensing and Security Applications, Beihang University, Beijing, China; Faculty of Textile Science and Technology, Shinshu University, Ueda, Japan",IEEE Transactions on Microwave Theory and Techniques,"11 Jan 2024","2024","72","1","74","90","Hybrid implicit–explicit (HIE) algorithm is regarded as a powerful method to analyze structures with fine details along a single direction. Here, fundamental weaker HIE (WHIE) algorithm is proposed with the advantages of simple implementation and enlarged time step. Through the employment of the fundamental scheme, the simplest form can be obtained at the right side of the update equations, which avoids the calculation of matrices. Based on the weaker stability condition, time step can be further enlarged compared with the other implicit schemes. Higher order perfectly matched layer (PML) formulation is introduced based on the proposed algorithm to terminate unbounded domains. To validate the algorithm, numerical examples are carried, which include the classical half-space ground-penetrating radar (GPR) problem, magic-T waveguide problem, and periodic metamaterial problem. Through the results, the proposed fundamental HIE algorithm behaviors improvement in efficiency and resources. In addition, absorption shows significant enhancement according to the fundamental higher order formulation by further absorbing the low-frequency propagation waves, evanescent waves, and late-time reflections.","1557-9670","","10.1109/TMTT.2023.3284275","National Key Laboratory of Science and Technology on Space Microwave(grant numbers:6142411032201); National Key Research and Development Program of China(grant numbers:2020YFB1807400); National Natural Science Foundation of China(grant numbers:61571022,61971022); National Key Laboratory Foundation of China(grant numbers:61424020305); ","https://ieeexplore.ieee.org/stamp/stamp.jsp?arnumber=10184912","Finite-difference time-domain (FDTD);fundamental scheme;perfectly matched layer (PML);weaker hybrid implicit-explicit (HIE)","Mathematical models;Time-domain analysis;Finite difference methods;Electronic mail;Transmission line matrix methods;Reflection;Absorption","","7","","45","IEEE","17 Jul 2023","Jan. 2024","","IEEE","IEEE Journals"
"Implementation of Higher-Order CPML on the HIE-FDTD Methods","A. K. Pandey; A. K. Saxena","Department of Electrical Engineering, Indian Institute of Technology Jammu, Jammu, India; Department of Electrical Engineering, Indian Institute of Technology Jammu, Jammu, India",IEEE Transactions on Electromagnetic Compatibility,"13 Dec 2023","2023","65","6","1839","1847","In this article, higher order convolutional perfectly matched layers (HO-CPML) boundary conditions are implemented on the conventional and leapfrog hybrid implicit–explicit finite-difference time-domain (HIE-FDTD) methods. The HO-CPML is developed using the efficient recursive convolution approach. The proposed implementations are validated through simulation results, and both methods exhibit low reflection errors compared to their corresponding first-order implementations. Furthermore, the proposed implementations demonstrate lower reflection errors than the first- and HO-CPML implementations on the improved HIE-FDTD method.","1558-187X","","10.1109/TEMC.2023.3316709","","https://ieeexplore.ieee.org/stamp/stamp.jsp?arnumber=10287205","Convolutional perfectly matched layers (CPML);finite-difference time-domain (FDTD);hybrid implicit–explicit (HIE) scheme;leapfrog FDTD;weakly conditional stability (WCS) FDTD","Time-domain analysis;Boundary conditions;Stability analysis;Mathematical models;Finite difference methods;Perfectly matched layers","","7","","31","IEEE","17 Oct 2023","Dec. 2023","","IEEE","IEEE Journals"
"Efficient Implementation of Divergence-Preserving-HIE-FDTD Method and Its CFS-PML","Y. Chen; G. Hou; G. Wang; X. Ren; G. Xie; Z. Huang","State Key Laboratory of Opto-Electronic Information Acquisition and Protection Technology, Anhui Provincial Engineering Research Center of RF Integrated Circuit Design and Packaging, and the Key Laboratory of Intelligent Computing and Signal Processing, Ministry of Education, Anhui University, Hefei, China; State Key Laboratory of Opto-Electronic Information Acquisition and Protection Technology, Anhui Provincial Engineering Research Center of RF Integrated Circuit Design and Packaging, and the Key Laboratory of Intelligent Computing and Signal Processing, Ministry of Education, Anhui University, Hefei, China; State Key Laboratory of Opto-Electronic Information Acquisition and Protection Technology, Anhui Provincial Engineering Research Center of RF Integrated Circuit Design and Packaging, and the Key Laboratory of Intelligent Computing and Signal Processing, Ministry of Education, Anhui University, Hefei, China; State Key Laboratory of Opto-Electronic Information Acquisition and Protection Technology, Anhui Provincial Engineering Research Center of RF Integrated Circuit Design and Packaging, and the Key Laboratory of Intelligent Computing and Signal Processing, Ministry of Education, Anhui University, Hefei, China; State Key Laboratory of Opto-Electronic Information Acquisition and Protection Technology, Anhui Provincial Engineering Research Center of RF Integrated Circuit Design and Packaging, and the Key Laboratory of Intelligent Computing and Signal Processing, Ministry of Education, Anhui University, Hefei, China; State Key Laboratory of Opto-Electronic Information Acquisition and Protection Technology, Anhui Provincial Engineering Research Center of RF Integrated Circuit Design and Packaging, and the Key Laboratory of Intelligent Computing and Signal Processing, Ministry of Education, Anhui University, Hefei, China",IEEE Transactions on Microwave Theory and Techniques,"27 Jan 2026","2026","74","1","692","706","A divergence-preserving hybrid implicit–explicit finite-difference time-domain (DP-HIE-FDTD) method is proposed for accurate and efficient electromagnetic (EM) simulations. In contrast to traditional semi-implicit or fully implicit finite-difference time-domain (FDTD) schemes, which often fail to preserve the divergence condition required by Gauss’s law—leading to potential inaccuracies—the proposed method provides a more physically faithful solution. It strictly enforces the divergence-free condition in source-free regions, effectively eliminating nonphysical artifacts. To simulate open-region problems, a complex frequency-shifted perfectly matched layer (CFS-PML) is incorporated into the DP-HIE-FDTD framework, enabling stable and accurate truncation of computational domains. Subsequently, a comprehensive analysis is carried out to evaluate the method’s DP property, numerical stability, dispersion characteristics, and computational complexity. The accuracy and effectiveness of the DP-HIE-FDTD method are finally validated through several representative numerical examples, including a frequency-selective surface (FSS), a slot-loaded shielding structure, a microstrip branch-line coupler, and a dual-band microstrip patch antenna.","1557-9670","","10.1109/TMTT.2025.3617950","National Key Research and Development Program of China(grant numbers:2022YFA1404003); National Natural Science Foundation of China(grant numbers:62201003,U23A20290,U22A2017,62371002,62531001,62171001,62571003); ","https://ieeexplore.ieee.org/stamp/stamp.jsp?arnumber=11222821","Complex frequency-shifted perfectly matched layer (CFS-PML);divergence-preserving hybrid implicit–explicit (DP-HIE);finite-difference time-domain (FDTD)","Finite difference methods;Time-domain analysis;Numerical stability;Iterative methods;Accuracy;Microstrip antennas;Computational efficiency;Voltage;Perfectly matched layers;Numerical models","","2","","52","IEEE","30 Oct 2025","Jan. 2026","","IEEE","IEEE Journals"
"Internet-of-everything oriented implementation of secure Digital Health (D-Health) systems","G. Honan; A. Page; O. Kocabas; T. Soyata; B. Kantarci","ECE, University of Rochester, Rochester, NY; ECE, University of Rochester, Rochester, NY; ECE, University of Rochester, Rochester, NY; ECE, SUNY Albany, Albany, NY; ECE, Clarkson University, Potsdam, NY",2016 IEEE Symposium on Computers and Communication (ISCC),"18 Aug 2016","2016","","","718","725","The past few decades have witnessed incredible advances in human health care, owing to the invention of devices such as MRI scanners, which allow physicians to monitor personal health in more detail than was ever previously possible. Such advances have drastically improved diagnostic quality and patient health care. Central to this incredible progress was the uncanny ability of technologists and academics to invent ever more useful tools to help physicians, be it the X-ray machine, CT, or MRI scanner. Whereas the aforementioned past-decades' tools aimed at acquiring personal data, the advent of the Internet-of-Things, vast computational power available in the cloud, and new data analytics algorithms will completely change the way we acquire and process medical data to improve health care going forward. In this paper, we conduct a quantitative feasibility study of a Digital Health (D-Health) system that is aimed at acquiring and processing health data using the emerging Internet-of-Everything paradigm. We specifically investigate the technological feasibility of communication, software, and data privacy aspects.","","978-1-5090-0679-3","10.1109/ISCC.2016.7543821","","https://ieeexplore.ieee.org/stamp/stamp.jsp?arnumber=7543821","decision support;Internet of Everything (IoE);visualization;analytics;remote health monitoring","Medical services;Data privacy;Sensors;Monitoring;Wireless communication;Media Access Protocol","","11","","82","IEEE","18 Aug 2016","27-30 June 2016","27-30 June 2016","IEEE","IEEE Conferences"
"An Implementation and Evaluation of Blockchain-based Digital Health Passports","A. Bandi; A. Fellah","School of Computer Science and Information Systems, Northwest Missouri State University, Maryville, USA; School of Computer Science and Information Systems, Northwest Missouri State University, Maryville, USA",2022 International Conference on Inventive Computation Technologies (ICICT),"16 Aug 2022","2022","","","476","482","While several electronic apps help with contact tracing of COVID patients, and those apps do not prevent patients from getting in contact with healthy international travelers or audiences attending large gatherings. Medical tests are getting expensive, and individuals may falsify their test results when traveling. This paper aims to implement and evaluate a secure Digital Health Passport (DHP) using blockchain technology. Users (issuers, holders, verifiers) register in BigchainDB to create or view digital health certificates. The issuer has read-write access to upload test results and read-only access to holders and verifiers to guarantee tamper-free. The holders can share the test results using QR codes to verifiers. In this implementation, This research study use BigchainDB as the blockchain database. Then, DHP is evaluated based on the smart healthcare requirements and the key features of blockchain technology. The evaluation and discussions present that the DHP is secured, immutable and traceable. DHP use cases will be helpful as health identification cards in international tourism, attending nationwide events, workplaces and educational institutions, and the entertainment industry.","2767-7788","978-1-6654-0837-0","10.1109/ICICT54344.2022.9850724","","https://ieeexplore.ieee.org/stamp/stamp.jsp?arnumber=9850724","Security;privacy;blockchain;BigchianDB;Smart Healthcare","Smart contracts;Government;Entertainment industry;QR codes;Medical tests;Blockchains;Electronic healthcare","","5","","51","IEEE","16 Aug 2022","20-22 July 2022","20-22 July 2022","IEEE","IEEE Conferences"
"Implementation and Evaluation of a Tele-Audiology System on a 5G-Based Digital Health Testbed Using a 4G Radio Access Network","A. Kaliwo; J. Mwangama; T. Mutsvangwa; B. Malila","Department of Human Biology, University of Cape Town, Cape Town, South Africa; Department of Electrical Engineering, University of Cape Town, Cape Town, South Africa; Department of Human Biology, University of Cape Town, Cape Town, South Africa; Department of Human Biology, University of Cape Town, Cape Town, South Africa","2022 International Conference on Electrical, Computer, Communications and Mechatronics Engineering (ICECCME)","30 Dec 2022","2022","","","1","6","Experimental work in the context of the Fifth Generation and beyond networks and healthcare has gained significant traction over the past few years through the development of Fifth Generation-based digital health test networks, also called testbeds. This paper reports on the findings of the integration and testing of a tele-audiology application on a Fifth Generation-based digital health testbed being developed at the University of Cape Town, South Africa. The Fifth Generation-based digital health testbed's core network was implemented using an open-source core network system called Open5GS. The radio access network uses a Neutrino Baicells Long Term Evolution base station. The TeamViewer application was integrated onto the testbed to simulate patient-audiologist video interaction and conduct remote tele-audiology tests. Network Quality of Service parameters such as upload and download speeds, packet jitter, network latency, and video bitrate were collected using nPerf, and user Quality of Experience was determined by observing the audio and video quality between the patient and audiologist sides. Observed network Quality of Service results were compared to those required for running TeamViewer by a one-sample t-test of statistical data analysis using IBM SPSS Statistics. The video quality analysis and the one-sample t-test showed that the testbed network could handle tele-audiology services using TeamViewer. These findings concluded that TeamViewer-powered tele-audiology services could be conducted on the Fifth-Generation mobile networks, even using Fourth-Generation radio access on a 5G-ready core network system.","","978-1-6654-7095-7","10.1109/ICECCME55909.2022.9988081","National Research Foundation(grant numbers:980000001090); ","https://ieeexplore.ieee.org/stamp/stamp.jsp?arnumber=9988081","Tele-audiology;5G networks;testbed;digital health;non-standalone;quality of service","Neutrino sources;5G mobile communication;Quality of service;Electronic healthcare;Quality assessment;Quality of experience;Video recording","","2","","34","IEEE","30 Dec 2022","16-18 Nov. 2022","16-18 Nov. 2022","IEEE","IEEE Conferences"
"Shaping the Future of Digital Health in Primary Care: A Framework for Sustainable Implementation in Multimorbidity Management","M. Peyroteo; M. N. Santos; M. R. Maia; M. S. Paulo; B. Heleno; L. V. Lapão","Department of Mechanical and Industrial Engineering, UNIDEMI, NOVA School of Science and Technology, Universidade NOVA de Lisboa, Caparica, Portugal; Department of Physics, NOVA School of Science and Technology, Universidade NOVA de Lisboa, Caparica, Portugal; Department of Mechanical and Industrial Engineering, UNIDEMI, NOVA School of Science and Technology, Universidade NOVA de Lisboa, Caparica, Portugal; CHRC, Public Health Research Centre, NOVA National School of Public Health, Universidade NOVA de Lisboa, Lisboa, Portugal; CHRC, Faculdade de Ciências Médicas, NOVA Medical School, NMS, FCM, Universidade NOVA de Lisboa, Lisboa, Portugal; Department of Mechanical and Industrial Engineering, UNIDEMI, NOVA School of Science and Technology, Universidade NOVA de Lisboa, Caparica, Portugal","2024 IEEE International Conference on Engineering, Technology, and Innovation (ICE/ITMC)","18 Dec 2024","2024","","","1","8","Chronic diseases are increasingly significant in global health, particularly among older individuals. Managing multiple chronic conditions in a single patient poses substantial challenges for healthcare systems worldwide. Poor management strategies have led to reduced quality of life and increased healthcare utilization. Digital health technologies hold the potential to transform healthcare delivery, but low digital health literacy remains a significant barrier. This paper presents a blended learning training program for Goal-Oriented Care (GOC) aimed at addressing multimorbidity management in primary healthcare (PHC). Using the GOC Model and Design Science Research Methodology (DSRM), the program integrates clinical, digital, and organizational elements to equip healthcare professionals with essential skills and tools for effective multimorbidity management. The Multimorbidity Management Health Information System (METHIS) is embedded into the curriculum to support and enhance learning. The well-structured curriculum and comprehensive evaluation methods aim to prepare healthcare professionals to provide patient-centered care and improve healthcare outcomes. The course was conducted in the Lisbon and Tagus Valley regions and targeted family medicine doctors and nurses. Results indicate moderate engagement from participants, who highlighted the practical value of the course while suggesting improvements in promotion and structure. The proposed frameworks address challenges in digital tool adoption and implement capacity-building initiatives within the DSRM framework. Combining GOC and digital health solutions shows significant potential for managing multimorbidity in PHC effectively. Training and capacity-building programs offer healthcare systems the chance to leverage technology to enhance patient outcomes and improve primary care delivery. Ongoing research and collaboration are crucial for maximizing the effectiveness of digital health solutions in the healthcare industry.","2693-8855","979-8-3503-6243-5","10.1109/ICE/ITMC61926.2024.10794380","","https://ieeexplore.ieee.org/stamp/stamp.jsp?arnumber=10794380","Digital Health;Multimorbidity Management;Implementation;Design Science;Primary Care","Training;Industries;Technological innovation;Collaboration;Transforms;Electronic healthcare;Stakeholders;Hybrid learning;Diseases;Information systems","","1","","40","IEEE","18 Dec 2024","24-28 June 2024","24-28 June 2024","IEEE","IEEE Conferences"
"Design and Implementation of a Curriculum on Digital Health Tools for Future Physical Therapists","A. Zaikina; D. Surin; O. Shukatka; N. Oliinyk; S. Kharchenko; O. Semenikhina","Sumy State Pedagogical University named after A. S. Makarenko, Sumy, Ukraine; Sumy State Pedagogical University named after A. S. Makarenko, Sumy, Ukraine; Ivan Franko National University of Lviv, Lviv, Ukraine; Vinnytsia Mykhailo Kotsyubynskyi State Pedagogical University, Vinnytsia, Ukraine; Sumy National Agrarian University, Sumy, Ukraine; Sumy State Pedagogical University named after A. S. Makarenko, Sumy, Ukraine",2025 MIPRO 48th ICT and Electronics Convention,"2 Sep 2025","2025","","","418","423","The integration of digital health technologies into healthcare systems is transforming the delivery of medical services and rehabilitation. This transformation creates a need for future healthcare professionals, including physical therapists, to master digital health tools (DHT) and use them effectively in clinical practice. This study aims to substantiate, develop, and implement a curriculum focused on training future physical therapists to use DHT, ensuring their readiness for contemporary healthcare environments. The research involved three key stages: a comprehensive review of current literature on DHT use in healthcare and physical therapy; the design of a curriculum aligned with the educational and professional program “Physical Therapy, Occupational Therapy”; and the implementation of the curriculum. In addressing the need for skilled healthcare workers in the digital era, the study emphasizes the importance of developing a comprehensive curriculum for mastering digital health tools. The study concludes that integrating such curricula into university programs is a vital step toward improving the quality of physical therapy education and ensuring the preparedness of graduates for digitalized healthcare systems.","1847-3938","979-8-3315-3597-1","10.1109/MIPRO65660.2025.11131860","","https://ieeexplore.ieee.org/stamp/stamp.jsp?arnumber=11131860","digital health;digital tools;digital technologies;curriculum;physical therapists;digital gap;professional education","Training;COVID-19;Reviews;Pandemics;Medical treatment;Electronic healthcare;Investment","","","","32","IEEE","2 Sep 2025","2-6 June 2025","2-6 June 2025","IEEE","IEEE Conferences"
"A Model for Measuring Well-Being of Medical Practitioners in EHR Implementation","M. Ahmad; M. Kartiwi","Kulliyyah of Information & Communication Technology International Islamic University Malaysia, Kuala Lumpur, Malaysia; Kulliyyah of Information & Communication Technology International Islamic University Malaysia, Kuala Lumpur, Malaysia",2016 6th International Conference on Information and Communication Technology for The Muslim World (ICT4M),"16 Jan 2017","2016","","","148","153","When healthcare institutions decide to implement electronic health records (EHR) to improve healthcare administrative processes and reduce medical errors, it may cause major alterations in various clinical work processes. Thus, the implementation of EHR would usually lead to the resistance of the healthcare practitioners since they may look at the system as hindrance to their effective clinical work. The practitioners in the hospitals usually face difficulties and obstacles in spite of the many benefits promised by EHR such as the inconvenience of having to key in data during patient consultation the need to carry their laptops to inappropriate places. Since there has not been much investigation done on the implementation process of the system and its impact within the healthcare institutions, especially in Malaysia, this study seeks to investigate the influence of EHR in the selected Malaysian healthcare institutions on the wellbeing of healthcare practitioners using a case study approach. While identifying the different models of implementation being used in the selected institutions, the study proceeded to examine whether the implementation process impacts system service quality and their satisfaction using the EHR system influence their personal wellbeing.","","978-1-5090-4521-1","10.1109/ICT4M.2016.040","","https://ieeexplore.ieee.org/stamp/stamp.jsp?arnumber=7814893","Health records;EHR implementation;wellbeing;medical practitioners","Medical services;Information and communication technology","","2","","26","IEEE","16 Jan 2017","22-24 Nov. 2016","22-24 Nov. 2016","IEEE","IEEE Conferences"
"Evaluating Academic Performance in Health Informatics Post-EHR Implementation","M. Kokkalakonda; V. Thakur; M. P. Pilli; S. Purkayastha; C. Fulton","Dept. of BioHealth Informatics, Indiana University Indianapolis, Indianapolis, USA; Dept. of BioHealth Informatics, Indiana University Indianapolis, Indianapolis, USA; Dept. of BioHealth Informatics, Indiana University Indianapolis, Indianapolis, USA; Dept. of BioHealth Informatics, Indiana University Indianapolis, Indianapolis, USA; Dept. of BioHealth Informatics, Indiana University Indianapolis, Indianapolis, USA",2024 IEEE 12th International Conference on Healthcare Informatics (ICHI),"22 Aug 2024","2024","","","739","748","The increasing prevalence of Electronic Health Records (EHR) in healthcare necessitates incorporating EHR familiarity into health informatics curricula. This study investigated the impact of integrating OpenEMR, an open-source EHR system, into the health informatics curriculum at Indiana University Indianapolis. Employing a pre-post design, the study examined changes in student engagement, assignment performance, and final grades across four courses: Clinical Information Systems, Clinical Decision Support Systems, Medical Terminology, and Database Design for HIM, comparing outcomes before (Fall 2022) and after OpenEMR implementation (Spring, Summer, and Fall 2023). Due to the non-normal data distribution, a Mann-Whitney U test was employed for statistical analysis. The findings revealed a multifaceted impact of OpenEMR, with notable improvements in EHR-specific assessments, despite statistically insignificant change in overall course grades. These results highlight the complexities of incorporating practical EHR experiences into curricula, demonstrating the nuanced effects of OpenEMR on enhancing student competencies. However, the study's limited participant diversity, characterized by a high proportion of international students from clinical educational backgrounds, underscores the necessity for further research encompassing a more heterogeneous sample. This sample should include individuals with backgrounds in technology and business management, in addition to those with clinical education, to ensure the generalizability of the findings. This study provides valuable insights for curriculum development and preparing students for the global healthcare landscape.","2575-2634","979-8-3503-8373-7","10.1109/ICHI61247.2024.00118","","https://ieeexplore.ieee.org/stamp/stamp.jsp?arnumber=10628760","Electronic Health Records (EHR);OpenEMR;Health Informatics Curriculum;Competency;Competencies","Decision support systems;Terminology;Statistical analysis;Navigation;Databases;Education;Curriculum development","","","","37","IEEE","22 Aug 2024","3-6 June 2024","3-6 June 2024","IEEE","IEEE Conferences"
"eHealth Initiatives for The Promotion of Healthy Lifestyle and Allied Implementation Difficulties","A. Chatterjee; M. W. Gerdes; S. Martinez","Department for Information and Communication Technologies, University of Agder, Norway; Department for Information and Communication Technologies, University of Agder, Norway; Faculty of Health and Sport Sciences, Center for eHealth, University of Agder, Norway","2019 International Conference on Wireless and Mobile Computing, Networking and Communications (WiMob)","5 Dec 2019","2019","","","1","8","Research in eHealth has opened a new dimension to improve personal healthcare with the help of information and communication technologies (ICT). eHealth is an ‘umbrella term’ for the use of ICT for health. Remote care-giving technologies (mHealth, Telehealth, Telemedicine) are an extended branch of eHealth initiatives. The concept of health e- Coaching is another promising initiative of eHealth research for real-time personalized lifestyle support. The focus of eHealth initiatives is to deliver high quality, evidence-based, secure, cost- effective, timely care to support people for sustaining a healthy lifestyle. However, the practical implementation of different eHealth initiatives has often been challenging to establish prophesied benefit. Health monitoring and fitness coaching with artificial intelligence will rule the coming decades. The pillars of e-Coaching initiatives are data collection, analysis of data, recommendation (sending the right message to the right people in the right context) and data security. An optimized system for health e-Coaching, management of a huge amount of health data, ensuring data protection are some big challenges to the eHealth researchers. Prediction of human psychology for effective e-Coaching recommendation is another level of difficulty to overcome as human behavior is constantly changing. Different eHealth initiatives for the promotion of healthy lifestyle and its implementation difficulties have been our primary focus of the review in this paper. This paper is a result of our early stage research related to ‘Health e-Coaching recommendation system generation’. This paper will help young eHealth researchers to have a holistic idea on different eHealth technologies, initiatives till date for the promotion of healthy lifestyle and associated implementation challenges to overcome in the future.","2160-4894","978-1-7281-3316-4","10.1109/WiMOB.2019.8923324","","https://ieeexplore.ieee.org/stamp/stamp.jsp?arnumber=8923324","eHealth;mHealth;Telehealth;Persuasive Technology;CDSS;EHR;AI;e-Coach;Privacy;Ethics;NCDs;Sensors;Challenges;Ubiquitous Monitoring","Electronic healthcare;Monitoring;Telemedicine;Biomedical imaging;Biomedical monitoring","","27","","42","IEEE","5 Dec 2019","21-23 Oct. 2019","21-23 Oct. 2019","IEEE","IEEE Conferences"
"Implementation of Lightweight eHealth Applications on a Low-Power Embedded Processor","M. Yang; Y. Hara-Azumi","Department of Information and Communications, Tokyo Institute of Technology, Tokyo, Japan; Department of Information and Communications, Tokyo Institute of Technology, Tokyo, Japan",IEEE Access,"10 Jul 2020","2020","8","","121724","121732","The rapid development of Internet of Things (IoT) has opened new opportunities for healthcare systems through so-called eHealth systems. With the help of monitoring using portable IoT devices with biomedical sensors, disease diagnoses can be conducted in real time. However, there is a challenge in that monitoring is an always-on activity that requires constant power supply and IoT devices are battery-powered and face heavy resource constraints. This work addresses a realistic implementation of a low-power eHealth device using both hardware and software approaches. We realize various lightweight eHealth applications (particularly monitoring applications) using a memory-conscious dynamic time warping (DTW) algorithm to be deployed on a small and low-power embedded processor. Actual prototypes of the processor are currently being fabricated. Our evaluation showcases the effectiveness of our work compared with other state-of-the-art embedded processors in terms of circuit area (fabrication cost) and power efficiency. We also demonstrated the scalability of the software implementation by varying the amount of data used in DTW for various eHealth monitoring applications.","2169-3536","","10.1109/ACCESS.2020.3006901","JST AIP Acceleration Research, Japan(grant numbers:JPMJCR20U2); ","https://ieeexplore.ieee.org/stamp/stamp.jsp?arnumber=9133073","Low power;Internet of Things (IoT);eHealth;dynamic time warping","Electronic healthcare;Software;Hardware;Monitoring;Power demand;Internet of Things;Software algorithms","","6","","35","CCBY","3 Jul 2020","2020","","IEEE","IEEE Journals"
"Increasing Engagement in eHealth Interventions Using Personalization and Implementation Intentions","C. Burley; D. Anderson; A. Brownlee; G. Lafer; T. Luong; M. McGowan; J. Nguyen; W. Trotter; H. Wine; A. Baglione; L. E. Barnes","Department of Engineering Systems and Environment, University of Virginia, Charlottesville, USA; Department of Engineering Systems and Environment, University of Virginia, Charlottesville, USA; Department of Engineering Systems and Environment, University of Virginia, Charlottesville, USA; Department of Engineering Systems and Environment, University of Virginia, Charlottesville, USA; Department of Engineering Systems and Environment, University of Virginia, Charlottesville, USA; Department of Engineering Systems and Environment, University of Virginia, Charlottesville, USA; Department of Engineering Systems and Environment, University of Virginia, Charlottesville, USA; Department of Engineering Systems and Environment, University of Virginia, Charlottesville, USA; Department of Engineering Systems and Environment, University of Virginia, Charlottesville, USA; Department of Engineering Systems and Environment, University of Virginia, Charlottesville, USA; Department of Engineering Systems and Environment, University of Virginia, Charlottesville, USA",2020 Systems and Information Engineering Design Symposium (SIEDS),"2 Jun 2020","2020","","","1","5","Approximately one in five adults in the United States have been diagnosed with some form of mental illness, but less than half received treatment in this past year [1]. An interdisciplinary team at the University of Virginia aims to reduce this gap in mental health coverage through its freely accessible online research platform, the MindTrails Project. The MindTrails Calm Thinking study evaluates cognitive bias modification for interpretation (CBM-I), an intervention that aims to reframe the thinking patterns of highly anxious individuals when they respond to ambiguous situations that they might interpret as stressful. MindTrails is experiencing a high attrition (dropout) rate, which is common to eHealth interventions. In response to this, our project utilized two novel approaches to online anxiety interventions to improve engagement and retention: (1) personalization of training content and (2) implementation intentions and goal setting. We designed a prototype for a new mobile interface that engages users with a journal to record implementation intentions and goals. Users also have the ability to choose the domain of anxiety (e.g., relationships, health) that they would like to work on. To further incorporate these psychological principles into the MindTrails program, suggestions for future work are also discussed. We hypothesize that, with its new user-centered mobile interface, the Calm Thinking mobile application will further connect users with an evidence-based mental health intervention and increase the efficacy of the program.","","978-1-7281-7145-6","10.1109/SIEDS49339.2020.9106640","","https://ieeexplore.ieee.org/stamp/stamp.jsp?arnumber=9106640","eHealth;anxiety","Training;Anxiety disorders;Prototypes;Mental health;Electronic healthcare;Mobile applications","","4","","26","IEEE","2 Jun 2020","24-24 April 2020","24-24 April 2020","IEEE","IEEE Conferences"
"Organizational Dynamics of Sustainable eHealth Implementation: A Case Study of eHMIS","G. B. Fanta; L. Pretorius; L. Erasmus","Department Engineering and Technology Management, University of Pretoria, Pretoria, South Africa; Department Engineering and Technology Management, University of Pretoria, Pretoria, South Africa; School of Engineering Management, University of Johannesburg, Johannesburg, South Africa",2017 Portland International Conference on Management of Engineering and Technology (PICMET),"30 Nov 2017","2017","","","1","9","Successful implementation of electronic health (eHealth) is affected by several interrelated factors that go beyond technological elements. Economic, social (human) and environmental (organizational) factors significantly influence the sustainability of eHealth systems. Because of organizational factors, the same eHealth system can exhibit different success level in different healthcare institutions. Organizational culture, structure, resources, work process flow, leadership and management support are the key elements of organizational factors in the process of eHealth implementation. These organizational factors can deter the acceptance of eHealth technology if not carefully considered in the process of eHealth implementations. In this research study, we seek to understand the elements of an organizational factor that influence eHealth implementation and to study their dynamic interactions with technological dimensions. Healthcare organization is a complex system that involves nonlinear interaction among organizational elements that keep changing over time. A conceptual framework developed to describe the organizational dynamic of eHealth implementation illustrates nonlinearity through feedbacks. A case study approach is used to learn the holistic characteristics of organizational factors during the implementation of Electronic Health Management Information System (eHMIS) in Ethiopia. The conceptual framework is tested with data collected from two separate focus group discussion sessions with the implementers and owners of eHMIS. A system dynamics research simulation applied in this study is an appropriate method to enhance the learning process of a complex system. Finally, a causal loop diagram (CLD) of organizational dynamics is developed from the focus group data, literature and eHMIS implementation documents review.","","978-1-890843-36-6","10.23919/PICMET.2017.8125472","","https://ieeexplore.ieee.org/stamp/stamp.jsp?arnumber=8125472","","Organizations;Training;Stakeholders;Technology management;Information and communication technology","","3","","39","","30 Nov 2017","9-13 July 2017","9-13 July 2017","IEEE","IEEE Conferences"
"An approach for a national eHealth implementation - the case of modular interactive tiles for rehabilitation","H. H. Lund; L. S. D. Jensen; Y. Ssessanga; S. Cataldo; K. I. Yahya-Malima","Technical University of Denmark, Kgs. Lyngby, Denmark; Technical University of Denmark, Kgs. Lyngby, Denmark; University of Iringa, Iringa, Tanzania; INUKA Inuka Southern Highlands Community Based Rehabilitation Program, Waging'ombe, Njombe, Tanzania; Tanzania Commission For Science and Technology (COSTECH), Dar es Salaam, Tanzania",2015 IST-Africa Conference,"13 Aug 2015","2015","","","1","10","By the development of a mHealth tablet app together with modular interactive tiles for rehabilitation, we intend to facilitate the co-design, adaptation, demonstration and validation of modular ICT solutions for rehabilitation in deep rural sub-Saharan Africa. This results in highly mobile, modular and energy efficient technology which can be set up and used anywhere and anytime. We have formed a national partnership for sustainable implementation, comprising a governmental representative, national hospital, national health university department, regional hospitals, Living Labs and NGOs performing community-based rehabilitation. Thereby, we investigate the adaptation, contextualisation and implementation in different rehabilitation methods and centres, including hospitals both in a city centres and in a rural area, NGO's performing community based rehabilitation, and rehabilitation centres. Together, the partners contextualise the eHealth solution to fit the needs in urban, rural and deep rural areas.","","978-1-9058-2451-9","10.1109/ISTAFRICA.2015.7190552","","https://ieeexplore.ieee.org/stamp/stamp.jsp?arnumber=7190552","eHealth;rehabilitation;playware;modular tiles","Hospitals;Africa;Communities;Games;Tiles;Batteries;Pediatrics","","1","","15","","13 Aug 2015","6-8 May 2015","6-8 May 2015","IEEE","IEEE Conferences"
"Legal, Ethical, Financial, and Technological (LEFT) Considerations for eHealth Implementation in Europe: Developing a Roadmap","B. Bente; N. B. -d. Jong; R. Verdaasdonk; L. van Gemert-Pijnen","Section of Psychology, Health, and Technology, Centre for eHealth and Wellbeing Research, University of Twente, Enschede, the Netherlands; Section of Psychology, Health, and Technology, Centre for eHealth and Wellbeing Research, University of Twente, Enschede, the Netherlands; Section of Health, Technology and Implementation, Technical Medical Centre University of Twente, Enschede, the Netherlands; Section of Psychology, Health, and Technology, Centre for eHealth and Wellbeing Research, University of Twente, Enschede, the Netherlands","2024 IEEE International Conference on E-health Networking, Application & Services (HealthCom)","18 Feb 2025","2024","","","1","6","The developments in eHealth technology have driven a significant shift towards increased digitalization in healthcare, transforming eHealth from standalone tools into intricate infrastructures of multiple interconnected data systems. These infrastructures introduce multifaceted challenges in legal, ethical, financial, and technological (LEFT) domains, highlighting the critical need for a comprehensive framework to navigate the complexities within these domains and facilitate successful implementation. This viewpoint paper presents version 1.0 of a roadmap for eHealth implementation concerning LEFT domains and provides a preliminary overview of key preconditions essential for successful implementation. The roadmap is constructed based on the LEFT barriers and facilitators identified in an earlier study, systematically translating these insights into specific preconditions for successful implementation. Legal preconditions emphasize the necessity of effective data privacy and security measures, along with a comprehensive regulatory compliance framework. Ethical preconditions focus on facilitating patient understanding and control, enhancing consent processes, and implementing robust validations mechanisms for eHealth technologies. Financial preconditions advocate for fostering public-private stakeholder collaboration, establishing a financially sustainable business model, and developing eHealth reimbursement strategies. Technological preconditions include promoting interoperability between different data systems, enhancing data and system quality, and improving usability and accessibility of eHealth technologies. While this paper introduces version 1.0 of the roadmap and outlines the LEFT preconditions for eHealth implementation, effective implementation also requires collaborative decision-making among multidisciplinary stakeholders. Recognizing the need for a holistic approach, these preconditions necessitate careful consideration and systematic planning, with the roadmap serving as guidance to address the challenges of creating a successful eHealth infrastructure.","","979-8-3503-5054-8","10.1109/HealthCom60970.2024.10880735","","https://ieeexplore.ieee.org/stamp/stamp.jsp?arnumber=10880735","implementation;eHealth;ethical;financial;business model;stakeholder engagement","Ethics;Systematics;Law;Navigation;Decision making;Collaboration;Data systems;Electronic healthcare;Planning;Stakeholders","","","","13","IEEE","18 Feb 2025","18-20 Nov. 2024","18-20 Nov. 2024","IEEE","IEEE Conferences"
"e-Health cloud implementation issues and efforts","N. Al Nuaimi; A. AlShamsi; N. Mohamed; J. Al-Jaroodi","United Arab Emirates University, Al Ain, UAE; United Arab Emirates University, Al Ain, UAE; United Arab Emirates University, Al Ain, UAE; University of Pittsburgh, Pittsburgh, PA, UAE",2015 International Conference on Industrial Engineering and Operations Management (IEOM),"27 Apr 2015","2015","","","1","10","The healthcare industry is facing several challenges and significant pressure to decrease the costs associated with providing healthcare services, adopt new electronic healthcare systems, and communicate data quickly and securely with other healthcare and government agencies. Recently, the healthcare industry started perceiving cloud computing as a solution for its elasticity, scalability and universal access to the medical data anywhere and anytime needs. This paper illustrates the concept of electronic healthcare (e-Health), highlights the technical and non-technical issues of migrating to cloud computing solutions. Furthermore, the paper illustrates different solutions of cloud-based e-Health implementations to compare these efforts with the current issues.","","978-1-4799-6065-1","10.1109/IEOM.2015.7093757","","https://ieeexplore.ieee.org/stamp/stamp.jsp?arnumber=7093757","e-Health;healthcare;cloud computing;security;privacy","Medical services;Cloud computing;Organizations;Security;Standards organizations;Software as a service;Interoperability","","24","","62","IEEE","27 Apr 2015","3-5 March 2015","3-5 March 2015","IEEE","IEEE Conferences"
"Design and Implementation of a Blockchain-Based E-Health Consent Management Framework","C. C. Agbo; Q. H. Mahmoud","Department of Electrical, Computer and Software Engineering, Ontario Tech University, Oshawa, Ontario, Canada; Department of Electrical, Computer and Software Engineering, Ontario Tech University, Oshawa, Ontario, Canada","2020 IEEE International Conference on Systems, Man, and Cybernetics (SMC)","14 Dec 2020","2020","","","812","817","Transformation of data into knowledge is the hallmark of modern medicine. As an evolving field of medicine, e-Health involves the electronic processing of a patient's personal, medical and other health-related data to improve healthcare delivery. Data captured from clinical interactions between patients and their care providers, as well as health data collected through medical sensors, provide a rich source of data, known as patient medical records (PMRs), which can be processed in various ways to enhance the delivery of healthcare services. However, indiscriminate processing of PMRs could potentially result in the violation of the security or privacy of patients. To ensure that PMRs are not processed in ways that could be harmful to the security or privacy of the patients, modern data protection regulations, such as the European General Data Protection Regulation (GDPR), requires healthcare service provides to obtain the consent of a patient for any processing operation on their PMRs. The mechanism by which a patient exercises their right to control who can process their PMRs, when and for what purpose, is referred to as consent management in e-Health. Existing health information technology systems do not provide adequate support for consent management; there is a lack of transparency and auditability in the existing systems to monitor and ensure that healthcare service providers comply to the relevant data protection regulations in processing PMRs. The emerging blockchain technology offers an opportunity to design an e-Health consent management system that is compliant with modern data protection regulations such as GDPR. In this paper, we present the design and implementation of an e-Health consent management framework, based on the state-of-the-art blockchain technologies, for processing PMRs. Our analysis confirms that our system satisfies the requirements for consent management in e-Health.","2577-1655","978-1-7281-8526-2","10.1109/SMC42975.2020.9283203","","https://ieeexplore.ieee.org/stamp/stamp.jsp?arnumber=9283203","blockchain;distributed ledger;health care;consent management;patient medical records (PMRs);Hyperledger Fabric","Process control;Medical services;Blockchain;Regulation;Sensors;Security;General Data Protection Regulation","","21","","24","IEEE","14 Dec 2020","11-14 Oct. 2020","11-14 Oct. 2020","IEEE","IEEE Conferences"
"IoT for Healthcare: An architecture and prototype implementation for the remote e-health device management using Continua and LwM2M protocols","M. Li; E. Moll; C. -M. Chituc","The Netherlands; Philips Research Eindhoven, The Netherlands; Deutsches Institut für Internationale Pädagogische, Forschung Frankfurt am Main, Germany",IECON 2018 - 44th Annual Conference of the IEEE Industrial Electronics Society,"30 Dec 2018","2018","","","2920","2926","The advent of the IoT and increased attention on the quality of the remote e-healthcare services intensified the focus on the management and interoperability of personal health devices. In order to operate remote e-health services over a long period of time, it is important to remotely manage and monitor the status of the personal health devices and gateways. Existing standards have limitations for IoT healthcare services, e.g., the ISO/IEEE 11073 standard does not support IP communication. In this article, we propose a solution for introducing OMA LwM2M into Continua architecture to ensure the remote management of personal health devices and gateway. A software prototype was implemented for the personal health gateway on an Android smartphone using Eclipse LeShan. The tests performed showed that integrating the LwM2M in Continua architecture into a personal health gateway represents a valid approach.","2577-1647","978-1-5090-6684-1","10.1109/IECON.2018.8591635","","https://ieeexplore.ieee.org/stamp/stamp.jsp?arnumber=8591635","IoT;remote e-health device management;interoperability;gateway;Continua;LwM2M protocol","Protocols;Interoperability;Medical services;Bluetooth;Logic gates;ISO Standards","","8","","25","IEEE","30 Dec 2018","21-23 Oct. 2018","21-23 Oct. 2018","IEEE","IEEE Conferences"
"Telemedicine Design for Rural Areas as a Framework of e-Health Implementation","A. B. Setiawan; A. Syamsudin; D. I. Ruhiyat","Research and Development Agency, Ministry of Communication and Information, Jakarta, Indonesia; National Cyber Security Defense, Cibinong, Bogor, Indonesia; National Cyber Security Defense, Cibinong, Bogor, Indonesia",2018 International Conference on ICT for Rural Development (IC-ICTRuDev),"6 May 2019","2018","","","75","80","Access to high quality health services is needed to maintain the health of the community to be better. Urban health services are relatively easy to access, which is unlikely to happen in rural areas. This does not apply to rural areas. Besides mobilization location factors, only a small amount of health workers are willing to work in remote areas. Health services provided there are mostly conventional. This is partly affected by the lagging of technology infrastructure in rural areas compared to urban areas. The level of ICT adoption in rural communities is still far behind compared to urban communities. Telemedicine is a form of e-health implementation to improve health services for the community. Telemedicine provides solutions in health services for patients in remote areas which has difficulty accessing referral health facilities with adequate equipment. Telemedicine is a health service carried out remotely by transferring electronic medical data from one location to another. Thus, it will facilitate rural communities in accessing health services. This study aims to design telemedicine for rural areas as a framework for the implementation of e-health. The methodology used in this study is system planning cycle method for the implementation of electronic health systems. The results of this study are recommendations from the telemedicine framework for the implementation of e-health for rural areas.","","978-1-5386-7781-0","10.1109/ICICTR.2018.8706860","","https://ieeexplore.ieee.org/stamp/stamp.jsp?arnumber=8706860","telemedicine;e-health;rural area","Telemedicine;Medical diagnostic imaging;Telecommunications;Hospitals;Monitoring;Information and communication technology","","3","","18","IEEE","6 May 2019","17-18 Oct. 2018","17-18 Oct. 2018","IEEE","IEEE Conferences"
"Implementation of 5G Network Architecture with Interoperability in Heterogeneous Wireless Environment using Radio Spectrum","P. William; S. Choubey; M. Ramkumar; A. Verma; K. Vengatesan; A. Choubey","Department of Information Technology, Sanjivani College of Engineering, Savitribai Phule Pune University, Pune, India; Depatment of CSE, Shri Shankaracharya Technical Campus, Bhilai, India; Depatment of CSE, HKBK College of Engineering, Bangalore, India; Depatment of CSE, Sanjivani College of Engineering, Savitribai Phule Pune University, Pune, India; Depatment of CSE, MATS University, Raipur, India; Depatment of CSE, Shri Shankaracharya Technical Campus, Bhilai, India",2022 International Conference on Electronics and Renewable Systems (ICEARS),"13 Apr 2022","2022","","","786","791","In this study, we suggest a revolutionary network architectural design strategy for future 5G mobile networks, which we believe would be beneficial. The proposed design is based on a mobile environment that is centered on the user and incorporates a range of wireless and mobile technologies to achieve this. Because it is impossible to make changes to any wireless technology, new or old, in a heterogeneous wireless environment, each solution for next-generation mobile and wireless networks should be implemented in the service stratum, whereas radio access technologies should be implemented in the transport stratum in the Next-Generation Networks approach. The user terminal in the proposed design has the option of altering the Radio Access Technology - RAT based on the parameters that have been supplied. This paper introduces the Policy-Router, which is a node in the core network that constructs IP tunnels to the mobile terminal across many available RATs to the terminal, while enabling the mobile terminal to change RATs in an unobtrusive manner. After learning about the RAT via the mobile terminal's performance measurements, the mobile terminal selects the RAT by executing a multi-criteria decision-making process using the specified user agent. In this paper, we describe the QoSPRO methodology, which allows control information to be shared between the mobile terminal and the Policy Router throughout the performance evaluation procedure.","","978-1-6654-8425-1","10.1109/ICEARS53579.2022.9752267","","https://ieeexplore.ieee.org/stamp/stamp.jsp?arnumber=9752267","5G;Heterogeneous Wireless Networks;Quality of Service (QoS);Policy Routing;5G radio spectrum;Traffic offloading of mobile","TV;5G mobile communication;Wireless networks;Quality of service;Network architecture;Telephone sets;Radio access technologies","","28","","19","IEEE","13 Apr 2022","16-18 March 2022","16-18 March 2022","IEEE","IEEE Conferences"
"Relevant Aspects for Interoperability in Electrical Substations under Implementation of Process Bus IEC 61850-9-2 with Multi-Vendor Devices","O. A. Tobar Rosero; R. J. Santamaría Isaza; G. Darío Zapata Madrigal; J. C. Olaya","Universidad Nacional de Colombia, Medellín, Colombia; Universidad Nacional de Colombia, Medellín, Colombia; Universidad Nacional de Colombia, Medellín, Colombia; Grupo ISA S.A E.S.P., Colombia",2019 FISE-IEEE/CIGRE Conference - Living the energy Transition (FISE/CIGRE),"2 Mar 2020","2019","","","1","6","IEC 61850 standard is becoming most relevant in electrical industry, focused on interoperability between devices, achieving multi-manufacturer systems communicate and becomes the standard for transport network of digital substation conception, smart grids and automation of power systems. In a power substation, deployment of a communication network based on IEC61850 includes station bus and process bus. Process bus transmits messages with data that contains sampled electrical signals acquired by Merging Units that sends Sampled Values to IEDs. In Colombia, the implementation of process bus remains minimal. In order to promote the migration of conventional substations to digital substations in Colombia, the ISA group, is working together with the first IEC 61850 laboratory in Latin-America from the Universidad Nacional de Colombia at Medellín, leading a pilot project involving laboratory tests, creation of profile and finally the assembly of an architecture with multivendor process bus within a company substation. Furthermore, this document shows important aspects of results obtained out of the first stage of the project. Results obtained from communication tests of different signals are presented as well, as the performance of the devices in this process, also, additional aspects that were evidenced throughout the tests are considered. Finally, some conclusions are represented intended to contribute the sector, searching for more implementation of substations with process bus, according to IEC 61850-9-2 standard.","","978-1-7281-4230-2","10.1109/FISECIGRE48012.2019.8984957","","https://ieeexplore.ieee.org/stamp/stamp.jsp?arnumber=8984957","IEC 61850;Substations Automation Systems (SAS);Digital Substations;Process Bus;High availability automation networks;Communication protocols in power systems","Interoperability;Substations;Computer architecture;Protocols;IEC Standards;Redundancy","","8","","9","IEEE","2 Mar 2020","4-6 Dec. 2019","4-6 Dec. 2019","IEEE","IEEE Conferences"
"A Hybrid Blockchain Implementation to Ensure Data Integrity and Interoperability for Public Service Organisations","A. Shahaab; I. Khan; R. Maude; C. Hewage","Cardiff School of Technologies, Cardiff Metropolitan University, Cardiff, United Kingdom; Cardiff School of Technologies, Cardiff Metropolitan University, Cardiff, United Kingdom; Companies House, Cardiff, United Kingdom; Cardiff School of Technologies, Cardiff Metropolitan University, Cardiff, United Kingdom",2021 IEEE International Conference on Blockchain (Blockchain),"24 Jan 2022","2021","","","295","305","Public service organisations (PSOs) have a need to collaborate with each other in order to provide a seamless user experience, mitigate fraud and increase operational efficiency at a reduced tax payer's cost. However, legacy systems built over decades using different technology stacks, make collaboration challenging and hinder efficiency. Distributed ledger technologies (DLTs) have been proposed as a trust and efficiency mechanism for several inter organisation collaborative tasks. They can reduce friction in operations and help achieve a more streamlined and unified public service infrastructure. However, most of the work are either based on theory or purely conceptual and lack implementation. In this paper, we elaborate on the design and implementation of a proof of concept (POC) of a blockchain based interoperability and data sharing system that allows PSOs to seamlessly collaborate and share information in real time. The POC is based on the Registration of Overseas Entities and Beneficial Owners (ROEBO) legislation in the UK and demonstrates interactions between Companies House UK and other PSOs in a hybrid blockchain setting.","","978-1-6654-1760-0","10.1109/Blockchain53845.2021.00047","","https://ieeexplore.ieee.org/stamp/stamp.jsp?arnumber=9680595","blockchain for government;distributed ledger technology implementation;public services;interoperability;data sharing;proof of concept","Resistance;Collaboration;Legislation;Aging;User experience;Real-time systems;Blockchains","","7","","55","IEEE","24 Jan 2022","6-8 Dec. 2021","6-8 Dec. 2021","IEEE","IEEE Conferences"
"Interoperability for Embedded Systems in JFML Software: An Arduino-based implementation","F. J. Arcos; J. M. Soto-Hidalgo; A. Vitiello; G. Acampora; J. Alcalá-Fdez","Dpt. of Computer Science and A. I., University of Granada, Granada, Spain; Dpt. of Electronics and Computer Engineering, University of Cordoba, Cordoba, Spain; Department of Computer Science, University of Salerno, Salerno, Italy; Dpt. of Physics Ettore Pancini, University of Naples Federico II, Naples, Italy; Dpt. of Computer Science and A.I., Universidad de Granada, Granada, Spain",2018 IEEE International Conference on Fuzzy Systems (FUZZ-IEEE),"14 Oct 2018","2018","","","1","8","Fuzzy Logic Systems have been successfully used in a wide range of real-world problems. They can include a priori expert knowledge and represent systems for which it is not possible to obtain a mathematical model. The standard IEEE Std 1855™-2016 was established to provide the fuzzy community with a unique and well-defined tool allowing a fuzzy logic system design completely independent from the specific hardware/software. Recently, the library Java Fuzzy Markup Language (JFML) offers a complete implementation of the standard, however, the actual version of the JFML does not support the development of fuzzy inference systems on specific types of hardware. The aim of this paper is to develop an interoperability module to design and running FLS for embedded systems in JFML, concretely for Arduino boards. In addition, a communication protocol between JFML and Arduino boards is also defined, removing the limited computing capacity usually offered by embedded systems. A case study with a wall-following fuzzy controller to manage a mobile robotic in two environments is developed in order to illustrate the potential of the new interoperability module.","","978-1-5090-6020-7","10.1109/FUZZ-IEEE.2018.8491509","","https://ieeexplore.ieee.org/stamp/stamp.jsp?arnumber=8491509","Fuzzy Logic Systems;Embedded Systems;Java Fuzzy Markup Language;IEEE std 1855™–2016;Open Source Software;Arduino","Embedded systems;Fuzzy logic;Libraries;Hardware;Interoperability;IEEE Standards","","4","","18","IEEE","14 Oct 2018","8-13 July 2018","8-13 July 2018","IEEE","IEEE Conferences"
"Capacity-building across sectors: Making a reference platform for INSPIRE implementation, interoperability and reusability","R. S. Smith; L. Bargiotti; N. Loozen; S. Goedertier; M. Rovera; L. H. Quirós","EC Joint Research Centre, Ispra, Italy; PricewaterhouseCoopers, Brussels, Belgium; PricewaterhouseCoopers, Brussels, Belgium; PricewaterhouseCoopers, Brussels, Belgium; EC Joint Research Centre, Ispra, Italy; EC Joint Research Centre, Ispra, Italy",eChallenges e-2015 Conference,"28 Mar 2016","2015","","","1","9","EU Member States are currently implementing the Infrastructure for Spatial Information for Europe (INSPIRE) Directive (2007/2/EC) that is helping to create a Spatial Data Infrastructure (SDI) for the environment and related policy areas. This will facilitate the exchange of spatial data between Member States, with an aim to overcome related technical and organisational challenges. To support this process, several initiatives have been put in place but more coordination and communication are needed. This includes implementers gaining access to tools and information that will help overcome interoperability barriers. The European Commission's Joint Research Centre (JRC) is establishing an information system containing reference resources for INSPIRE implementers, software solution providers and users of the infrastructure, including in other sectors. By considering Living Labs and capacity-building in SDIs, we aim to create a fertile collaborative `arena' and present the approach and lessons being learnt in this paper.","2166-1677","978-1-9058-2453-3","10.1109/eCHALLENGES.2015.7440968","","https://ieeexplore.ieee.org/stamp/stamp.jsp?arnumber=7440968","","Stakeholders;Interoperability;Europe;Standards;Resource description framework;Software;Context","","1","","20","","28 Mar 2016","25-27 Nov. 2015","25-27 Nov. 2015","IEEE","IEEE Conferences"
"IoT interoperability: Security considerations and challenges in implementation","K. Reeves; C. Maple","Costain, UK; University of Warwick, Coventry, West Midlands, GB",Living in the Internet of Things: Cybersecurity of the IoT - 2018,"14 Jun 2018","2018","","","1","7","The Internet of Things (IoT) has been heralded as a technology that has the capacity to revolutionise the way that we live impacting on the way we work, socialise, travel and communicate. New IoT-based systems are being proposed in sectors ranging from transport to health, from manufacturing to entertainment to our interactions with government. To realise the full benefit of IoT, it is imperative that the infrastructure we depend upon is adequate to deliver the services envisioned and has the necessary resilience, robustness and security. The infrastructure industry is itself attempting to ensure that, in delivering advanced infrastructure, it operates in a smarter, more technologically-supported and information-driven manner. To underpin and support a co-ordinated strategy for smarter infrastructure development, there are a number of important and useful guidelines, best practices and standards that are being developed. However, the alignment of these approaches is not always optimal, and as such interoperability presents a significant challenge. This paper examines the landscape of standards and guidance, the security challenges presented and the difficulty in ensuring compliance. The paper considers the issues faced in implementation and proposes recommendations for interoperability in IoT.","","978-1-78561-843-7","10.1049/cp.2018.0007","","https://ieeexplore.ieee.org/stamp/stamp.jsp?arnumber=8379694","Internet of Things;Security;Standards;Interoperability;Cyber Physical Systems","","","1","","","","14 Jun 2018","28-29 March 2018","28-29 March 2018","IET","IET Conferences"
"Virtual laboratory of a Spider Crane: An implementation based on an interoperability protocol","J. Chacón; G. Farias; H. Vargas; S. Dormido","Universidad Nacional de Educación a Distancia; Pontificia Universidad Católica de Valparaiso, Chile; Pontificia Universidad Católica de Valparaiso, Chile; Universidad Nacional de Educación a Distancia",2016 IEEE Conference on Control Applications (CCA),"13 Oct 2016","2016","","","827","832","The process of building remote or virtual laboratories to be deployed via Internet usually involves communication between different software tools. Very often, there is a separation between the software which interfaces with the model or real system, and the software responsible of providing the student with an interactive and visual representation of the data provided by the engineering system. Abstracting the way these two elements communicate with each other from the particular implementation, the requirements are frequently the same: connection and session control, data transmission control, user interaction handling, etc., which have been encapsulated into an standard interoperability protocol to remotely interoperate any kind of engineering software. This work describes a virtual lab of an Spider Crane system based on that protocol that allows, in this case of use, to interconnect an engineering model created with an engineering software (MATLAB/Simulink), with and interactive graphical interface designed with a specialized software tool (EjsS).","","978-1-5090-0755-4","10.1109/CCA.2016.7587921","","https://ieeexplore.ieee.org/stamp/stamp.jsp?arnumber=7587921","Control education;Computer-based teaching environments;Web-based instruction","Servers;Protocols;MATLAB;Cranes;Interoperability;Mathematical model","","1","","21","IEEE","13 Oct 2016","19-22 Sept. 2016","19-22 Sept. 2016","IEEE","IEEE Conferences"
"A Secondary Control Framework for Microgrid Interoperability With Vendor-Agnostic Grid-Forming Units: Design, Implementation, and Demonstration via Large-Scale Hardware Setup","S. Chakraborty; J. Wang; S. Ganguly; B. Kroposki","Power Systems Engineering Center, National Laboratory of the Rockies (NLR), Golden, CO, USA; Power Systems Engineering Center, National Laboratory of the Rockies (NLR), Golden, CO, USA; Power Systems Engineering Center, National Laboratory of the Rockies (NLR), Golden, CO, USA; Power Systems Engineering Center, National Laboratory of the Rockies (NLR), Golden, CO, USA",IEEE Access,"19 Dec 2025","2025","13","","212121","212149","The reliable operation of islanded microgrids increasingly depends on secondary controls that restore voltage and frequency to nominal values and ensure accurate active and reactive power sharing. Centralized secondary control architectures achieve high accuracy through global coordination at the cost of single-point failures and limited scalability compared with decentralized/distributed approaches. But a critical gap remains in addressing the interoperability and vendor-agnostic operation of secondary controls in real-world microgrids where heterogeneous diesel generator(s) and grid-forming (GFM) inverter(s) from multiple manufacturers always coexist. Practical and vendor-agnostic interoperability guidelines for the secondary control architecture of microgrids with multiple GFM units have not yet been developed; therefore, this paper proposes an interoperable and vendor-agnostic secondary control framework that operates seamlessly across GFM units from different vendors without relying on proprietary controls and protocols, hardware, or lock-ins. The framework leverages existing communication infrastructures (e.g., Modbus TCP/IP) to enable cost-effective deployment while addressing practical challenges, such as packet loss and quantization errors. Mitigation strategies—including data averaging, situational event-triggered control, and finite-iteration execution—are introduced to enhance reliability under real-world conditions. A generalized modeling and design framework is also presented, supported by robustness analysis to demonstrate independence from vendor-specific implementations. The proposed framework is validated through a large-scale hardware demonstration using a 3- $\phi $ , 480-V, 60-Hz, 713-kVA laboratory hardware microgrid involving a heterogeneous diesel generator and multiple GFM inverters, showcasing its effectiveness in achieving stable voltage and frequency restoration and accurate power sharing under practical constraints. The results highlight the framework’s potential as a scalable and practical solution for next-generation microgrids requiring openness, standard framework, and interoperability.","2169-3536","","10.1109/ACCESS.2025.3643737","National Laboratory of the Rockies (NLR) for U.S. Department of Energy (DOE)(grant numbers:DE-AC36-08GO28308); U.S. Department of Energy Office of Energy Efficiency and Renewable Energy Solar Energy Technologies Office(grant numbers:38637); ","https://ieeexplore.ieee.org/stamp/stamp.jsp?arnumber=11299052","Droop control;grid-forming inverters;microgrid operation;reactive power sharing control;secondary frequency;voltage regulation","Microgrids;Voltage control;Reactive power;Voltage measurement;Grid forming;Frequency control;Regulators;Accuracy;Frequency measurement;Interoperability","","","","68","CCBY","12 Dec 2025","2025","","IEEE","IEEE Journals"
"Developing Fast Healthcare Interoperability Resources Implementation Guide for Indonesian Health Services","D. Wijayanti; G. Wang","Information Systems Management Department, BINUS Graduate Program – Master of Information Systems Management, Bina Nusantara University, Jakarta, Indonesia; Information Systems Management Department, BINUS Graduate Program – Master of Information Systems Management, Bina Nusantara University, Jakarta, Indonesia",2025 International Conference on Information Management and Technology (ICIMTech),"4 Dec 2025","2025","","","91","96","Fast Healthcare Interoperability Resources (FHIR) is an emerging global standard for health data exchange, which is increasingly being adopted in national platforms, such as Indonesia’s SATUSEHAT. However, Indonesia currently lacks domain-specific FHIR Implementation Guides (IG), limiting consistent data modeling, validation, and exchange across health systems. This study uses an Action Design Research (ADR) approach to develop a FHIR IG for antenatal care (ANC) services in Sampang, East Java, guided by the WHO SMART Guidelines. The development process involved defining scope and requirements, modeling FHIR profiles, and validating the IG using standard tools. Supporting workflows and architecture were documented using UML and ArchiMate 3.2. The IG was authored in FHIR Shorthand (FSH), starting with the conversion of the SATUSEHAT Core IG from Forge using GoFSH. Validation included unit testing with SUSHI and Firely Terminal, and system testing with HAPI FHIR to ensure interoperability for the antenatal care dataset. The IG focuses on Logical Models, Value Sets, Code Systems, and Profiles. Findings emphasize the urgent need for reusable, standards-aligned components and strong stakeholder engagement to support interoperable, scalable digital health systems in Indonesia.","2837-2778","979-8-3315-9701-6","10.1109/ICIMTech67074.2025.11265535","","https://ieeexplore.ieee.org/stamp/stamp.jsp?arnumber=11265535","interoperability;FHIR;data model;health informatics;antenatal care;emerging technologies","System testing;Terminology;Biological system modeling;Unified modeling language;Data models;Electronic healthcare;Stakeholders;Interoperability;Standards;Guidelines","","","","30","IEEE","4 Dec 2025","28-29 Aug. 2025","28-29 Aug. 2025","IEEE","IEEE Conferences"
"Faster Implementation Time Through Interoperability: Let’s Prove it!","J. Mäule; F. Leinenbach; T. Leich; C. Diedrich","Fraunhofer Institute for Factory Operation and Automation IFF, Magdeburg, Germany; Institute for Nondestructive Testing Fraunhofer IZFP, Saarbrücken, Germany; Automation and Informatics, Harz University of Applied Sciences, Germany; Chair of Integrated Automation, Otto Von Guericke University, Magdeburg, Germany",2025 IEEE 30th International Conference on Emerging Technologies and Factory Automation (ETFA),"21 Oct 2025","2025","","","1","7","Standardized connections are intended to reduce implementation time. This is achieved through approaches such as the Asset Administration Shell (AAS). Although there is a substantial amount of literature on how this can be accomplished with solutions like the AAS, there are no quantitative studies indicating the extent to which standardization can reduce implementation time. We aim to demonstrate this through an experiment. We believe it is important to engage the community in a critical discussion about the experiment design before we proceed with its execution. This paper examines two designs of experiments to measure implementation time in comparison to manufacture-specific interfaces.Many issues concerning the setup are open for discussion. It becomes clear that to achieve a valid measurement, multiple experiments must be conducted at various field levels and with different experimental subjects. We want to encourage researchers to engage this dialogue and these studies. Future research will execute the presented experiments.","1946-0759","979-8-3315-5383-8","10.1109/ETFA65518.2025.11205737","","https://ieeexplore.ieee.org/stamp/stamp.jsp?arnumber=11205737","Asset Administration Shell;Digital Twin;Interoperability;Implementation;Integration","Industries;Production systems;Protocols;Standardization;Time measurement;Digital twins;Interoperability;Manufacturing automation","","","","17","IEEE","21 Oct 2025","9-12 Sept. 2025","9-12 Sept. 2025","IEEE","IEEE Conferences"
"Implementation of a Dataset Interoperability Working Group (DIWG) Recommendation Compliance Test Tool for Earth Science Data Using pytest Framework","E. G. Yu; M. S. Hegde; L. Di; P. J. T. Leonard","Center for Spatial Information Science and Systems, George Mason University, MSN 6E1, Fairfax, VA, USA; Goddard Earth Sciences Data and Information Services Center, NASA Goddard Space Flight Center, Greenbelt, MD, USA; Center for Spatial Information Science and Systems, George Mason University, MSN 6E1, Fairfax, VA, USA; ADNET Systems, Inc. and NASA Goddard Space Flight Center, Code 619, Greenbelt, MD, USA",2024 12th International Conference on Agro-Geoinformatics (Agro-Geoinformatics),"4 Sep 2024","2024","","","1","6","Improving data interoperability and adherence to standards is critical for Earth Science research and applications. The Earth Science Data Systems (ESDS) Dataset Interoperability Working Group (DIWG) has developed a set of recommendations for data producers to improve data interoperability. A compliance test tool is being developed to compare an Earth Science data file with the DIWG recommendations. This tool focuses on three main areas: checking the names of individual granules, checking metadata compliance (including variable-level metadata, granule-level metadata, and collection-level metadata), and checking data value compliance. The pytest framework, a widely used testing tool in the Python ecosystem, serves as the foundation for this compliance test tool. The compliance test tool is designed to be flexible and adaptable to various environments. It can be run in an isolated virtual environment, a container, or a virtual machine. This flexibility allows for easy integration into different workflows and systems. In addition to the core functionality, the tool also includes Web API services. These services are implemented with a predefined schema, allowing the test to be invoked in a Web environment or in a cloud computing environment. This feature enhances the accessibility and usability of the tool, making it suitable for a wide range of use cases. The tool provides comprehensive compliance reports in multiple formats, including pytest output, JSON, XML, HTML, markdown, or PDF. This feature caters to different use scenarios, making the tool versatile and user-friendly. The effectiveness of the compliance test tool is demonstrated through various case studies. These case studies make use of benchmark datasets from different sources. Some of these sources include samples from HDFGROUP and various Distributed Active Archive Centers (DAACs). A special emphasis is placed on data from the Goddard Earth Sciences Data and Information Services Center (GES DISC). In short, the study presents a comprehensive approach to ensuring data interoperability in Earth science through the implementation of a compliance test tool based on the DIWG recommendations. The tool’s effectiveness is demonstrated through case studies using benchmark datasets, highlighting its potential for widespread use in the field. The tool’s flexibility, adaptability, and comprehensive reporting capabilities make it a valuable resource for data providers aiming to adhere to the DIWG recommendations.","2995-0643","979-8-3503-8060-6","10.1109/Agro-Geoinformatics262780.2024.10660949","","https://ieeexplore.ieee.org/stamp/stamp.jsp?arnumber=10660949","Earth Science Data Systems;compliance test;metadata;standard;API","XML;Virtual environments;Information services;Geoscience;Metadata;Benchmark testing;Germanium","","","","18","IEEE","4 Sep 2024","15-18 July 2024","15-18 July 2024","IEEE","IEEE Conferences"
